rpm,throttle,egt,cht,oil_temp,map,oil_press,fuel_flow,iat,vibration,egt_residual,cht_residual,oil_press_residual,vibration_residual,label
4010.01,0.822,1040.71,504.58,200.28,26.54,51.93,15.38,50.04,1.067,47.02,28.37,1.66,0.114,OVERHEATING
4051.78,0.821,930.83,476.76,198.92,24.4,52.46,15.45,31.11,0.931,-64.38,-0.36,1.9,-0.034,EXHAUST_LEAK
3478.43,0.5988,826.56,382.98,164.5,23.33,50.32,12.25,28.51,0.812,-6.64,3.07,-0.52,0.018,NORMAL
3163.91,0.5056,757.46,335.69,185.23,21.88,20.38,10.76,28.68,1.975,-4.1,-1.24,-30.08,1.276,LUBRICATION_ISSUE
3251.9,0.5892,770.38,369.14,165.25,23.28,50.58,11.74,30.18,4.658,-45.76,-0.54,1.04,3.932,CYLINDER_MISFIRE
3464.97,0.5939,865.42,404.52,166.93,23.0,52.64,12.32,39.27,0.842,35.85,26.78,1.81,0.053,OVERHEATING
3755.6,0.7044,905.57,427.51,181.69,24.97,52.97,13.44,30.08,0.868,-4.86,1.26,2.24,-0.008,NORMAL
4157.12,0.8673,1029.43,496.55,202.09,26.92,51.2,16.23,31.64,0.882,1.21,-0.38,-0.06,-0.115,NORMAL
3190.84,0.4776,784.98,355.78,151.05,21.83,51.54,10.18,37.67,0.731,38.86,28.11,0.4,0.024,OVERHEATING
3155.55,0.4759,746.01,329.66,148.05,21.81,53.68,10.21,27.58,0.621,2.68,3.66,2.74,-0.075,NORMAL
3528.41,0.7118,872.4,426.08,179.75,25.13,49.94,13.63,30.26,3.433,-31.09,3.99,0.82,2.624,CYLINDER_MISFIRE
4003.5,0.8613,1016.33,492.35,222.42,26.94,25.7,15.81,31.3,2.403,-0.63,2.17,-24.32,1.452,LUBRICATION_ISSUE
3641.91,0.6628,881.59,410.55,175.69,24.55,50.51,13.25,28.53,0.939,1.82,2.69,-0.23,0.097,NORMAL
3614.14,0.6553,874.33,406.34,172.7,24.21,49.38,12.78,29.65,0.882,0.42,1.99,-1.32,0.048,NORMAL
3290.15,0.5221,713.33,345.88,155.53,20.72,51.37,11.1,29.46,0.771,-64.44,-0.78,0.38,0.034,EXHAUST_LEAK
3957.51,0.8449,1002.59,486.07,233.06,26.77,20.4,16.04,32.08,2.409,-2.25,3.17,-29.26,1.471,LUBRICATION_ISSUE
2987.07,0.4474,718.22,309.0,166.51,21.11,15.76,9.68,27.52,1.505,0.44,-1.67,-34.6,0.859,LUBRICATION_ISSUE
3009.71,0.5037,713.92,334.14,151.01,22.0,49.75,10.43,29.32,5.096,-38.79,2.51,0.25,4.443,CYLINDER_MISFIRE
3137.03,0.447,724.69,313.22,146.27,21.18,47.86,9.87,27.74,0.626,-0.33,-1.79,-3.49,-0.065,NORMAL
4362.73,0.9393,1080.71,528.22,198.57,28.23,55.38,17.14,32.53,1.115,-1.0,-0.81,2.48,0.056,NORMAL
3326.64,0.5176,780.1,345.99,158.21,22.24,52.34,10.79,28.96,0.742,3.22,-0.14,1.04,-0.006,NORMAL
3060.23,0.538,738.08,346.92,155.99,22.83,48.73,10.75,29.72,4.781,-37.73,1.43,-0.47,4.113,CYLINDER_MISFIRE
3714.68,0.7095,842.14,426.44,181.68,22.66,50.17,13.91,29.64,0.872,-69.28,-0.42,-0.21,0.007,EXHAUST_LEAK
3013.78,0.4561,728.14,312.56,179.81,21.52,21.88,9.8,28.18,1.81,3.77,-2.06,-28.49,1.156,LUBRICATION_ISSUE
3385.4,0.677,830.86,405.21,173.78,24.44,48.94,13.1,31.07,3.225,-44.62,-0.08,0.12,2.459,CYLINDER_MISFIRE
3759.23,0.7694,1009.52,447.61,191.0,25.83,49.45,8.84,31.37,0.852,59.9,-2.17,-0.13,-0.026,FUEL_RESTRICTION
4299.07,0.9084,1090.4,544.37,198.25,27.62,52.87,17.04,40.21,0.958,30.43,28.39,0.47,-0.081,OVERHEATING
3677.86,0.7745,910.36,449.94,189.43,25.77,49.17,14.59,30.4,4.16,-38.21,0.8,0.21,3.307,CYLINDER_MISFIRE
3698.73,0.6897,826.98,418.23,181.27,20.65,51.15,13.57,29.05,0.857,-71.79,-1.04,0.53,-0.003,EXHAUST_LEAK
3239.23,0.5018,709.8,340.45,151.69,19.51,51.14,10.69,28.45,0.721,-53.25,2.62,0.12,-0.001,EXHAUST_LEAK
3988.81,0.8848,995.02,499.97,201.06,27.42,49.95,16.17,31.49,4.324,-35.29,1.78,0.04,3.377,CYLINDER_MISFIRE
2634.03,0.3252,704.29,257.64,126.82,19.38,51.43,3.92,29.74,0.56,77.46,1.55,1.16,0.02,FUEL_RESTRICTION
3414.86,0.6457,931.83,399.13,171.33,23.64,48.62,6.89,30.21,0.771,73.67,4.24,-0.95,-0.003,FUEL_RESTRICTION
2826.85,0.3265,676.55,280.35,125.75,19.65,50.87,7.72,36.14,0.597,39.31,18.01,-0.62,-0.002,OVERHEATING
4040.75,0.8903,1033.82,507.11,232.49,27.5,24.77,16.55,34.21,2.263,-2.41,5.37,-25.56,1.3,LUBRICATION_ISSUE
3342.41,0.5498,799.06,357.87,158.16,23.16,50.03,11.59,30.7,0.69,2.05,-0.33,-0.8,-0.063,NORMAL
3490.23,0.6268,794.1,393.52,173.21,21.46,50.9,12.55,31.22,0.741,-56.47,3.18,0.49,-0.056,EXHAUST_LEAK
4183.43,0.9226,1062.13,515.6,224.89,27.86,31.47,16.98,33.64,2.056,-0.61,-2.04,-20.0,1.051,LUBRICATION_ISSUE
3359.25,0.6497,827.9,392.53,169.4,24.08,49.37,12.67,31.07,3.918,-29.89,-2.15,0.23,3.16,CYLINDER_MISFIRE
4078.32,0.8985,1042.7,502.82,234.39,27.32,18.49,16.35,33.0,1.801,-0.31,-2.98,-32.14,0.828,LUBRICATION_ISSUE
3611.12,0.6844,892.18,413.67,194.4,24.57,24.16,13.76,31.99,2.034,0.98,-1.05,-25.99,1.2,LUBRICATION_ISSUE
4037.15,0.8094,983.82,472.26,198.03,26.62,50.68,15.42,30.73,0.915,-3.69,-0.24,0.0,-0.046,NORMAL
3565.48,0.6359,862.66,397.43,171.52,24.18,50.24,12.66,27.31,0.836,2.87,1.56,-0.49,0.016,NORMAL
2831.18,0.3476,598.4,267.1,131.76,16.99,49.72,8.42,27.54,0.62,-51.69,-2.95,-1.43,0.02,EXHAUST_LEAK
4203.17,0.9491,1145.06,528.96,202.41,28.09,53.3,12.56,31.31,1.056,65.44,1.19,1.67,0.045,FUEL_RESTRICTION
3076.41,0.4324,672.7,311.09,143.0,19.39,50.92,9.83,28.86,0.625,-40.56,3.14,-0.3,-0.047,EXHAUST_LEAK
3466.56,0.6663,827.68,406.18,175.35,24.48,51.12,12.86,30.73,3.788,-45.44,2.31,1.58,2.998,CYLINDER_MISFIRE
3739.2,0.6661,845.52,409.93,176.96,22.59,52.61,13.16,30.23,0.831,-41.13,-2.06,1.3,-0.04,EXHAUST_LEAK
3016.58,0.414,736.68,331.27,139.33,20.89,52.86,9.42,43.72,0.663,37.45,31.73,1.71,0.008,OVERHEATING
3839.08,0.7282,931.38,438.25,185.67,24.86,51.36,14.17,31.04,0.851,2.5,0.92,0.52,-0.051,NORMAL
4012.02,0.8149,989.04,471.95,197.86,26.34,49.79,15.32,32.32,0.968,-0.52,-1.79,-0.62,0.015,NORMAL
2795.68,0.3162,629.42,257.37,124.56,19.55,51.14,7.89,27.94,0.597,-0.11,-0.34,-0.34,0.008,NORMAL
3653.8,0.6874,893.25,419.69,176.93,24.79,51.74,13.44,29.36,0.841,-1.89,2.6,1.36,-0.005,NORMAL
3582.46,0.6327,782.87,392.4,172.45,21.17,50.09,12.6,30.0,0.805,-75.9,-2.86,-0.81,-0.02,EXHAUST_LEAK
3751.64,0.7151,856.29,429.63,184.4,22.48,50.1,13.91,29.78,0.881,-60.33,-0.34,-0.41,0.005,EXHAUST_LEAK
2601.32,0.3117,691.18,249.32,122.63,19.36,52.24,2.36,28.31,0.609,74.11,-0.93,1.94,0.078,FUEL_RESTRICTION
2958.99,0.3776,610.83,284.86,137.74,16.85,51.72,9.05,27.49,0.666,-63.7,0.15,0.28,0.028,EXHAUST_LEAK
3708.16,0.6952,860.41,423.9,180.53,22.29,51.43,13.45,32.51,0.81,-42.14,2.36,0.84,-0.052,EXHAUST_LEAK
3058.98,0.4067,724.13,316.91,136.83,20.83,51.55,9.47,46.29,0.67,27.14,18.71,-0.01,0.003,OVERHEATING
3675.39,0.7367,994.7,433.12,184.66,25.2,50.33,10.69,29.3,0.809,68.93,-2.34,0.7,-0.044,FUEL_RESTRICTION
3875.4,0.8299,1037.22,474.46,200.3,26.55,49.56,10.24,32.97,0.942,45.49,-0.58,0.31,0.03,FUEL_RESTRICTION
3109.29,0.5185,765.52,337.22,178.02,22.25,22.54,10.6,28.91,2.463,-1.07,-2.74,-27.34,1.78,LUBRICATION_ISSUE
2663.74,0.3671,617.95,272.61,134.78,20.23,49.58,8.63,27.66,3.781,-35.51,0.53,-0.13,3.232,CYLINDER_MISFIRE
2887.65,0.4002,741.03,287.26,135.58,20.19,51.31,5.37,28.07,0.605,56.53,-3.44,0.74,-0.012,FUEL_RESTRICTION
3741.88,0.6852,925.12,439.79,178.02,24.69,50.19,13.65,48.29,0.83,26.92,20.87,-0.8,-0.042,OVERHEATING
2989.21,0.4057,633.59,297.99,139.08,18.56,49.28,9.33,28.11,0.653,-59.28,2.27,-1.85,0.006,EXHAUST_LEAK
4155.7,0.86,952.09,491.32,200.64,25.22,53.08,15.98,32.21,0.963,-71.69,-2.95,1.83,-0.034,EXHAUST_LEAK
3106.24,0.4446,651.34,312.62,143.79,17.74,50.83,10.04,29.49,0.697,-70.76,-0.64,-0.36,0.015,EXHAUST_LEAK
3112.32,0.4458,771.13,328.27,145.91,21.28,53.91,9.91,41.59,0.791,48.02,14.4,2.71,0.107,OVERHEATING
3884.97,0.756,947.8,448.5,191.4,25.37,49.73,14.69,30.57,0.952,-0.06,-0.21,-0.92,0.036,NORMAL
2841.21,0.3402,596.25,263.87,127.89,15.85,52.49,8.28,26.51,0.606,-49.96,-3.85,1.15,0.004,EXHAUST_LEAK
3897.66,0.8539,1055.58,484.47,200.36,27.2,47.83,11.53,32.89,1.02,48.35,0.12,-1.35,0.101,FUEL_RESTRICTION
2676.26,0.3232,626.18,256.35,141.97,19.62,16.52,7.92,27.99,1.451,-1.56,-0.29,-34.06,0.898,LUBRICATION_ISSUE
2671.07,0.3186,625.36,253.33,144.19,19.59,17.47,7.93,27.62,1.985,0.62,-1.51,-33.15,1.434,LUBRICATION_ISSUE
3995.06,0.8596,1063.75,489.66,199.81,26.99,49.09,11.59,31.49,0.932,48.22,0.34,-0.87,-0.016,FUEL_RESTRICTION
3929.9,0.76,988.12,477.77,190.55,25.66,51.96,14.69,42.54,0.876,35.64,26.28,1.1,-0.053,OVERHEATING
4076.36,0.8386,1009.97,481.88,197.95,26.88,50.62,15.92,30.0,0.917,3.02,-2.29,0.01,-0.056,NORMAL
2876.37,0.3698,668.1,278.29,134.42,19.93,52.78,8.7,27.48,0.601,2.38,-1.14,1.74,-0.012,NORMAL
2761.65,0.3813,669.13,282.03,166.27,20.51,21.11,8.52,29.62,2.245,2.29,1.92,-28.98,1.667,LUBRICATION_ISSUE
3672.39,0.6841,896.42,418.48,178.21,24.67,50.01,13.65,30.76,0.815,2.36,2.05,-0.55,-0.037,NORMAL
3353.97,0.6172,888.19,384.98,166.8,23.7,48.53,9.0,30.88,0.709,50.19,2.17,-1.16,-0.047,FUEL_RESTRICTION
3808.77,0.7873,1039.36,457.72,192.3,26.12,49.7,11.07,32.79,0.855,76.52,0.01,0.12,-0.038,FUEL_RESTRICTION
3618.13,0.713,972.7,423.69,181.62,25.07,50.12,8.1,31.21,0.903,64.0,-1.53,0.44,0.067,FUEL_RESTRICTION
3681.55,0.6795,893.7,412.04,179.93,24.31,50.24,13.41,32.03,0.979,1.95,-3.01,-0.46,0.124,NORMAL
2994.72,0.4168,701.4,300.06,138.68,20.84,49.13,9.58,28.17,0.693,1.6,0.18,-1.84,0.045,NORMAL
2736.79,0.3758,634.21,277.99,131.83,20.2,50.99,8.77,26.76,4.308,-28.08,0.61,0.96,3.737,CYLINDER_MISFIRE
4237.33,0.9067,1054.56,514.86,200.14,27.73,50.74,16.76,33.16,0.957,-1.35,1.31,-1.16,-0.064,NORMAL
4082.75,0.8252,942.78,476.25,202.37,25.26,49.43,15.82,33.13,0.906,-56.49,-3.31,-1.26,-0.069,EXHAUST_LEAK
3707.86,0.666,835.3,412.24,176.65,22.33,51.15,13.08,30.69,0.858,-49.69,1.24,0.04,-0.005,EXHAUST_LEAK
4180.6,0.9404,1069.84,527.38,224.91,28.08,28.37,17.38,32.37,2.551,-3.44,3.41,-23.08,1.547,LUBRICATION_ISSUE
2854.34,0.4016,681.9,290.09,158.45,20.9,24.86,9.05,28.06,2.291,-1.8,-0.12,-25.46,1.685,LUBRICATION_ISSUE
3769.8,0.7784,952.91,449.58,212.5,26.04,31.86,14.64,33.05,2.402,-2.65,-3.76,-17.63,1.521,LUBRICATION_ISSUE
2533.28,0.3358,578.99,254.91,124.52,19.71,49.93,7.84,27.71,4.736,-49.17,-1.99,0.51,4.226,CYLINDER_MISFIRE
4379.82,0.9312,1079.24,526.37,198.94,28.09,51.95,17.25,32.84,1.055,1.5,-0.27,-1.09,-0.009,NORMAL
4163.1,0.8497,1014.14,492.15,202.47,27.1,49.06,15.89,31.6,1.039,-3.85,1.36,-2.24,0.04,NORMAL
3681.97,0.7421,995.8,435.62,184.8,25.52,48.21,10.24,31.35,0.829,66.44,-1.99,-1.36,-0.026,FUEL_RESTRICTION
2978.33,0.3878,720.14,311.16,136.36,20.15,50.78,9.13,44.82,0.729,38.54,22.21,-0.6,0.086,OVERHEATING
3647.15,0.6534,904.81,428.35,174.03,24.06,49.9,13.21,43.2,0.815,30.4,23.7,-1.05,-0.029,OVERHEATING
3452.77,0.5765,820.99,369.44,164.53,23.0,50.93,11.88,29.0,0.794,2.47,-1.67,-0.14,0.008,NORMAL
3720.82,0.684,895.05,420.06,179.39,24.36,50.01,13.57,29.89,0.875,-1.42,2.18,-0.86,0.009,NORMAL
2944.61,0.4505,717.3,310.52,173.1,21.18,25.13,9.84,27.84,1.574,-0.25,-0.0,-24.9,0.94,LUBRICATION_ISSUE
3259.65,0.5153,812.26,364.24,154.95,22.17,50.16,11.07,41.86,0.733,40.09,20.93,-0.76,0.005,OVERHEATING
3353.3,0.6555,819.29,391.77,171.27,24.22,49.46,12.59,30.72,4.575,-41.7,-4.83,0.47,3.819,CYLINDER_MISFIRE
3419.22,0.5605,760.52,363.17,161.72,19.07,54.01,11.32,29.36,0.775,-46.74,-1.19,2.88,-0.001,EXHAUST_LEAK
3871.38,0.752,992.98,467.03,190.01,25.71,51.13,14.49,42.99,0.89,48.23,20.18,0.5,-0.022,OVERHEATING
3560.25,0.669,925.26,409.03,173.6,24.02,48.64,8.75,29.83,0.85,45.83,1.37,-1.46,0.032,FUEL_RESTRICTION
3365.04,0.6062,829.71,377.38,195.97,23.27,29.91,12.2,29.77,2.186,-2.24,-1.79,-20.05,1.426,LUBRICATION_ISSUE
3729.85,0.6992,843.03,424.63,181.05,22.41,49.17,13.66,30.42,0.837,-62.99,1.02,-1.49,-0.032,EXHAUST_LEAK
3392.87,0.5589,841.32,392.24,159.25,22.8,53.41,11.6,37.7,0.788,36.31,29.23,2.42,0.02,OVERHEATING
3146.64,0.5246,776.35,343.87,181.83,22.02,16.8,10.84,29.84,2.363,4.25,0.61,-33.21,1.669,LUBRICATION_ISSUE
3537.24,0.6727,882.89,408.15,203.51,24.57,28.33,13.15,29.14,1.631,2.43,-0.13,-21.55,0.82,LUBRICATION_ISSUE
3384.29,0.6615,813.35,397.55,174.53,24.5,50.49,12.7,30.13,4.505,-52.75,-2.11,1.4,3.74,CYLINDER_MISFIRE
4013.97,0.8825,1035.96,498.6,228.28,27.57,28.23,16.31,31.64,2.14,5.75,0.47,-21.88,1.186,LUBRICATION_ISSUE
3095.54,0.4433,653.61,314.57,140.98,17.35,51.9,9.87,27.92,0.763,-67.15,2.11,0.76,0.084,EXHAUST_LEAK
4170.08,0.8665,1026.73,497.8,202.35,27.12,50.69,16.48,30.77,0.913,-1.68,0.75,-0.67,-0.088,NORMAL
3563.69,0.6991,889.61,417.51,195.8,24.8,26.42,13.41,31.14,2.243,-8.02,-1.07,-23.16,1.424,LUBRICATION_ISSUE
3708.1,0.687,896.97,420.44,181.98,24.88,49.43,13.46,30.22,0.882,-0.65,1.87,-1.31,0.02,NORMAL
4332.58,0.928,1071.94,525.15,199.65,27.95,53.15,17.04,33.62,1.043,-1.5,1.09,0.49,-0.006,NORMAL
4028.52,0.8077,1024.67,495.53,192.21,26.56,49.41,15.25,43.61,0.975,38.62,23.89,-1.23,0.016,OVERHEATING
3058.49,0.4499,757.1,338.15,144.91,21.27,52.03,9.97,46.32,0.645,34.25,24.44,1.25,-0.022,OVERHEATING
3520.21,0.6175,800.02,387.72,170.44,20.01,51.34,12.47,29.46,0.795,-46.51,-0.2,0.58,-0.011,EXHAUST_LEAK
3036.8,0.4162,741.34,330.33,138.99,20.56,51.06,9.36,39.82,0.632,39.79,29.4,-0.19,-0.029,OVERHEATING
2980.4,0.3947,628.23,288.9,137.43,18.08,54.67,9.07,27.59,0.658,-57.6,-2.6,3.4,0.014,EXHAUST_LEAK
3270.07,0.5229,729.74,345.14,153.71,18.48,49.51,11.08,29.48,0.741,-47.53,-1.22,-1.33,0.01,EXHAUST_LEAK
4272.56,0.8952,1008.78,512.59,200.37,24.7,50.97,16.65,31.39,1.089,-41.97,2.15,-1.21,0.057,EXHAUST_LEAK
2787.5,0.4181,657.63,294.07,139.68,20.68,48.49,9.25,27.26,3.141,-32.63,-0.08,-1.1,2.555,CYLINDER_MISFIRE
4225.91,0.9055,1015.68,515.2,199.18,24.7,51.81,16.96,33.38,1.017,-38.92,2.43,0.0,-0.001,EXHAUST_LEAK
3436.99,0.5736,817.41,369.36,163.34,22.7,49.77,11.97,29.76,0.765,1.41,-0.24,-1.25,-0.016,NORMAL
3168.04,0.5403,857.78,352.62,154.55,22.95,50.66,6.1,28.78,0.669,75.2,3.07,0.8,-0.031,FUEL_RESTRICTION
3276.6,0.5174,809.77,367.93,155.13,22.38,49.25,10.91,43.55,0.616,35.49,23.36,-1.74,-0.117,OVERHEATING
3367.29,0.6317,890.12,387.53,167.4,23.95,50.57,8.91,30.09,0.795,42.71,-0.92,1.06,0.035,FUEL_RESTRICTION
3632.51,0.7408,976.86,439.36,188.5,25.35,45.64,10.96,31.94,0.8,50.75,3.69,-3.64,-0.04,FUEL_RESTRICTION
3754.81,0.7151,878.77,430.15,183.64,22.94,51.38,13.9,31.91,0.909,-38.04,0.07,0.84,0.033,EXHAUST_LEAK
2902.27,0.425,743.64,301.28,140.49,20.72,53.52,4.63,28.5,0.741,43.53,1.22,3.31,0.12,FUEL_RESTRICTION
2783.35,0.3119,657.23,269.86,126.16,19.86,51.07,7.95,45.02,0.546,30.91,14.07,-0.41,-0.039,OVERHEATING
3988.82,0.8143,910.77,470.85,198.12,23.76,51.16,15.26,32.27,1.023,-77.23,-1.95,0.89,0.076,EXHAUST_LEAK
4323.27,0.9259,1026.31,522.99,198.94,25.62,51.76,17.37,33.1,1.055,-45.37,-0.01,-0.82,0.008,EXHAUST_LEAK
3299.89,0.521,779.21,347.41,155.1,22.04,51.69,10.89,30.92,0.763,1.61,0.86,0.62,0.023,NORMAL
3975.05,0.8047,983.2,468.53,195.98,26.49,51.34,15.36,32.48,0.943,1.64,-0.4,0.99,0.001,NORMAL
3746.34,0.7075,936.34,452.38,179.47,24.99,51.99,13.71,41.57,0.872,24.53,25.3,1.37,-0.002,OVERHEATING
3811.53,0.7847,964.47,458.42,223.29,25.68,28.86,14.85,31.3,2.644,3.08,1.59,-20.8,1.75,LUBRICATION_ISSUE
3245.31,0.5013,766.75,340.27,152.1,21.66,50.39,10.62,28.48,0.696,3.73,2.46,-0.68,-0.028,NORMAL
3639.92,0.6466,814.82,405.78,174.31,22.19,51.49,12.83,28.3,0.865,-55.12,3.82,0.47,0.023,EXHAUST_LEAK
3247.8,0.5942,779.9,372.92,160.46,23.12,50.23,11.69,29.13,4.486,-38.98,1.59,0.82,3.761,CYLINDER_MISFIRE
2905.37,0.359,701.16,304.81,133.64,20.07,51.14,8.58,43.64,0.633,40.48,28.41,-0.29,0.011,OVERHEATING
3087.09,0.4245,712.4,305.45,141.54,20.92,52.98,9.48,29.45,0.685,3.36,0.03,1.55,0.008,NORMAL
4104.15,0.9148,1057.25,510.1,223.27,27.5,19.0,16.72,33.87,2.712,3.2,-2.34,-31.83,1.731,LUBRICATION_ISSUE
3558.89,0.6353,909.26,412.66,171.5,23.87,49.88,12.55,41.79,0.812,50.15,17.19,-0.82,-0.006,OVERHEATING
2953.17,0.3755,667.7,284.69,133.27,20.13,50.11,8.96,28.81,0.637,-5.27,0.91,-1.32,0.001,NORMAL
3411.29,0.6526,917.6,395.08,173.07,24.06,47.99,9.69,29.45,0.812,55.45,-2.21,-1.44,0.039,FUEL_RESTRICTION
3572.83,0.6888,896.36,410.62,211.61,24.43,14.94,13.2,30.52,1.653,4.46,-4.52,-34.88,0.831,LUBRICATION_ISSUE
3739.19,0.7908,913.08,452.65,196.56,26.41,48.4,14.93,30.77,4.562,-48.38,-4.22,-0.67,3.69,CYLINDER_MISFIRE
3481.86,0.591,833.26,374.95,164.45,23.29,50.4,11.99,29.39,0.847,4.6,-2.25,-0.59,0.053,NORMAL
3402.63,0.5612,829.2,380.08,157.08,22.8,52.12,11.46,46.31,0.817,22.37,15.99,1.1,0.046,OVERHEATING
3580.44,0.686,951.63,414.17,177.95,24.51,49.15,7.54,31.24,0.806,61.01,-0.21,-0.77,-0.018,FUEL_RESTRICTION
2937.4,0.44,715.06,307.88,168.75,20.84,31.06,9.59,26.97,2.287,4.21,1.37,-19.11,1.656,LUBRICATION_ISSUE
2735.11,0.3119,668.24,275.65,124.5,19.07,52.17,8.09,38.08,0.551,44.33,21.3,1.01,-0.019,OVERHEATING
4169.24,0.9429,1145.66,523.18,199.99,27.87,49.97,11.61,33.26,1.007,71.45,-1.34,-1.39,0.006,FUEL_RESTRICTION
4251.07,0.8951,1048.95,512.01,199.88,27.44,53.07,16.43,32.56,0.984,-0.64,2.26,1.06,-0.042,NORMAL
3537.18,0.6112,874.84,403.79,168.6,23.52,50.33,12.72,45.06,0.851,31.28,17.66,-0.66,0.04,OVERHEATING
3433.12,0.5741,768.8,369.33,161.34,19.21,51.06,11.76,29.76,0.715,-47.29,-0.32,0.07,-0.065,EXHAUST_LEAK
3687.98,0.6749,934.93,440.81,180.32,24.41,49.3,13.22,43.52,0.871,45.57,27.2,-1.52,0.014,OVERHEATING
3713.44,0.6889,895.87,417.28,181.23,24.99,50.61,13.5,30.57,0.911,-3.16,-2.14,-0.13,0.046,NORMAL
3004.05,0.4659,723.73,315.45,169.61,21.48,17.28,9.97,27.55,2.192,-6.04,-2.41,-32.86,1.54,LUBRICATION_ISSUE
4012.26,0.8859,1000.86,496.86,199.22,27.54,49.86,16.18,33.18,4.004,-31.3,-2.44,-0.24,3.051,CYLINDER_MISFIRE
3099.78,0.5198,840.68,337.37,150.46,21.98,48.83,7.36,28.84,0.708,73.78,-2.77,-0.96,0.028,FUEL_RESTRICTION
2874.83,0.3703,710.45,304.82,132.67,20.14,50.94,8.71,37.68,0.516,44.53,25.27,-0.08,-0.097,OVERHEATING
3325.92,0.5243,781.47,349.92,153.98,22.11,52.56,11.13,29.62,0.709,0.59,1.39,1.38,-0.039,NORMAL
3222.17,0.4985,711.64,336.58,152.05,19.25,51.44,10.62,29.14,0.687,-48.55,0.47,0.47,-0.03,EXHAUST_LEAK
3468.17,0.6054,765.21,383.64,168.58,21.19,48.22,12.28,29.64,0.83,-71.47,1.64,-2.42,0.04,EXHAUST_LEAK
3930.62,0.7742,959.23,457.56,190.71,25.9,51.53,14.99,31.11,0.921,-1.81,0.94,0.92,-0.008,NORMAL
2814.94,0.3236,681.91,281.66,127.82,19.51,51.38,8.26,38.62,0.669,47.03,20.73,-0.09,0.075,OVERHEATING
4004.13,0.7983,982.23,465.38,197.33,26.03,53.24,15.43,31.3,0.913,3.05,-2.13,2.58,-0.039,NORMAL
3321.22,0.523,722.12,346.56,156.79,18.51,51.17,10.89,28.12,0.76,-57.73,-1.35,-0.01,0.014,EXHAUST_LEAK
3261.53,0.6135,789.53,376.81,169.37,23.52,50.02,12.08,29.73,3.525,-41.64,-1.89,0.86,2.796,CYLINDER_MISFIRE
3515.08,0.6781,965.79,409.15,177.98,24.27,50.22,9.94,31.15,0.786,83.18,-0.41,0.57,-0.018,FUEL_RESTRICTION
3548.49,0.7144,961.26,426.1,183.11,24.92,50.71,8.25,31.49,0.817,55.2,2.46,1.5,0.002,FUEL_RESTRICTION
3109.01,0.5324,734.56,343.75,155.02,22.32,49.2,10.94,29.08,4.092,-40.34,-1.19,-0.43,3.41,CYLINDER_MISFIRE
3791.21,0.7793,954.46,453.93,224.76,25.86,16.59,14.47,32.45,2.129,-2.71,-0.37,-33.03,1.242,LUBRICATION_ISSUE
3474.22,0.6924,852.33,414.47,180.13,24.67,50.18,12.93,29.77,4.319,-36.83,0.97,1.06,3.526,CYLINDER_MISFIRE
3046.72,0.4151,703.69,301.43,141.39,20.96,50.97,9.51,26.92,0.649,2.3,0.6,-0.36,-0.015,NORMAL
2935.07,0.4638,803.84,316.37,144.29,21.61,48.15,5.56,28.22,0.634,78.84,1.36,-1.58,0.003,FUEL_RESTRICTION
3986.82,0.8657,1088.3,487.09,199.82,27.0,50.29,12.26,32.4,0.929,69.54,-4.16,0.39,-0.017,FUEL_RESTRICTION
3860.99,0.7353,886.52,440.59,186.7,23.5,52.65,13.9,31.29,0.907,-47.7,0.06,1.79,-0.001,EXHAUST_LEAK
3759.17,0.8054,943.12,461.03,194.16,26.07,46.89,14.99,31.04,4.566,-28.05,-1.67,-2.05,3.688,CYLINDER_MISFIRE
3127.29,0.4973,750.05,330.7,174.79,22.01,20.13,10.66,28.08,2.382,-4.67,-2.14,-30.24,1.693,LUBRICATION_ISSUE
4035.27,0.8153,937.19,477.44,199.73,22.64,50.34,15.45,32.1,0.96,-53.73,2.88,-0.22,-0.0,EXHAUST_LEAK
3488.01,0.6319,854.46,393.46,191.93,23.98,22.65,12.62,30.05,2.083,0.93,1.34,-27.65,1.286,LUBRICATION_ISSUE
3185.99,0.4853,677.15,333.39,150.6,18.59,49.42,10.44,27.82,0.693,-73.3,3.12,-1.56,-0.012,EXHAUST_LEAK
3981.93,0.7945,1017.5,488.07,195.38,25.9,48.45,15.12,48.26,0.982,41.73,22.6,-2.14,0.037,OVERHEATING
3824.65,0.7332,972.01,461.43,185.7,25.18,49.32,14.34,41.1,0.934,40.87,22.75,-1.34,0.037,OVERHEATING
3746.45,0.7038,864.98,427.78,181.6,21.29,51.84,13.85,30.86,0.822,-44.6,2.03,1.15,-0.052,EXHAUST_LEAK
3055.36,0.4848,745.61,327.65,170.42,21.62,22.48,10.32,27.74,2.438,1.97,1.46,-27.65,1.772,LUBRICATION_ISSUE
3992.77,0.8917,1010.63,500.76,200.04,27.56,50.19,16.27,31.69,3.743,-24.02,-0.03,0.25,2.795,CYLINDER_MISFIRE
2593.5,0.3023,612.18,245.48,156.21,19.5,18.77,7.5,27.17,2.285,1.14,-1.15,-31.65,1.757,LUBRICATION_ISSUE
3935.47,0.7633,1001.55,474.51,193.21,25.91,49.14,14.71,40.45,0.955,46.82,21.67,-1.7,0.025,OVERHEATING
3342.05,0.6268,790.85,388.44,169.0,23.7,50.62,12.58,31.46,5.103,-52.31,2.54,1.18,4.35,CYLINDER_MISFIRE
2764.9,0.3904,625.49,283.93,135.84,20.3,51.28,8.94,30.89,3.588,-47.02,0.42,1.34,3.008,CYLINDER_MISFIRE
4083.86,0.8961,1114.99,503.13,199.84,27.37,48.31,11.39,31.96,1.032,73.15,-1.97,-2.36,0.057,FUEL_RESTRICTION
4075.6,0.8204,1039.69,505.33,197.57,26.34,51.8,15.66,49.51,0.952,43.64,27.7,1.07,-0.021,OVERHEATING
3993.5,0.8748,1024.16,492.36,234.24,27.09,28.19,16.36,30.67,2.482,-0.42,-2.38,-21.76,1.534,LUBRICATION_ISSUE
3557.68,0.6838,951.81,410.7,178.51,24.41,49.3,8.2,30.55,0.814,63.66,-2.19,-0.51,-0.003,FUEL_RESTRICTION
3277.32,0.5217,729.71,349.63,157.13,18.7,51.53,10.85,28.51,0.703,-47.19,3.48,0.62,-0.03,EXHAUST_LEAK
3819.91,0.8298,952.23,475.21,199.3,26.73,49.8,15.4,31.3,5.208,-36.68,1.87,0.91,4.312,CYLINDER_MISFIRE
3466.3,0.6533,861.62,400.75,193.86,23.95,22.41,12.84,28.77,1.712,-3.67,1.58,-27.36,0.922,LUBRICATION_ISSUE
3617.31,0.7509,882.69,440.67,184.82,25.12,51.13,14.25,30.64,4.628,-48.72,1.83,2.13,3.793,CYLINDER_MISFIRE
4039.22,0.8857,1096.05,501.07,199.5,27.36,49.11,10.5,31.65,0.918,62.68,1.05,-1.21,-0.044,FUEL_RESTRICTION
2908.42,0.3673,702.12,300.15,133.43,20.26,51.25,8.64,41.39,0.598,36.32,20.67,-0.04,-0.024,OVERHEATING
3992.27,0.7934,925.1,467.86,194.73,22.68,51.69,14.91,31.57,0.984,-50.58,2.45,1.03,0.036,EXHAUST_LEAK
3521.11,0.5929,828.79,376.95,168.01,23.22,51.14,12.2,30.61,0.793,-2.99,-2.12,-0.08,-0.013,NORMAL
2934.66,0.455,783.25,311.46,142.63,21.17,49.47,6.05,28.82,0.618,63.54,-0.37,-0.42,-0.013,FUEL_RESTRICTION
4006.18,0.813,988.08,477.6,199.14,26.29,52.31,15.31,30.97,1.008,-0.01,4.75,1.9,0.056,NORMAL
4248.22,0.8981,1049.51,509.91,200.88,27.62,52.13,16.56,33.74,1.005,-1.78,-0.86,0.15,-0.019,NORMAL
2940.12,0.447,717.62,308.89,167.78,21.09,15.09,9.75,30.06,1.741,2.42,-0.23,-34.97,1.109,LUBRICATION_ISSUE
3178.28,0.4694,667.42,325.13,147.05,18.81,50.26,10.2,26.85,0.674,-73.11,0.81,-0.95,-0.03,EXHAUST_LEAK
3376.63,0.6252,847.26,385.17,201.1,23.69,31.68,12.02,29.06,2.144,3.29,-1.22,-18.01,1.381,LUBRICATION_ISSUE
2671.8,0.3259,633.09,253.49,147.42,19.89,31.98,8.14,27.6,1.853,3.94,-4.0,-18.52,1.302,LUBRICATION_ISSUE
3764.2,0.79,1034.95,455.91,194.54,26.04,48.88,10.41,31.83,0.883,72.75,-1.41,-0.36,0.003,FUEL_RESTRICTION
2561.79,0.3052,681.4,245.27,122.2,19.08,49.63,1.62,26.97,0.485,70.18,-1.46,-0.53,-0.033,FUEL_RESTRICTION
3619.03,0.6515,829.88,400.71,170.89,21.72,49.1,13.02,30.33,0.841,-41.96,-2.39,-1.69,0.005,EXHAUST_LEAK
3724.82,0.8048,937.24,459.51,195.06,26.14,50.09,14.91,30.9,5.168,-31.87,-1.96,1.37,4.3,CYLINDER_MISFIRE
3631.01,0.6792,894.69,413.55,175.38,24.33,47.82,13.16,30.32,0.9,5.64,0.12,-2.56,0.061,NORMAL
3520.88,0.6951,856.66,414.45,177.44,24.81,47.72,13.25,31.19,4.136,-36.44,-1.41,-1.66,3.329,CYLINDER_MISFIRE
3160.43,0.4727,674.83,324.9,147.71,18.92,49.43,10.3,27.77,0.684,-66.83,-0.1,-1.6,-0.014,EXHAUST_LEAK
3931.21,0.8398,997.43,485.67,227.7,26.64,17.89,15.75,32.44,2.456,-3.03,5.39,-31.56,1.526,LUBRICATION_ISSUE
2883.55,0.4224,698.3,298.43,164.6,20.83,32.32,9.29,27.48,2.37,0.65,-0.16,-17.82,1.755,LUBRICATION_ISSUE
4001.17,0.7961,1010.3,495.03,194.6,25.85,50.92,14.94,47.12,1.009,32.6,28.4,0.24,0.058,OVERHEATING
3766.66,0.7147,865.24,427.59,186.03,21.95,51.88,13.78,31.91,0.869,-51.92,-2.71,1.26,-0.011,EXHAUST_LEAK
3722.61,0.7397,927.4,440.98,205.01,25.4,22.84,14.23,30.18,2.094,-2.57,3.0,-27.04,1.227,LUBRICATION_ISSUE
3699.15,0.6774,892.83,417.6,178.16,24.37,51.86,13.34,29.56,0.809,1.42,2.76,1.01,-0.051,NORMAL
3504.14,0.6134,888.96,414.46,168.52,23.51,49.76,12.48,38.84,0.744,45.74,28.53,-0.98,-0.057,OVERHEATING
4089.02,0.8868,1038.99,501.02,220.22,27.38,18.77,16.02,33.14,2.243,2.43,-0.91,-31.94,1.266,LUBRICATION_ISSUE
4316.96,0.9385,1006.32,526.53,197.56,26.16,53.5,17.32,33.96,1.035,-72.65,-0.85,0.96,-0.01,EXHAUST_LEAK
4317.52,0.9492,1022.94,532.03,197.69,25.63,51.6,17.32,32.34,1.054,-62.48,0.78,-0.94,0.008,EXHAUST_LEAK
3112.27,0.4541,727.79,316.57,146.77,21.36,51.42,10.05,28.83,0.712,-0.28,-0.27,0.36,0.028,NORMAL
3114.18,0.5169,841.32,337.56,151.32,22.44,50.73,7.27,28.33,0.696,75.49,-1.93,0.8,0.012,FUEL_RESTRICTION
3996.51,0.7767,1007.65,483.55,191.95,25.5,53.69,14.84,47.82,0.919,41.83,24.06,2.69,-0.03,OVERHEATING
3259.93,0.4954,688.11,337.05,150.28,19.7,50.02,10.5,28.39,0.764,-72.12,0.91,-1.25,0.036,EXHAUST_LEAK
3187.73,0.4688,683.56,323.61,147.44,19.7,51.45,10.36,29.19,0.707,-57.09,-0.78,0.17,0.001,EXHAUST_LEAK
3996.67,0.9131,1020.89,510.18,202.79,27.43,49.39,16.47,32.93,4.175,-26.79,1.58,-0.58,3.226,CYLINDER_MISFIRE
3153.71,0.5345,842.07,348.31,156.83,22.66,50.81,6.72,29.41,0.739,63.69,1.28,0.93,0.043,FUEL_RESTRICTION
3321.05,0.5147,775.49,346.77,155.79,22.5,51.68,11.05,28.54,0.77,0.63,1.86,0.35,0.023,NORMAL
3161.12,0.5206,773.61,341.49,178.21,22.48,21.34,11.15,30.09,1.778,3.18,-0.77,-28.84,1.08,LUBRICATION_ISSUE
4393.07,0.9454,1087.2,530.6,200.04,28.34,54.89,17.55,34.29,1.037,0.29,-1.55,1.74,-0.031,NORMAL
3651.47,0.7555,886.29,442.58,189.16,25.89,49.68,14.42,30.32,4.655,-49.59,1.05,0.54,3.81,CYLINDER_MISFIRE
2994.94,0.4702,792.36,319.81,147.73,21.36,52.06,4.12,28.17,0.727,60.49,0.68,2.06,0.079,FUEL_RESTRICTION
4221.44,0.898,1045.7,511.92,200.27,27.62,51.03,16.53,30.22,1.007,-4.18,1.98,-0.75,-0.009,NORMAL
2977.64,0.4503,713.15,311.74,173.02,21.05,23.83,9.75,28.43,2.232,-5.94,0.29,-26.41,1.589,LUBRICATION_ISSUE
4182.96,0.8827,992.71,503.35,199.61,24.47,53.03,16.14,33.39,1.046,-46.08,0.08,1.57,0.041,EXHAUST_LEAK
2619.42,0.3229,625.17,255.13,157.21,19.3,14.88,7.89,26.83,2.248,0.44,0.29,-35.34,1.713,LUBRICATION_ISSUE
2739.3,0.3432,645.13,269.01,149.26,19.68,32.98,8.32,27.62,1.385,2.25,3.28,-17.65,0.813,LUBRICATION_ISSUE
3423.3,0.6507,831.58,397.61,173.19,23.97,50.79,12.63,29.67,3.633,-30.03,0.64,1.25,2.856,CYLINDER_MISFIRE
3187.86,0.53,780.02,349.67,178.38,22.4,29.87,10.83,29.42,1.903,2.6,3.22,-20.31,1.197,LUBRICATION_ISSUE
3145.69,0.4543,764.61,342.41,144.69,21.65,52.99,9.89,38.85,0.647,34.78,24.51,1.72,-0.047,OVERHEATING
3944.78,0.777,996.67,481.04,192.16,26.02,51.94,14.98,42.07,0.89,33.22,22.97,1.29,-0.044,OVERHEATING
3727.92,0.7946,930.96,458.17,192.24,25.72,48.85,14.87,30.98,3.718,-32.19,0.28,-0.08,2.849,CYLINDER_MISFIRE
4410.81,0.9482,1083.81,534.9,199.05,28.04,52.54,17.44,32.1,0.985,-5.63,1.24,-0.75,-0.088,NORMAL
3929.9,0.7662,989.47,469.59,192.51,25.71,50.53,14.49,46.68,0.922,33.27,15.87,-0.23,-0.007,OVERHEATING
3454.53,0.6801,843.01,407.15,176.93,24.39,48.5,12.99,29.35,4.167,-37.76,-1.32,-0.71,3.38,CYLINDER_MISFIRE
4221.35,0.8949,1043.18,505.16,200.44,27.56,51.26,16.36,32.54,1.067,-4.81,-3.63,-0.51,0.051,NORMAL
3814.66,0.7353,980.35,466.76,189.46,25.56,51.94,14.16,44.48,0.842,48.42,27.6,1.38,-0.053,OVERHEATING
3583.63,0.6409,888.38,421.27,173.12,23.79,48.97,12.61,45.71,0.88,24.64,23.03,-1.79,0.054,OVERHEATING
4148.89,0.8366,1006.32,485.6,201.74,26.6,50.61,15.76,31.34,1.016,-3.11,-0.06,-0.58,0.021,NORMAL
3247.38,0.5171,770.76,346.66,153.73,21.9,49.46,11.1,29.01,0.702,-1.89,3.07,-1.34,-0.022,NORMAL
3356.37,0.5513,792.16,365.42,161.3,22.76,50.83,11.49,29.83,0.783,-6.41,6.28,-0.07,0.026,NORMAL
3003.98,0.4642,728.22,315.16,172.79,21.37,27.52,9.82,27.88,1.941,-0.51,-2.08,-22.65,1.29,LUBRICATION_ISSUE
3285.36,0.6048,795.2,378.26,165.5,23.42,49.65,12.24,30.16,5.121,-31.97,1.96,0.18,4.386,CYLINDER_MISFIRE
3155.55,0.5505,864.73,352.82,160.0,22.55,50.05,7.03,29.77,0.69,76.63,-0.04,0.45,-0.006,FUEL_RESTRICTION
3615.02,0.7195,961.1,428.6,182.8,25.04,48.29,9.29,30.87,0.861,48.65,1.13,-1.26,0.026,FUEL_RESTRICTION
3713.15,0.7867,915.84,456.68,190.71,25.76,48.98,14.51,31.34,4.033,-41.83,2.08,0.01,3.17,CYLINDER_MISFIRE
2905.24,0.3668,668.07,280.12,134.85,19.9,53.28,8.92,28.52,0.693,2.7,0.9,2.0,0.071,NORMAL
3776.12,0.7895,956.05,461.19,221.73,26.11,29.03,15.04,31.48,1.914,-6.49,3.68,-20.3,1.031,LUBRICATION_ISSUE
3710.93,0.7774,913.28,452.09,189.07,25.66,48.83,14.93,31.77,4.367,-38.69,0.91,-0.3,3.504,CYLINDER_MISFIRE
3952.52,0.8434,1044.2,480.32,198.63,26.98,50.5,10.74,31.56,0.918,40.53,-1.88,0.88,-0.018,FUEL_RESTRICTION
3093.94,0.4301,716.95,309.5,142.64,20.89,52.21,9.73,29.16,0.704,4.2,1.85,0.84,0.025,NORMAL
3387.09,0.5465,845.49,384.04,156.75,22.67,49.96,11.31,45.11,0.753,48.23,25.68,-1.22,-0.014,OVERHEATING
3109.51,0.5515,742.48,348.22,155.71,22.52,49.2,11.26,28.33,4.559,-43.91,-3.62,-0.08,3.876,CYLINDER_MISFIRE
4227.33,0.8779,1031.05,502.9,201.85,27.4,52.35,16.14,31.45,1.035,-7.06,0.04,0.54,0.016,NORMAL
2898.67,0.4444,671.92,310.44,145.42,20.99,51.46,9.67,29.37,4.989,-39.66,3.5,1.62,4.37,CYLINDER_MISFIRE
2850.25,0.3487,649.89,274.18,130.39,19.91,50.44,8.59,27.62,0.584,-1.83,3.15,-0.81,-0.021,NORMAL
3632.37,0.6492,800.83,405.64,174.69,22.61,50.55,13.11,31.18,0.822,-70.28,2.97,-0.38,-0.017,EXHAUST_LEAK
3125.77,0.4535,765.43,339.39,146.98,21.38,51.26,9.98,40.75,0.765,37.03,22.35,0.11,0.078,OVERHEATING
4063.24,0.8665,1026.69,494.83,225.22,27.22,19.3,16.33,32.58,2.487,3.65,1.01,-31.21,1.518,LUBRICATION_ISSUE
2929.44,0.3727,713.72,303.71,132.93,20.65,50.13,8.95,38.18,0.594,43.62,21.65,-1.21,-0.035,OVERHEATING
4213.1,0.9467,1073.12,529.57,222.81,28.21,24.55,17.28,32.72,2.346,-5.59,2.35,-27.16,1.332,LUBRICATION_ISSUE
3951.15,0.7635,955.3,452.48,189.38,25.62,52.27,14.78,31.62,0.941,-0.34,-0.91,1.33,0.006,NORMAL
4298.56,0.9099,1094.79,542.19,200.87,27.45,51.4,16.69,49.81,0.937,33.89,25.66,-0.99,-0.102,OVERHEATING
2939.9,0.4442,772.26,309.6,140.82,21.52,51.54,6.39,28.03,0.596,58.72,1.48,1.43,-0.036,FUEL_RESTRICTION
2530.48,0.3059,575.19,246.47,121.22,18.88,50.98,7.52,26.82,3.286,-34.86,0.45,1.03,2.777,CYLINDER_MISFIRE
4188.91,0.8622,973.82,498.93,197.13,23.64,51.54,16.01,32.63,0.96,-52.97,2.86,0.02,-0.047,EXHAUST_LEAK
3319.96,0.6146,890.32,381.22,167.13,23.81,48.74,8.17,29.64,0.655,55.54,0.35,-0.77,-0.091,FUEL_RESTRICTION
3766.84,0.7879,1036.26,457.36,191.32,26.12,45.38,10.4,31.29,0.842,75.18,0.71,-3.92,-0.038,FUEL_RESTRICTION
4338.92,0.9195,1068.87,520.07,200.09,28.02,50.58,16.93,31.8,1.068,0.21,-1.12,-2.13,0.016,NORMAL
4059.02,0.8202,1035.38,494.11,199.77,26.79,50.76,15.36,41.33,1.039,40.31,17.07,0.14,0.071,OVERHEATING
4189.26,0.8592,966.63,492.09,200.39,22.57,50.98,16.03,32.32,0.963,-58.34,-2.89,-0.53,-0.044,EXHAUST_LEAK
3531.49,0.7045,871.35,416.12,179.2,24.96,49.73,13.84,30.36,4.707,-27.9,-3.43,0.46,3.898,CYLINDER_MISFIRE
4100.7,0.9195,1124.93,513.13,200.47,27.83,51.15,13.22,32.48,0.994,68.16,-0.93,0.34,0.014,FUEL_RESTRICTION
3677.9,0.657,875.34,405.22,173.84,24.29,51.29,13.07,30.9,0.903,-2.77,-1.64,0.21,0.049,NORMAL
2855.71,0.4283,754.75,299.07,142.0,20.96,49.24,6.04,28.85,0.611,54.98,-0.79,-0.62,0.004,FUEL_RESTRICTION
2608.61,0.3015,613.43,247.14,158.87,19.16,16.41,7.6,27.56,2.0,2.12,0.36,-34.12,1.468,LUBRICATION_ISSUE
3516.82,0.594,860.43,408.27,167.5,23.34,49.86,11.93,43.49,0.783,28.16,28.91,-1.31,-0.022,OVERHEATING
2891.61,0.3723,696.68,308.17,133.07,20.08,50.16,8.84,42.26,0.614,28.73,27.39,-0.93,-0.003,OVERHEATING
3782.42,0.7956,932.55,459.7,194.98,26.11,49.51,14.87,31.97,4.054,-33.91,-0.17,0.25,3.169,CYLINDER_MISFIRE
3829.07,0.7355,925.52,436.91,184.89,25.32,51.05,14.21,30.58,0.884,-7.22,-2.74,0.4,-0.015,NORMAL
3688.18,0.775,916.99,448.8,189.92,25.78,50.62,14.21,31.52,4.38,-32.45,-0.86,1.6,3.524,CYLINDER_MISFIRE
3816.77,0.7969,971.22,464.02,212.7,26.2,21.5,15.25,29.96,1.96,2.24,2.63,-27.96,1.065,LUBRICATION_ISSUE
3667.77,0.7778,905.81,448.19,189.09,26.3,48.77,14.39,30.8,3.632,-44.25,-1.85,-0.07,2.782,CYLINDER_MISFIRE
3080.52,0.5165,763.37,342.3,178.66,22.03,23.15,10.47,29.56,2.295,-0.57,3.94,-26.58,1.621,LUBRICATION_ISSUE
2545.26,0.3409,593.5,261.9,128.11,19.94,49.28,8.0,26.55,4.287,-38.33,2.81,-0.13,3.774,CYLINDER_MISFIRE
4133.62,0.8503,1043.92,507.9,198.54,26.87,49.38,15.91,42.41,1.02,27.05,17.78,-1.69,0.03,OVERHEATING
4380.92,0.9414,1023.54,528.49,200.32,26.84,52.77,17.24,32.33,1.042,-60.34,-1.84,-0.27,-0.022,EXHAUST_LEAK
3215.89,0.5025,803.75,353.57,151.31,21.93,51.17,10.65,40.84,0.712,41.42,16.18,0.31,-0.003,OVERHEATING
4130.83,0.8638,1063.09,519.9,196.37,27.12,52.17,16.28,48.78,0.939,38.25,24.99,1.12,-0.05,OVERHEATING
3111.69,0.437,713.83,310.06,145.36,21.24,50.89,9.68,30.05,0.626,-3.95,-0.61,-0.47,-0.058,NORMAL
2780.7,0.4128,646.78,292.69,139.96,20.78,48.4,8.99,28.14,4.474,-39.92,0.67,-1.25,3.889,CYLINDER_MISFIRE
3413.44,0.5642,850.17,396.67,161.03,22.88,49.01,11.42,45.61,0.721,41.0,31.17,-2.02,-0.053,OVERHEATING
2845.86,0.3526,652.79,270.24,132.74,19.95,51.36,8.42,27.98,0.702,-1.06,-2.07,0.2,0.099,NORMAL
3258.15,0.4909,806.92,359.24,152.78,21.8,51.24,10.68,42.42,0.74,49.45,24.76,-0.1,0.013,OVERHEATING
4074.61,0.9042,1046.87,508.94,226.82,27.65,25.76,16.48,32.63,2.484,0.64,1.2,-24.84,1.512,LUBRICATION_ISSUE
4310.21,0.9257,1116.48,545.07,200.03,27.59,51.02,16.88,39.72,1.021,45.56,22.52,-1.47,-0.022,OVERHEATING
3936.17,0.7672,997.2,475.33,194.5,25.97,50.98,14.76,48.39,0.954,40.1,21.07,0.2,0.023,OVERHEATING
2761.66,0.4265,659.92,294.97,140.92,21.01,49.07,9.02,28.56,4.84,-34.04,-1.41,-0.2,4.261,CYLINDER_MISFIRE
3794.94,0.7348,979.29,462.85,184.37,25.26,50.35,14.38,42.97,0.878,48.65,24.47,-0.09,-0.01,OVERHEATING
4102.74,0.9042,1115.02,511.72,200.59,27.67,50.51,11.82,32.93,0.948,67.37,3.14,-0.31,-0.033,FUEL_RESTRICTION
3648.41,0.6687,834.84,407.25,177.32,20.89,51.2,13.61,30.66,0.869,-48.79,-2.93,0.52,0.024,EXHAUST_LEAK
2672.53,0.3711,708.94,273.62,135.47,20.32,50.15,5.33,27.5,0.584,52.64,-0.15,0.46,0.032,FUEL_RESTRICTION
3547.63,0.6381,858.09,394.3,170.17,23.89,51.04,12.83,30.3,0.788,-2.16,-1.85,0.46,-0.027,NORMAL
3999.83,0.8133,1031.76,499.85,196.1,26.27,51.14,15.55,41.37,0.992,43.78,27.06,0.78,0.042,OVERHEATING
3112.07,0.5161,845.63,334.16,153.12,22.31,51.02,5.43,29.42,0.691,80.34,-5.01,1.08,0.007,FUEL_RESTRICTION
4201.34,0.9393,1130.25,523.51,199.88,28.18,51.15,13.67,32.11,1.073,56.58,-0.69,-0.47,0.062,FUEL_RESTRICTION
3170.03,0.5598,846.14,356.66,158.31,23.0,50.45,5.43,30.09,0.663,51.77,0.04,0.92,-0.038,FUEL_RESTRICTION
2682.11,0.3522,646.84,271.72,162.37,19.9,23.27,8.43,28.14,1.544,1.43,4.47,-26.83,0.989,LUBRICATION_ISSUE
3734.79,0.8139,930.41,465.73,196.36,26.38,48.62,15.09,32.42,3.593,-44.69,0.67,-0.0,2.722,CYLINDER_MISFIRE
4128.38,0.8444,941.45,490.97,197.46,24.21,48.95,15.77,31.46,1.06,-71.61,3.14,-2.07,0.071,EXHAUST_LEAK
2555.44,0.3196,589.06,251.7,124.37,19.65,49.3,7.34,28.45,4.574,-30.44,-0.01,-0.56,4.058,CYLINDER_MISFIRE
4378.63,0.9312,1124.25,543.8,198.86,28.33,51.29,17.17,43.42,1.017,46.58,17.2,-1.74,-0.046,OVERHEATING
3173.64,0.4555,774.55,342.03,149.26,21.16,49.98,9.97,38.69,0.723,42.59,22.85,-1.45,0.021,OVERHEATING
4329.53,0.9286,1073.52,526.49,202.15,27.76,52.33,17.14,32.22,1.121,-0.14,2.3,-0.31,0.072,NORMAL
3332.09,0.6126,892.14,379.14,166.29,23.81,48.03,7.21,28.99,0.792,57.96,-1.37,-1.6,0.043,FUEL_RESTRICTION
2642.7,0.3246,685.77,257.09,128.92,19.58,49.7,4.46,27.53,0.547,58.88,0.95,-0.63,0.005,FUEL_RESTRICTION
2952.53,0.3984,688.61,293.86,136.59,20.35,51.34,9.01,27.77,0.689,1.93,1.86,0.32,0.053,NORMAL
3514.16,0.6054,873.8,406.43,166.9,23.48,49.65,12.28,44.23,0.878,34.85,23.06,-1.29,0.074,OVERHEATING
3248.32,0.5031,772.01,339.39,153.77,22.27,49.35,11.0,27.02,0.694,7.76,0.84,-1.71,-0.031,NORMAL
3034.3,0.4069,697.62,296.96,137.7,20.59,50.55,9.38,26.93,0.684,1.79,-0.53,-0.85,0.024,NORMAL
3391.56,0.5499,728.41,360.65,161.1,21.14,49.49,11.42,29.21,0.823,-71.11,0.93,-1.66,0.055,EXHAUST_LEAK
3816.98,0.7814,958.16,457.1,222.37,25.9,20.94,14.9,31.79,2.0,-1.53,1.29,-28.81,1.105,LUBRICATION_ISSUE
3727.26,0.7569,943.15,444.95,212.15,25.68,18.61,14.46,32.58,2.122,2.62,0.63,-30.99,1.253,LUBRICATION_ISSUE
2750.5,0.3036,562.2,252.92,125.17,16.52,53.37,7.96,26.69,0.575,-57.5,1.1,1.96,-0.001,EXHAUST_LEAK
3151.4,0.5368,778.8,347.05,179.3,22.74,15.54,10.88,28.73,2.05,-0.84,-0.74,-34.28,1.354,LUBRICATION_ISSUE
3974.51,0.8012,980.73,467.9,197.47,26.1,48.41,15.29,29.36,0.913,1.27,0.22,-2.0,-0.029,NORMAL
2701.96,0.4009,641.72,289.65,134.93,20.63,50.52,9.15,28.26,4.653,-33.89,4.29,1.17,4.092,CYLINDER_MISFIRE
3976.09,0.7613,1005.18,481.65,192.57,25.36,51.51,14.71,39.52,0.913,49.58,28.28,0.37,-0.03,OVERHEATING
3787.28,0.7722,1023.44,448.84,191.95,25.82,50.84,10.2,31.82,0.87,70.78,-2.76,1.12,-0.017,FUEL_RESTRICTION
3315.39,0.6302,805.65,381.32,170.1,23.73,48.8,12.34,29.51,4.868,-38.22,-5.0,-0.41,4.123,CYLINDER_MISFIRE
3866.82,0.821,1042.64,472.55,198.16,26.29,50.16,11.46,32.65,0.899,56.68,0.97,0.81,-0.011,FUEL_RESTRICTION
3082.43,0.4157,646.61,299.91,142.85,18.2,52.0,9.39,29.38,0.633,-56.94,-2.22,0.45,-0.042,EXHAUST_LEAK
3815.47,0.8264,959.39,469.78,197.39,26.34,48.71,15.54,31.99,3.644,-27.2,-2.17,-0.22,2.749,CYLINDER_MISFIRE
3115.43,0.5448,753.12,347.64,156.07,22.93,50.65,10.79,28.57,4.69,-29.54,-1.95,1.21,4.005,CYLINDER_MISFIRE
4168.04,0.852,1022.07,495.55,199.63,26.78,50.28,15.9,31.75,1.014,2.47,3.79,-1.07,0.014,NORMAL
2844.25,0.4407,664.92,301.29,139.71,21.33,51.45,9.53,28.17,4.153,-41.72,-2.69,1.9,3.549,CYLINDER_MISFIRE
4126.08,0.9137,1050.13,515.82,233.13,27.89,29.64,16.81,32.61,2.036,-4.41,3.09,-21.36,1.048,LUBRICATION_ISSUE
3093.09,0.4486,764.4,341.83,146.76,21.31,51.34,9.72,39.26,0.693,40.6,27.54,0.31,0.015,OVERHEATING
3159.31,0.4766,780.44,343.58,148.68,21.51,51.41,10.42,41.21,0.762,36.52,17.23,0.46,0.064,OVERHEATING
3084.45,0.4664,737.82,320.49,175.06,21.3,29.43,9.97,29.41,1.9,3.73,0.04,-21.23,1.225,LUBRICATION_ISSUE
2887.62,0.3512,683.08,293.79,130.22,19.89,49.84,8.48,37.89,0.614,27.98,20.72,-1.6,-0.002,OVERHEATING
4096.78,0.949,1030.04,520.36,199.73,28.33,48.93,17.36,32.95,3.926,-44.22,-4.2,-1.84,2.947,CYLINDER_MISFIRE
3634.87,0.718,964.62,428.39,182.73,24.9,51.94,8.04,29.74,0.869,52.07,0.86,2.23,0.029,FUEL_RESTRICTION
2888.5,0.3477,696.08,293.47,132.13,19.67,50.79,8.57,38.17,0.545,43.04,21.65,-0.73,-0.072,OVERHEATING
3260.17,0.5261,703.14,343.28,154.08,18.59,50.31,11.0,28.48,0.73,-75.51,-3.91,-0.42,0.002,EXHAUST_LEAK
3580.47,0.6249,885.75,414.57,172.25,24.22,52.03,12.57,39.31,0.816,31.75,22.17,1.0,-0.008,OVERHEATING
3382.88,0.62,837.81,386.04,203.25,23.81,23.99,12.47,31.08,2.45,-3.34,1.35,-25.84,1.685,LUBRICATION_ISSUE
3152.89,0.5556,743.22,353.59,156.35,22.97,48.95,11.48,28.63,3.945,-47.8,-1.02,-0.54,3.25,CYLINDER_MISFIRE
3055.84,0.4265,653.01,305.43,140.94,17.93,49.06,9.71,28.28,0.727,-55.71,0.2,-2.13,0.061,EXHAUST_LEAK
3472.97,0.5861,823.84,373.94,164.18,22.92,50.48,11.73,30.64,0.86,-1.45,-1.24,-0.55,0.068,NORMAL
2644.31,0.3098,670.25,249.69,125.65,19.57,52.52,3.75,27.64,0.547,52.18,-1.15,1.91,0.004,FUEL_RESTRICTION
4283.36,0.8964,996.11,511.05,199.22,23.93,51.95,16.69,32.55,1.004,-55.88,-0.15,-0.32,-0.031,EXHAUST_LEAK
3576.51,0.641,859.25,400.47,172.96,24.14,50.59,12.66,30.73,0.849,-4.19,2.41,-0.12,0.026,NORMAL
2896.53,0.42,692.17,298.11,172.1,20.62,15.02,9.31,30.64,2.348,-4.66,0.0,-35.25,1.73,LUBRICATION_ISSUE
4201.24,0.8996,986.07,507.03,198.5,24.43,52.26,16.69,31.51,0.995,-63.74,-2.85,0.65,-0.016,EXHAUST_LEAK
4049.73,0.8228,935.95,478.55,200.04,22.59,50.51,15.82,31.29,0.974,-60.2,0.86,-0.0,0.009,EXHAUST_LEAK
3360.02,0.5309,733.06,351.58,158.04,19.59,50.7,11.21,28.9,0.687,-53.48,-0.34,-0.58,-0.071,EXHAUST_LEAK
3217.67,0.5649,801.52,360.05,188.9,22.98,26.05,11.49,29.71,2.331,1.68,0.15,-23.7,1.615,LUBRICATION_ISSUE
3185.59,0.5593,769.29,356.84,159.3,22.51,51.1,11.11,30.85,4.21,-25.58,-0.08,1.47,3.504,CYLINDER_MISFIRE
2777.03,0.4266,647.84,295.36,140.71,21.27,48.91,9.19,27.23,4.899,-46.98,-1.53,-0.47,4.316,CYLINDER_MISFIRE
3111.64,0.4252,743.24,319.96,141.16,20.76,52.31,9.53,38.17,0.739,32.55,13.54,0.74,0.056,OVERHEATING
2979.13,0.5141,731.09,332.22,151.24,22.15,50.77,10.62,29.37,3.834,-26.35,-2.25,1.66,3.191,CYLINDER_MISFIRE
3970.29,0.8895,999.99,499.54,200.35,27.45,50.73,16.35,34.07,4.272,-32.22,0.21,0.97,3.331,CYLINDER_MISFIRE
4241.92,0.9011,1054.4,513.72,200.79,27.89,54.98,16.66,32.04,0.965,1.67,2.09,3.05,-0.058,NORMAL
4037.26,0.8131,931.25,474.24,195.5,24.39,49.71,15.56,31.98,0.995,-58.47,0.41,-0.9,0.034,EXHAUST_LEAK
3214.21,0.5657,842.1,359.88,159.66,23.47,48.62,5.87,28.56,0.728,41.97,-0.2,-1.09,0.014,FUEL_RESTRICTION
3680.41,0.7566,914.77,442.34,187.4,25.84,46.8,14.32,29.72,4.531,-23.21,-0.45,-2.51,3.677,CYLINDER_MISFIRE
2626.04,0.3124,615.39,249.64,156.92,19.2,21.01,7.74,28.61,1.989,-3.34,-1.6,-29.43,1.451,LUBRICATION_ISSUE
3006.45,0.4981,713.37,327.78,149.07,21.85,49.95,10.31,28.84,3.604,-35.82,-1.74,0.37,2.952,CYLINDER_MISFIRE
3285.67,0.5053,804.06,357.27,152.46,22.17,51.0,10.72,39.4,0.817,36.6,16.8,-0.26,0.081,OVERHEATING
3574.81,0.7392,892.41,430.58,183.67,25.25,49.63,13.98,30.79,3.415,-29.85,-2.78,0.7,2.593,CYLINDER_MISFIRE
3562.02,0.6255,904.53,424.08,170.33,23.92,51.33,12.58,39.8,0.791,51.11,32.02,0.44,-0.028,OVERHEATING
4213.84,0.8874,971.38,503.69,198.56,24.74,52.7,16.81,31.88,1.004,-71.76,-2.19,0.99,-0.01,EXHAUST_LEAK
3477.39,0.5941,829.58,377.65,162.02,23.31,50.63,12.21,31.23,0.838,-0.74,-0.55,-0.28,0.045,NORMAL
2852.36,0.353,597.12,273.2,133.13,17.02,50.28,8.58,28.63,0.574,-57.28,0.56,-0.9,-0.032,EXHAUST_LEAK
3641.4,0.7404,873.2,434.67,183.98,25.34,48.85,13.96,31.66,3.82,-53.13,-1.13,-0.49,2.978,CYLINDER_MISFIRE
3638.67,0.7642,897.77,444.23,188.81,25.73,47.88,14.32,31.18,4.58,-42.71,-0.05,-1.01,3.739,CYLINDER_MISFIRE
3867.02,0.818,984.72,472.02,228.2,26.75,18.05,15.29,32.08,2.524,0.59,1.54,-31.37,1.614,LUBRICATION_ISSUE
3013.05,0.5089,719.47,334.24,151.89,21.94,47.71,10.36,30.09,4.639,-36.54,0.63,-1.72,3.985,CYLINDER_MISFIRE
3504.64,0.6691,876.22,405.9,201.35,24.37,20.64,13.22,30.83,1.723,-0.45,-0.1,-29.1,0.921,LUBRICATION_ISSUE
2654.73,0.3387,633.07,263.29,151.42,20.07,19.7,8.03,27.38,1.438,-2.88,1.72,-30.46,0.892,LUBRICATION_ISSUE
2799.87,0.3171,673.01,282.73,126.02,19.36,50.19,7.94,41.33,0.611,42.77,24.58,-1.3,0.021,OVERHEATING
3262.38,0.5967,867.34,375.32,162.46,23.47,50.62,6.68,29.91,0.708,46.2,2.64,1.16,-0.02,FUEL_RESTRICTION
2804.81,0.3035,652.66,277.19,122.9,19.11,50.66,7.6,43.64,0.508,30.33,23.79,-1.11,-0.084,OVERHEATING
3685.97,0.7519,1008.47,438.22,183.81,25.65,49.76,11.01,32.37,0.862,73.02,-3.05,0.33,0.006,FUEL_RESTRICTION
4186.19,0.8749,1071.79,526.04,200.09,27.1,50.84,16.26,44.06,1.003,37.53,25.48,-0.65,-0.003,OVERHEATING
3947.96,0.861,1073.12,488.67,200.45,26.92,48.29,9.96,32.02,0.938,59.15,0.29,-1.29,0.003,FUEL_RESTRICTION
4028.79,0.8533,1010.8,490.46,200.51,27.21,48.87,15.65,32.2,0.968,-2.61,2.41,-1.36,0.01,NORMAL
3045.84,0.4077,644.66,297.68,139.62,19.0,50.08,9.5,29.35,0.634,-52.23,-0.45,-1.38,-0.03,EXHAUST_LEAK
3907.39,0.8326,1050.2,479.54,199.28,26.72,47.88,9.64,31.16,0.889,55.29,2.59,-1.54,-0.033,FUEL_RESTRICTION
4011.54,0.7837,1020.68,482.15,197.1,25.64,51.96,15.12,40.6,0.985,49.91,19.69,0.99,0.031,OVERHEATING
3872.06,0.8152,981.66,468.2,214.48,26.42,30.1,15.46,31.64,1.758,-1.07,-1.44,-19.4,0.847,LUBRICATION_ISSUE
4061.9,0.8421,1033.08,517.28,200.79,27.06,51.54,15.79,44.02,0.946,24.72,32.27,1.05,-0.023,OVERHEATING
3500.79,0.5878,772.14,375.36,161.99,20.56,49.31,12.1,31.25,0.755,-55.59,-1.27,-1.86,-0.046,EXHAUST_LEAK
2880.76,0.3688,583.06,275.72,130.66,16.14,50.86,8.73,27.23,0.648,-82.28,-3.48,-0.23,0.033,EXHAUST_LEAK
3076.02,0.4887,793.84,328.2,151.0,21.65,50.87,5.92,28.36,0.759,46.84,-0.0,0.68,0.086,FUEL_RESTRICTION
3379.12,0.6426,811.12,388.32,169.71,24.15,49.53,12.69,28.61,4.026,-43.39,-4.39,0.13,3.262,CYLINDER_MISFIRE
3261.52,0.5889,869.57,369.64,163.34,23.3,51.95,7.9,28.7,0.726,53.14,-0.21,2.36,-0.002,FUEL_RESTRICTION
3194.71,0.4889,749.92,329.75,149.25,22.0,50.22,10.3,28.43,0.707,-3.17,-2.1,-0.74,-0.001,NORMAL
3596.39,0.6298,888.19,425.02,170.46,23.89,51.12,12.47,46.54,0.903,30.47,30.39,0.08,0.074,OVERHEATING
3047.11,0.3986,694.54,298.32,137.29,20.61,48.49,9.19,28.27,0.67,3.0,3.39,-3.14,0.006,NORMAL
3453.37,0.5839,762.53,370.48,164.92,19.38,51.69,12.09,29.76,0.796,-60.49,-3.34,0.75,0.01,EXHAUST_LEAK
3936.09,0.8229,989.77,472.56,221.73,26.6,15.58,15.37,30.85,2.074,-0.8,-1.78,-34.2,1.143,LUBRICATION_ISSUE
4183.98,0.8519,1016.99,491.42,200.27,27.17,52.2,15.91,33.8,1.016,-3.36,-0.79,0.72,0.011,NORMAL
2557.91,0.3381,581.6,256.01,131.35,19.57,47.79,8.15,27.92,3.512,-49.13,-2.43,-1.76,2.995,CYLINDER_MISFIRE
2764.37,0.3694,720.83,277.79,130.98,20.19,51.13,4.98,27.24,0.616,61.0,1.89,0.81,0.037,FUEL_RESTRICTION
4081.98,0.9059,1049.59,511.08,219.32,28.06,22.93,16.73,33.79,1.803,1.95,2.49,-27.73,0.828,LUBRICATION_ISSUE
3581.88,0.6989,900.5,418.11,201.53,24.82,25.05,13.31,30.56,1.861,2.08,-0.94,-24.65,1.036,LUBRICATION_ISSUE
3950.23,0.7881,897.96,463.19,192.71,22.35,52.4,15.16,31.94,0.927,-72.43,0.95,1.91,-0.008,EXHAUST_LEAK
4354.58,0.9433,1132.54,552.07,202.24,28.31,50.01,17.52,48.51,1.094,48.83,21.85,-2.82,0.038,OVERHEATING
3943.22,0.7854,1018.17,477.83,194.79,26.3,51.83,15.13,47.6,0.965,49.78,16.8,1.34,0.032,OVERHEATING
4343.19,0.9451,1020.4,532.74,200.05,24.57,52.74,17.28,31.65,1.042,-63.82,2.2,-0.01,-0.011,EXHAUST_LEAK
4179.0,0.8808,1040.93,501.13,200.69,27.26,50.39,16.3,32.63,1.018,3.51,-1.32,-1.04,0.014,NORMAL
3360.44,0.5382,729.89,355.62,155.21,20.02,52.02,11.16,29.75,0.779,-61.04,1.06,0.87,0.021,EXHAUST_LEAK
3992.2,0.7951,978.41,466.81,196.74,26.21,50.26,15.01,31.16,0.96,1.72,0.79,-0.38,0.013,NORMAL
3406.99,0.5472,747.89,359.98,158.62,19.19,49.09,11.27,28.77,0.78,-50.76,0.79,-2.21,0.008,EXHAUST_LEAK
3577.87,0.6153,848.58,389.73,168.9,23.72,53.38,12.36,31.26,0.839,0.51,0.89,2.2,0.016,NORMAL
4261.16,0.8989,1091.14,530.48,201.85,27.78,53.0,16.5,44.8,1.043,38.75,19.05,0.91,0.015,OVERHEATING
3708.14,0.6764,890.81,415.44,176.77,24.44,50.69,13.39,30.68,0.885,-0.44,0.69,-0.24,0.022,NORMAL
3850.78,0.7519,881.91,442.77,188.85,24.13,52.09,14.32,29.81,0.943,-61.75,-3.43,1.6,0.037,EXHAUST_LEAK
3651.67,0.7387,967.83,435.23,183.92,25.11,49.41,9.57,31.55,0.835,42.04,-0.24,-0.03,-0.01,FUEL_RESTRICTION
3087.49,0.5318,727.08,346.77,152.43,22.61,49.73,10.75,28.97,3.996,-46.36,2.71,0.24,3.32,CYLINDER_MISFIRE
3332.48,0.5352,785.91,352.57,156.91,22.35,49.34,11.21,28.08,0.78,-1.84,-0.07,-1.69,0.03,NORMAL
3932.64,0.7713,987.2,484.71,193.04,25.71,49.17,14.77,45.89,0.975,27.8,29.06,-1.51,0.045,OVERHEATING
3834.68,0.8011,1021.66,464.45,193.59,26.16,49.42,10.12,31.89,0.842,49.29,1.03,-0.09,-0.058,FUEL_RESTRICTION
3432.82,0.636,846.39,395.24,192.5,23.83,18.55,12.46,31.49,1.857,-6.84,3.3,-31.32,1.077,LUBRICATION_ISSUE
3605.37,0.6304,806.68,392.77,172.48,21.77,48.72,12.56,30.29,0.859,-51.84,-2.34,-2.37,0.027,EXHAUST_LEAK
3569.69,0.7269,869.75,432.4,182.14,25.3,47.35,13.87,31.47,4.721,-44.89,3.62,-1.76,3.9,CYLINDER_MISFIRE
3847.26,0.7188,955.03,466.34,184.87,24.9,51.0,13.91,44.88,0.936,31.39,32.16,-0.07,0.032,OVERHEATING
3184.68,0.5601,852.92,358.4,160.8,22.96,49.43,8.17,30.1,0.716,57.6,1.21,-0.18,0.011,FUEL_RESTRICTION
3427.2,0.6314,848.26,390.95,199.75,24.07,32.41,12.89,29.96,1.721,-1.92,0.84,-17.5,0.943,LUBRICATION_ISSUE
2613.37,0.3344,597.36,263.84,125.72,19.36,50.46,7.86,27.59,3.553,-33.92,5.07,0.49,3.019,CYLINDER_MISFIRE
3921.19,0.7618,945.26,449.4,192.06,25.48,51.02,14.45,31.68,0.964,-7.87,-2.47,0.24,0.037,NORMAL
3828.7,0.8085,1031.29,462.77,195.2,26.16,49.64,11.72,31.49,0.916,54.76,-3.15,0.3,0.017,FUEL_RESTRICTION
4207.94,0.8836,1074.5,525.26,202.11,27.37,49.63,16.51,39.55,1.047,33.97,20.95,-2.03,0.035,OVERHEATING
2958.43,0.3928,680.64,291.48,138.01,20.45,51.2,8.85,27.9,0.636,-2.99,1.3,0.05,-0.002,NORMAL
2867.87,0.3338,643.45,265.3,129.03,19.52,50.28,8.33,28.17,0.578,-0.22,-0.9,-1.36,-0.032,NORMAL
2984.52,0.3822,677.31,289.17,135.14,20.77,52.04,8.77,27.95,0.619,-1.23,2.04,0.52,-0.026,NORMAL
3010.63,0.4548,772.15,315.31,143.52,21.47,50.16,5.7,28.16,0.59,48.74,1.26,-0.22,-0.063,FUEL_RESTRICTION
3194.38,0.4792,743.75,328.33,150.04,21.76,52.39,10.17,28.16,0.734,-3.52,-0.03,1.26,0.026,NORMAL
4125.69,0.8322,948.25,483.71,199.15,23.6,50.29,15.73,30.75,1.018,-57.33,0.37,-0.72,0.031,EXHAUST_LEAK
3861.91,0.8035,1036.19,463.04,193.82,26.71,50.65,9.36,31.84,0.921,61.01,-2.06,1.01,0.012,FUEL_RESTRICTION
3332.87,0.5787,812.87,367.33,191.26,22.98,29.25,11.89,31.03,2.334,-0.98,-0.98,-20.99,1.584,LUBRICATION_ISSUE
3909.66,0.7374,963.78,466.09,188.74,25.43,52.07,14.24,43.96,0.928,25.86,23.35,0.93,0.005,OVERHEATING
4147.91,0.8574,1069.34,522.91,200.34,27.02,51.02,15.93,42.12,1.004,47.49,29.81,-0.17,0.01,OVERHEATING
3125.6,0.4369,750.96,326.15,144.2,20.96,52.35,9.83,37.31,0.659,32.56,15.11,0.9,-0.028,OVERHEATING
3223.84,0.5777,870.37,363.62,160.99,23.27,51.34,7.09,31.6,0.769,62.58,-1.05,1.78,0.051,FUEL_RESTRICTION
2962.34,0.4809,692.73,323.34,145.37,21.73,50.49,10.22,29.35,5.033,-43.93,1.35,0.89,4.395,CYLINDER_MISFIRE
4317.31,0.9188,1018.43,518.2,199.91,24.37,52.38,17.01,32.84,0.995,-48.7,-2.08,-0.16,-0.05,EXHAUST_LEAK
2954.29,0.3681,710.13,298.93,131.1,20.38,52.74,8.56,37.72,0.6,41.59,17.8,1.16,-0.036,OVERHEATING
3983.74,0.8686,1026.94,492.9,228.88,27.36,30.14,15.66,31.95,2.203,6.6,0.69,-19.73,1.258,LUBRICATION_ISSUE
2823.59,0.3233,595.38,264.06,128.08,16.41,51.57,7.97,27.51,0.607,-39.79,2.96,0.03,0.01,EXHAUST_LEAK
2735.54,0.3573,724.73,275.3,126.99,20.25,51.31,5.22,27.94,0.624,73.58,4.6,0.96,0.053,FUEL_RESTRICTION
3581.06,0.61,777.04,391.28,167.43,21.68,50.32,12.46,30.02,0.88,-68.0,4.26,-0.98,0.055,EXHAUST_LEAK
3358.01,0.5309,813.3,369.4,155.57,22.53,51.48,11.22,42.71,0.759,26.87,17.54,0.21,0.002,OVERHEATING
2575.07,0.31,614.06,249.15,156.24,19.32,29.35,7.49,26.38,2.078,-0.68,0.31,-20.81,1.555,LUBRICATION_ISSUE
3271.67,0.5227,822.0,376.85,153.03,22.31,51.32,10.92,39.9,0.743,44.79,30.52,0.46,0.011,OVERHEATING
2904.52,0.3671,620.39,277.71,130.97,18.35,50.38,8.57,27.22,0.667,-45.09,-1.58,-0.89,0.046,EXHAUST_LEAK
3287.43,0.6194,810.87,381.12,169.26,23.74,49.3,11.9,30.24,3.955,-25.17,-0.5,0.08,3.219,CYLINDER_MISFIRE
3788.25,0.826,956.9,472.49,196.51,26.23,49.47,15.47,30.25,3.734,-28.09,1.5,0.71,2.847,CYLINDER_MISFIRE
3582.37,0.6897,958.04,413.94,178.2,24.75,48.69,8.51,31.61,0.778,65.08,-1.84,-1.18,-0.047,FUEL_RESTRICTION
3766.39,0.7509,1015.5,442.47,187.44,25.02,51.75,11.11,30.52,0.873,76.63,-0.85,1.79,-0.007,FUEL_RESTRICTION
3672.73,0.6697,922.51,432.21,176.65,24.46,52.65,13.36,40.66,0.81,37.07,20.95,1.83,-0.042,OVERHEATING
3017.33,0.4085,723.15,315.52,138.94,20.47,50.27,9.19,44.26,0.698,27.16,17.93,-0.99,0.043,OVERHEATING
3890.64,0.8171,980.55,468.38,216.7,26.92,30.5,15.58,31.19,2.163,-4.26,-2.5,-19.08,1.246,LUBRICATION_ISSUE
3353.19,0.527,785.42,350.9,157.15,22.45,50.49,11.18,29.45,0.727,1.57,0.59,-0.82,-0.029,NORMAL
3420.41,0.669,828.29,404.43,174.97,24.01,49.36,13.03,30.63,4.072,-44.13,0.97,0.17,3.296,CYLINDER_MISFIRE
3460.4,0.6141,844.77,384.15,168.33,23.36,52.47,12.62,30.04,0.829,3.27,-0.75,2.03,0.041,NORMAL
3724.63,0.814,925.18,463.17,196.04,26.36,47.24,14.89,32.18,4.013,-49.43,-1.6,-1.32,3.146,CYLINDER_MISFIRE
3018.53,0.4096,721.4,324.49,138.6,20.85,50.83,9.63,46.08,0.705,24.72,26.48,-0.42,0.05,OVERHEATING
4029.12,0.8639,1017.89,489.81,226.65,26.82,22.11,16.12,31.5,2.506,-1.91,-2.07,-28.12,1.547,LUBRICATION_ISSUE
3305.81,0.5997,823.26,377.61,186.39,23.17,28.64,11.83,28.84,1.641,-1.84,2.55,-21.05,0.899,LUBRICATION_ISSUE
4203.44,0.8628,957.62,492.25,200.34,25.36,51.21,15.95,31.2,1.004,-70.24,-4.47,-0.42,-0.007,EXHAUST_LEAK
3010.84,0.4029,720.8,319.76,138.64,20.47,51.46,9.31,41.89,0.672,28.54,24.41,0.14,0.018,OVERHEATING
3600.33,0.6254,855.72,397.57,170.51,23.61,51.59,12.66,30.96,0.78,0.48,4.43,0.45,-0.05,NORMAL
3901.97,0.8293,997.64,474.39,219.06,26.82,22.91,15.5,32.39,2.265,4.93,-1.23,-26.53,1.344,LUBRICATION_ISSUE
2899.9,0.4042,684.82,292.54,169.39,20.63,21.18,9.0,28.47,1.758,-2.72,0.01,-29.39,1.138,LUBRICATION_ISSUE
3979.5,0.8818,995.92,496.98,197.27,27.17,48.91,16.36,33.46,4.682,-32.11,0.16,-0.92,3.738,CYLINDER_MISFIRE
3594.43,0.6001,794.73,384.96,168.75,20.23,51.48,12.6,29.51,0.81,-45.04,1.1,-0.09,-0.018,EXHAUST_LEAK
3591.42,0.6423,800.1,397.9,171.73,21.45,50.01,12.82,29.39,0.83,-64.83,-1.06,-0.78,0.003,EXHAUST_LEAK
3705.0,0.7912,917.12,457.38,192.34,26.25,51.0,14.8,31.53,4.235,-42.83,1.41,2.16,3.373,CYLINDER_MISFIRE
3919.95,0.7564,952.62,450.76,190.56,25.64,50.36,14.59,31.22,0.951,2.81,0.87,-0.5,0.025,NORMAL
4271.87,0.9281,1105.44,551.77,198.67,27.83,51.76,17.17,43.17,1.075,35.0,29.51,-0.42,0.043,OVERHEATING
3420.32,0.635,848.02,389.29,194.33,23.76,30.4,12.51,29.58,2.168,-4.02,-1.93,-19.4,1.391,LUBRICATION_ISSUE
4182.76,0.861,1058.97,526.41,197.81,27.1,51.26,16.31,41.3,1.058,33.24,30.97,-0.2,0.053,OVERHEATING
3955.86,0.7919,969.44,465.19,196.87,26.47,53.9,14.92,33.59,0.923,-3.47,1.45,3.44,-0.014,NORMAL
3224.74,0.5812,874.73,363.55,161.96,23.23,51.29,7.93,29.38,0.702,64.76,-2.43,1.79,-0.015,FUEL_RESTRICTION
2954.74,0.3878,682.55,288.14,136.1,20.46,50.61,8.86,26.7,0.609,2.15,-0.1,-0.62,-0.028,NORMAL
2947.56,0.4548,781.27,307.67,144.56,21.23,46.45,5.42,27.61,0.672,61.01,-4.48,-3.52,0.038,FUEL_RESTRICTION
3458.81,0.577,767.44,369.34,166.0,21.14,52.35,12.12,30.25,0.754,-51.7,-2.15,1.25,-0.034,EXHAUST_LEAK
4039.74,0.8179,945.32,475.52,198.63,24.05,49.96,15.57,32.24,0.896,-47.42,-0.13,-0.58,-0.066,EXHAUST_LEAK
3931.27,0.7698,895.1,460.45,191.25,24.24,51.22,14.67,30.82,0.989,-63.37,5.37,0.53,0.06,EXHAUST_LEAK
2729.83,0.3633,610.53,271.01,134.27,20.35,48.77,8.34,27.75,4.475,-43.96,-1.69,-1.43,3.906,CYLINDER_MISFIRE
4125.01,0.9169,1121.99,515.61,199.97,28.03,51.92,10.77,32.76,1.006,65.61,1.78,0.92,0.018,FUEL_RESTRICTION
2677.67,0.3415,699.56,262.37,126.79,19.87,50.63,3.44,26.6,0.548,60.77,-0.9,0.37,-0.006,FUEL_RESTRICTION
3946.52,0.8768,985.35,496.32,201.66,27.22,48.91,16.27,31.67,4.584,-38.07,2.27,-0.66,3.65,CYLINDER_MISFIRE
3888.02,0.7641,895.12,451.86,190.54,21.85,48.61,14.6,32.96,0.879,-57.75,0.14,-1.91,-0.037,EXHAUST_LEAK
3779.02,0.7,847.46,424.85,180.57,21.3,52.05,13.55,30.67,0.83,-61.49,-0.52,1.08,-0.054,EXHAUST_LEAK
3115.43,0.4487,723.72,316.0,146.74,21.33,51.55,10.13,28.73,0.672,-1.28,1.0,0.38,-0.012,NORMAL
3284.92,0.4933,796.26,353.11,153.91,21.44,50.86,10.59,37.94,0.729,36.02,16.97,-0.61,-0.007,OVERHEATING
3956.8,0.85,1006.01,485.12,232.18,27.03,21.08,15.75,31.03,2.29,-1.86,0.4,-28.57,1.353,LUBRICATION_ISSUE
4349.51,0.9414,1111.25,548.35,197.26,28.5,52.38,17.2,44.82,1.114,28.93,18.96,-0.41,0.059,OVERHEATING
4297.43,0.9148,1062.31,518.64,199.83,28.0,53.37,16.89,31.15,1.093,-1.41,0.41,0.99,0.053,NORMAL
3414.76,0.5545,807.25,359.18,161.93,22.6,50.91,11.55,30.89,0.734,3.81,-2.88,-0.3,-0.04,NORMAL
4425.73,0.9393,1040.05,532.78,199.23,26.31,54.3,17.32,31.69,1.035,-44.79,1.87,0.9,-0.042,EXHAUST_LEAK
4053.15,0.9304,1030.17,518.47,201.36,28.19,50.79,16.86,31.58,4.898,-30.73,1.93,0.36,3.932,CYLINDER_MISFIRE
4182.88,0.8768,1037.44,502.5,200.27,27.28,52.14,16.08,31.72,0.939,2.2,1.35,0.67,-0.066,NORMAL
3936.71,0.789,972.13,463.41,194.03,25.87,50.48,14.9,32.09,0.925,1.87,1.26,0.09,-0.006,NORMAL
3059.71,0.4177,745.4,329.87,139.92,21.23,51.19,9.51,42.54,0.635,41.8,27.71,-0.18,-0.033,OVERHEATING
4225.26,0.8877,1037.37,505.36,202.0,27.62,52.2,16.52,32.74,1.006,-6.51,-0.97,0.4,-0.011,NORMAL
3813.12,0.7292,852.18,434.82,184.6,23.53,50.84,13.79,29.5,0.92,-75.99,-2.08,0.18,0.027,EXHAUST_LEAK
4306.72,0.9198,1109.4,541.76,200.58,27.85,53.31,17.02,46.39,1.019,42.17,21.42,0.86,-0.023,OVERHEATING
3525.36,0.6078,884.32,413.2,167.3,23.42,49.4,12.36,45.49,0.855,43.37,28.63,-1.57,0.047,OVERHEATING
2861.6,0.3432,688.51,283.48,128.38,19.93,50.2,8.43,34.87,0.679,39.53,14.09,-1.22,0.071,OVERHEATING
3585.06,0.6505,900.4,423.44,174.58,24.16,50.52,12.82,42.97,0.887,30.88,21.73,-0.08,0.061,OVERHEATING
3934.93,0.8328,1058.66,479.19,198.12,26.83,49.96,9.78,32.06,1.026,62.26,1.34,0.38,0.096,FUEL_RESTRICTION
4154.45,0.9466,1137.42,525.52,199.89,28.39,51.17,12.83,33.8,1.043,61.73,0.11,-0.07,0.047,FUEL_RESTRICTION
3832.9,0.7454,984.89,464.85,188.82,25.66,49.64,14.33,45.94,0.898,46.03,21.53,-0.86,-0.002,OVERHEATING
3051.48,0.4702,731.91,320.59,178.52,21.49,26.17,10.28,28.94,2.225,-2.81,-0.24,-24.2,1.559,LUBRICATION_ISSUE
3701.72,0.6944,906.48,420.0,178.86,24.7,50.63,13.75,29.2,0.922,4.78,-1.02,0.07,0.061,NORMAL
2673.66,0.335,702.31,261.85,126.93,19.47,48.71,2.29,29.12,0.568,67.64,1.05,-1.64,0.016,FUEL_RESTRICTION
3915.07,0.7683,878.35,452.06,191.61,23.54,50.42,14.79,30.62,0.96,-78.35,-1.96,-0.2,0.035,EXHAUST_LEAK
3715.63,0.7727,900.46,448.73,188.53,25.7,49.9,14.75,31.42,5.125,-48.93,-0.9,0.66,4.26,CYLINDER_MISFIRE
3650.03,0.7293,916.17,429.44,206.72,25.51,16.77,13.67,30.94,2.175,-3.89,-2.6,-32.83,1.33,LUBRICATION_ISSUE
3549.06,0.5983,883.68,401.06,169.33,23.37,51.84,12.14,44.45,0.882,47.25,19.2,0.54,0.067,OVERHEATING
3000.66,0.4729,730.06,321.31,178.41,21.85,16.62,10.44,29.0,2.033,-3.72,1.04,-33.37,1.383,LUBRICATION_ISSUE
2752.05,0.311,552.64,255.59,121.05,17.0,50.5,7.81,28.71,0.644,-71.54,1.08,-0.79,0.068,EXHAUST_LEAK
3044.12,0.4277,706.71,304.22,140.69,20.76,51.04,9.37,29.18,0.665,-2.12,-1.08,-0.05,0.002,NORMAL
3692.34,0.7536,1009.51,444.8,188.54,25.7,50.63,9.97,33.28,0.849,72.75,2.74,1.19,-0.009,FUEL_RESTRICTION
3957.26,0.8473,1087.41,484.14,198.53,27.15,50.29,11.1,33.21,0.993,81.14,0.38,0.64,0.056,FUEL_RESTRICTION
3222.83,0.5036,702.06,339.72,154.19,18.61,52.34,10.47,30.33,0.683,-61.22,1.76,1.46,-0.034,EXHAUST_LEAK
4131.89,0.945,1155.28,525.83,203.12,28.45,53.33,14.13,31.94,1.0,81.7,1.68,2.27,0.01,FUEL_RESTRICTION
3721.47,0.6951,941.83,436.29,178.86,25.15,51.04,13.49,45.16,0.819,38.67,14.4,0.36,-0.047,OVERHEATING
3698.48,0.7373,989.97,432.97,183.67,25.34,50.5,10.72,29.79,0.871,62.65,-3.43,0.74,0.012,FUEL_RESTRICTION
3044.83,0.407,740.74,321.94,137.75,20.63,52.3,9.34,37.54,0.694,44.27,24.06,0.84,0.031,OVERHEATING
3602.98,0.7207,970.89,426.77,181.87,24.93,47.17,8.19,30.55,0.815,58.33,-0.77,-2.28,-0.016,FUEL_RESTRICTION
2749.04,0.413,650.07,293.21,139.47,20.8,52.12,9.33,27.92,4.815,-35.17,2.06,2.68,4.241,CYLINDER_MISFIRE
3209.63,0.463,688.14,324.03,149.49,19.79,50.51,10.29,28.35,0.776,-50.16,1.06,-1.02,0.063,EXHAUST_LEAK
2880.62,0.3637,701.47,298.31,132.53,19.91,47.62,8.83,43.73,0.635,39.24,20.97,-3.56,0.021,OVERHEATING
4032.33,0.9093,1000.07,507.22,200.0,27.51,51.5,16.75,33.59,3.745,-47.15,-1.12,1.25,2.785,CYLINDER_MISFIRE
3690.8,0.7718,910.68,449.7,188.08,25.98,48.14,14.91,30.73,3.941,-36.92,1.14,-0.95,3.084,CYLINDER_MISFIRE
3625.24,0.7258,914.69,428.4,213.32,25.3,26.12,13.97,30.34,2.213,-2.05,-1.64,-23.38,1.375,LUBRICATION_ISSUE
3904.51,0.8568,983.76,487.73,199.32,26.7,47.25,15.89,32.02,4.507,-25.52,2.16,-1.99,3.586,CYLINDER_MISFIRE
4168.61,0.8492,957.56,490.01,200.95,23.27,49.93,15.75,32.34,1.035,-60.41,-0.77,-1.42,0.035,EXHAUST_LEAK
2876.16,0.422,753.73,296.91,139.53,21.32,50.39,3.88,28.0,0.66,56.72,-1.3,0.29,0.047,FUEL_RESTRICTION
3777.53,0.7118,913.48,427.46,182.12,25.19,49.95,13.8,30.33,0.897,-2.47,-2.12,-0.79,0.014,NORMAL
3823.7,0.7684,1008.05,450.99,190.16,25.72,52.03,10.33,31.36,0.887,55.83,-0.34,2.0,-0.011,FUEL_RESTRICTION
3766.78,0.7074,906.74,422.01,183.78,24.93,50.48,14.02,31.17,0.945,-6.05,-5.66,-0.27,0.065,NORMAL
3645.5,0.6523,820.94,408.42,173.97,21.32,50.95,13.4,29.99,0.964,-52.73,4.22,-0.0,0.12,EXHAUST_LEAK
3691.39,0.7725,923.33,451.57,187.82,25.89,49.26,14.69,32.6,4.452,-24.72,2.74,0.17,3.594,CYLINDER_MISFIRE
4286.03,0.9262,1072.64,524.95,199.09,27.92,50.32,17.0,33.21,1.017,2.63,2.95,-1.97,-0.019,NORMAL
3930.28,0.7803,964.89,458.38,191.51,25.94,50.81,14.7,31.51,0.923,0.22,-0.42,0.31,-0.006,NORMAL
3361.19,0.6182,838.65,382.52,185.13,23.82,18.47,12.43,29.37,1.954,-0.33,-0.87,-31.25,1.195,LUBRICATION_ISSUE
2719.51,0.3571,644.03,269.97,148.16,20.02,28.84,8.42,28.61,1.724,-6.18,-0.16,-21.41,1.158,LUBRICATION_ISSUE
3531.05,0.6179,775.49,389.73,170.04,20.87,51.01,12.56,30.19,0.674,-71.82,1.35,0.19,-0.135,EXHAUST_LEAK
3080.57,0.4227,653.58,305.34,141.38,18.21,51.39,9.5,28.52,0.699,-54.05,0.77,-0.02,0.025,EXHAUST_LEAK
3471.82,0.5941,751.94,377.16,164.71,19.6,51.22,12.24,31.0,0.731,-78.08,-0.86,0.35,-0.06,EXHAUST_LEAK
2699.46,0.3501,698.15,269.19,130.17,20.09,49.82,2.46,29.19,0.556,53.14,2.18,-0.42,-0.004,FUEL_RESTRICTION
3626.61,0.6298,785.33,396.62,170.46,19.51,52.05,12.54,30.49,0.924,-73.88,1.09,0.82,0.086,EXHAUST_LEAK
3972.38,0.8506,1005.85,487.47,223.71,26.59,19.0,15.87,30.78,2.732,-3.14,2.08,-30.78,1.79,LUBRICATION_ISSUE
4326.35,0.9139,1068.09,516.42,200.78,28.1,52.02,16.91,31.89,1.028,3.44,-2.37,-0.59,-0.02,NORMAL
4117.86,0.9409,1030.04,522.18,199.3,28.06,50.94,16.91,31.98,4.899,-40.38,-0.08,-0.01,3.914,CYLINDER_MISFIRE
2998.7,0.4417,717.2,307.7,167.0,21.44,14.38,9.57,28.52,2.064,2.22,-1.28,-36.16,1.414,LUBRICATION_ISSUE
3498.68,0.6008,862.22,407.76,166.07,23.47,52.22,12.45,36.06,0.766,26.78,26.49,1.3,-0.033,OVERHEATING
2795.72,0.3811,672.15,284.16,163.32,20.15,20.19,8.58,27.65,2.107,3.71,3.1,-30.13,1.518,LUBRICATION_ISSUE
2743.42,0.4009,648.37,286.97,135.64,20.79,48.44,8.82,27.34,4.749,-29.34,0.34,-1.17,4.175,CYLINDER_MISFIRE
2900.05,0.3546,706.24,295.01,131.02,19.66,51.23,8.49,43.51,0.595,48.48,20.35,-0.23,-0.025,OVERHEATING
4246.0,0.9271,1023.16,520.0,198.56,25.91,51.02,17.13,33.64,1.046,-45.43,-1.15,-0.95,0.023,EXHAUST_LEAK
3305.46,0.5938,879.44,374.14,163.71,23.47,48.62,8.56,30.12,0.715,57.87,1.2,-1.18,-0.027,FUEL_RESTRICTION
4347.71,0.949,1023.2,532.43,198.5,26.76,52.24,17.28,33.35,1.023,-63.57,0.37,-0.54,-0.032,EXHAUST_LEAK
3666.39,0.6904,897.92,414.6,209.78,24.47,23.97,13.61,30.37,2.54,0.34,-3.95,-26.43,1.69,LUBRICATION_ISSUE
3530.85,0.6873,835.32,412.11,178.59,24.63,51.67,13.1,30.4,4.514,-53.59,-1.23,2.09,3.705,CYLINDER_MISFIRE
2534.36,0.321,591.86,250.95,124.56,18.98,49.28,7.75,28.2,3.957,-27.44,-0.63,-0.42,3.447,CYLINDER_MISFIRE
3100.29,0.534,726.38,343.34,153.31,22.81,49.72,11.12,29.27,4.638,-49.06,-1.93,0.18,3.958,CYLINDER_MISFIRE
3852.51,0.7384,972.68,467.51,188.79,25.33,51.1,14.33,38.03,0.842,36.99,26.1,0.35,-0.064,OVERHEATING
3945.42,0.7819,923.05,460.99,191.44,22.97,48.54,14.92,30.97,0.881,-43.36,1.14,-2.03,-0.052,EXHAUST_LEAK
3334.02,0.5527,797.31,358.56,158.72,22.68,52.43,11.07,30.44,0.764,-0.99,-0.42,1.7,0.014,NORMAL
3278.35,0.5858,821.84,370.53,185.88,23.46,23.13,11.66,30.34,2.385,6.46,1.3,-26.64,1.652,LUBRICATION_ISSUE
2718.51,0.3837,631.95,277.83,132.67,20.16,48.56,8.86,26.96,3.384,-34.17,-1.84,-1.2,2.819,CYLINDER_MISFIRE
2917.81,0.4381,704.66,308.54,170.0,21.03,25.32,9.79,27.59,1.868,-4.08,3.3,-24.76,1.242,LUBRICATION_ISSUE
4003.35,0.8188,1031.14,498.44,199.06,26.61,49.37,15.53,50.34,0.947,39.68,23.57,-0.91,-0.004,OVERHEATING
3800.01,0.7097,873.54,430.87,184.92,21.9,50.38,13.54,30.34,0.878,-42.28,1.38,-0.55,-0.012,EXHAUST_LEAK
2920.38,0.4299,766.15,302.71,140.84,21.25,51.82,5.61,29.55,0.563,62.17,0.32,1.58,-0.063,FUEL_RESTRICTION
2773.1,0.3867,727.29,285.83,135.01,20.27,51.27,5.54,27.41,0.55,56.59,3.42,1.2,-0.032,FUEL_RESTRICTION
3925.89,0.8787,1095.2,489.71,199.27,27.44,49.98,11.45,32.53,0.964,71.68,-4.4,0.57,0.036,FUEL_RESTRICTION
3510.26,0.6106,798.92,385.38,167.58,21.73,50.61,12.19,28.48,0.86,-42.97,0.25,-0.22,0.057,EXHAUST_LEAK
3182.0,0.4573,731.98,320.62,147.14,21.36,50.51,9.99,27.93,0.671,-1.51,0.53,-0.94,-0.033,NORMAL
3464.48,0.6627,918.33,402.9,173.29,24.31,50.04,7.52,29.3,0.833,47.5,0.4,0.45,0.044,FUEL_RESTRICTION
3455.52,0.5823,776.1,373.09,165.29,21.22,52.43,11.95,30.07,0.711,-46.03,-0.19,1.45,-0.076,EXHAUST_LEAK
3944.49,0.7661,959.67,454.71,190.57,25.91,51.46,14.57,30.83,0.966,2.79,0.59,0.61,0.033,NORMAL
2972.75,0.3774,706.09,306.85,134.49,20.04,52.22,9.03,41.53,0.671,30.99,21.78,0.7,0.029,OVERHEATING
3975.64,0.8578,1057.46,487.9,199.69,26.74,48.5,11.92,31.06,0.92,44.03,-0.16,-1.31,-0.023,FUEL_RESTRICTION
4013.11,0.8982,1099.47,504.61,200.21,27.65,51.23,10.91,31.22,0.928,59.9,0.87,1.12,-0.026,FUEL_RESTRICTION
3779.55,0.7197,970.19,460.87,183.62,25.09,50.88,13.83,41.31,0.842,49.41,28.4,0.27,-0.042,OVERHEATING
3243.26,0.5691,804.22,362.5,194.17,22.99,17.8,11.77,30.16,2.495,0.6,0.33,-32.04,1.772,LUBRICATION_ISSUE
3110.55,0.4472,771.98,345.35,145.21,21.13,50.41,9.68,42.37,0.762,48.13,31.04,-0.76,0.078,OVERHEATING
2548.87,0.3088,687.0,246.96,122.51,19.57,49.59,3.37,27.05,0.555,74.3,-0.66,-0.42,0.041,FUEL_RESTRICTION
3395.17,0.5631,851.09,390.22,160.24,22.64,51.26,11.61,46.48,0.794,43.49,25.66,0.33,0.025,OVERHEATING
4184.28,0.9219,1131.97,518.03,199.07,28.09,50.45,13.47,32.92,1.001,69.6,0.6,-1.02,-0.004,FUEL_RESTRICTION
3874.67,0.7433,973.73,465.84,187.12,25.5,51.0,14.15,46.66,0.868,34.02,22.01,0.2,-0.044,OVERHEATING
2801.59,0.4353,670.04,301.98,140.98,21.14,50.23,9.55,27.84,3.478,-31.2,1.24,0.86,2.888,CYLINDER_MISFIRE
3526.08,0.7155,864.92,426.2,182.45,24.79,51.59,13.32,30.02,3.403,-40.69,2.84,2.55,2.595,CYLINDER_MISFIRE
3482.48,0.6154,844.62,384.24,169.62,23.43,52.45,12.24,27.95,0.763,1.25,-1.78,1.89,-0.032,NORMAL
4372.81,0.9484,1130.71,557.24,200.02,28.22,53.0,17.48,46.06,1.053,43.05,24.64,0.02,-0.009,OVERHEATING
3077.29,0.4447,722.06,308.69,142.4,21.17,50.64,9.66,28.87,0.683,1.35,-3.74,-0.36,0.01,NORMAL
2531.69,0.3246,575.34,255.94,124.29,19.47,48.66,7.8,27.47,3.246,-46.0,3.14,-0.95,2.736,CYLINDER_MISFIRE
4152.53,0.9194,1057.72,513.54,235.18,27.84,18.57,16.8,31.84,2.061,-1.55,-2.02,-32.65,1.065,LUBRICATION_ISSUE
4333.89,0.9447,1082.87,528.4,199.13,28.34,54.68,17.4,31.6,1.068,-0.63,-1.7,2.0,0.018,NORMAL
2842.53,0.4194,748.57,297.53,137.75,20.57,49.75,4.88,28.47,0.602,54.79,1.27,-0.18,-0.001,FUEL_RESTRICTION
3830.67,0.7413,983.78,467.16,185.88,25.16,49.74,14.6,46.88,0.949,47.46,25.37,-0.82,0.049,OVERHEATING
3822.77,0.7373,931.49,439.39,187.51,25.38,51.03,14.44,31.45,0.891,-2.03,-0.72,0.45,-0.006,NORMAL
2828.06,0.3371,647.08,266.77,130.63,19.78,49.93,8.04,26.46,0.625,3.45,0.59,-1.39,0.026,NORMAL
3485.94,0.6947,848.01,413.96,175.0,25.05,48.81,13.32,30.53,4.508,-43.09,-0.7,-0.35,3.712,CYLINDER_MISFIRE
3953.2,0.856,1052.13,484.93,197.37,26.86,49.95,12.41,32.49,0.948,40.88,-1.82,0.33,0.012,FUEL_RESTRICTION
4047.96,0.8385,944.4,484.81,200.8,23.9,51.47,15.91,31.46,0.987,-61.1,1.51,1.08,0.022,EXHAUST_LEAK
3118.61,0.444,716.5,308.63,144.98,21.31,53.76,9.89,29.21,0.678,-5.82,-4.77,2.48,-0.008,NORMAL
4256.69,0.9084,1105.6,535.18,199.35,27.83,52.56,16.9,51.18,1.102,47.74,20.47,0.5,0.075,OVERHEATING
3789.97,0.7095,963.1,462.38,182.85,24.74,50.54,14.32,39.07,0.868,47.88,33.24,-0.32,-0.019,OVERHEATING
3631.34,0.7354,984.24,430.5,188.36,25.52,47.56,8.86,30.94,0.883,61.41,-3.2,-1.81,0.044,FUEL_RESTRICTION
2850.64,0.3448,695.49,285.37,130.4,19.54,51.83,8.44,41.24,0.689,46.07,15.72,0.51,0.083,OVERHEATING
3006.75,0.482,797.08,326.4,143.79,21.82,49.33,6.13,28.51,0.657,57.51,2.66,-0.54,0.005,FUEL_RESTRICTION
3819.42,0.7058,863.78,428.29,185.17,22.73,50.11,13.73,30.33,0.942,-50.66,-0.37,-1.02,0.046,EXHAUST_LEAK
3176.35,0.464,741.1,322.59,146.61,21.6,50.32,10.4,29.79,0.684,3.91,0.28,-0.98,-0.019,NORMAL
3681.81,0.678,825.79,414.76,175.06,22.05,50.86,13.41,30.18,0.865,-65.13,0.21,0.14,0.01,EXHAUST_LEAK
3987.18,0.8017,1014.34,493.8,197.12,26.12,50.69,15.25,47.65,0.976,33.95,25.57,0.2,0.03,OVERHEATING
4061.23,0.8936,1075.51,503.3,201.15,27.72,49.85,11.96,30.04,0.994,36.32,-0.22,-0.64,0.026,FUEL_RESTRICTION
2864.22,0.3395,673.84,290.8,130.58,19.75,50.84,8.46,43.44,0.579,26.93,22.65,-0.67,-0.031,OVERHEATING
2676.17,0.3541,703.31,268.14,128.16,19.91,49.48,2.05,28.52,0.48,57.02,0.37,-0.54,-0.073,FUEL_RESTRICTION
3711.86,0.6973,957.4,451.71,180.84,24.46,51.8,13.72,48.69,0.831,53.43,29.33,1.22,-0.033,OVERHEATING
3588.82,0.7265,881.55,430.13,184.4,24.96,48.48,13.68,32.16,5.201,-33.78,0.92,-0.77,4.374,CYLINDER_MISFIRE
4195.4,0.8766,1067.11,523.17,200.67,27.34,51.8,16.36,43.84,0.919,31.38,21.73,0.23,-0.09,OVERHEATING
4074.03,0.9402,1039.3,523.17,199.72,27.83,50.84,16.86,31.71,5.305,-28.52,2.48,0.25,4.333,CYLINDER_MISFIRE
3957.87,0.7649,1004.97,480.44,192.56,26.18,51.13,14.56,48.67,1.012,48.14,26.34,0.17,0.075,OVERHEATING
3178.66,0.5649,752.53,359.17,161.04,23.23,49.68,11.49,29.39,4.611,-45.36,0.44,0.18,3.907,CYLINDER_MISFIRE
3005.1,0.4073,645.79,298.65,136.58,16.8,51.11,9.14,27.37,0.662,-48.87,1.85,-0.09,0.011,EXHAUST_LEAK
2666.05,0.32,625.64,254.04,153.58,19.44,24.32,8.02,27.84,1.487,0.36,-1.13,-26.25,0.937,LUBRICATION_ISSUE
3558.18,0.617,796.75,389.74,167.09,20.1,50.38,12.59,30.04,0.854,-51.33,0.89,-0.64,0.036,EXHAUST_LEAK
3589.73,0.7195,988.44,432.24,184.3,25.11,51.18,8.02,30.53,0.845,77.26,5.53,1.8,0.019,FUEL_RESTRICTION
4033.47,0.9077,1009.57,511.04,197.08,27.58,50.89,16.57,31.86,4.081,-36.72,3.27,0.62,3.121,CYLINDER_MISFIRE
4230.34,0.8948,1079.85,533.65,197.32,27.33,51.55,16.38,48.07,1.053,31.45,24.61,-0.3,0.034,OVERHEATING
4221.04,0.8767,963.79,500.43,200.39,24.92,50.51,16.49,32.17,1.044,-73.28,-1.81,-1.26,0.027,EXHAUST_LEAK
2953.95,0.3719,674.59,281.6,133.13,19.81,51.63,9.11,28.2,0.635,3.76,-0.9,0.12,-0.001,NORMAL
3216.94,0.4803,691.4,327.57,147.62,19.57,53.26,10.52,28.45,0.699,-57.61,-1.84,2.0,-0.016,EXHAUST_LEAK
3249.68,0.5176,819.27,369.47,154.09,22.32,51.03,10.99,41.19,0.742,46.24,25.65,0.23,0.017,OVERHEATING
4187.71,0.8731,988.79,497.35,200.54,26.06,52.29,16.12,31.08,1.031,-44.48,-2.6,0.79,0.025,EXHAUST_LEAK
3354.36,0.5509,798.17,354.57,161.64,22.66,51.27,11.47,30.42,0.682,-0.1,-4.4,0.38,-0.074,NORMAL
2948.54,0.381,677.75,284.49,133.31,20.13,50.69,8.83,29.97,0.685,1.73,-1.13,-0.62,0.05,NORMAL
3088.56,0.4318,743.46,330.63,140.8,21.28,50.57,9.64,46.86,0.632,29.95,22.53,-0.74,-0.045,OVERHEATING
3933.56,0.7782,1007.39,486.44,191.79,25.74,50.87,14.64,42.4,0.896,43.79,28.29,0.31,-0.034,OVERHEATING
2695.69,0.3297,629.61,258.29,156.68,19.91,21.89,7.6,27.48,2.268,-2.98,-1.27,-28.69,1.709,LUBRICATION_ISSUE
2711.62,0.3826,629.52,278.62,135.21,20.27,53.17,8.94,27.15,3.178,-35.63,-0.47,3.43,2.614,CYLINDER_MISFIRE
3725.46,0.6864,898.11,419.7,178.47,24.32,48.56,13.65,31.37,0.88,-0.01,0.83,-2.3,0.012,NORMAL
3305.04,0.5206,780.49,346.19,157.5,22.37,53.73,10.96,29.33,0.7,2.85,-0.4,2.62,-0.041,NORMAL
3498.89,0.6625,923.83,401.05,174.96,24.2,50.51,8.77,29.84,0.891,51.4,-2.4,0.69,0.091,FUEL_RESTRICTION
4241.47,0.8812,1070.47,525.14,198.02,27.36,53.68,16.4,45.87,1.063,29.7,20.68,1.74,0.04,OVERHEATING
3302.37,0.5464,732.61,354.53,158.32,18.87,50.6,11.33,28.07,0.834,-60.35,-1.24,-0.03,0.093,EXHAUST_LEAK
2725.86,0.3425,642.71,263.16,161.13,20.05,20.19,8.15,27.79,2.32,0.91,-1.92,-30.37,1.752,LUBRICATION_ISSUE
2963.89,0.3824,680.72,286.19,133.99,20.45,50.37,8.88,28.27,0.694,3.07,-0.4,-1.01,0.054,NORMAL
3226.65,0.4993,803.45,358.25,151.36,21.94,49.63,10.59,45.97,0.713,42.51,21.69,-1.36,-0.005,OVERHEATING
3439.1,0.5982,770.48,381.29,163.29,21.4,50.0,12.17,32.19,0.845,-60.37,2.78,-0.59,0.063,EXHAUST_LEAK
3141.82,0.4424,768.27,343.25,145.36,21.37,51.51,9.74,38.73,0.706,45.72,29.72,0.05,0.014,OVERHEATING
2862.21,0.3399,646.4,271.2,129.63,19.69,50.75,8.27,27.41,0.615,-0.64,2.98,-0.74,0.007,NORMAL
2769.23,0.3575,650.48,275.7,164.1,20.12,25.14,8.5,28.09,1.563,-2.5,3.91,-25.42,0.982,LUBRICATION_ISSUE
2863.23,0.4166,691.59,298.99,160.41,20.88,22.15,9.51,27.87,1.715,-1.52,3.12,-27.96,1.106,LUBRICATION_ISSUE
2795.64,0.4053,684.78,290.24,168.98,20.72,23.44,9.04,27.7,1.809,1.8,0.45,-26.43,1.22,LUBRICATION_ISSUE
3911.08,0.7712,1006.51,472.6,192.23,25.77,49.78,14.61,38.0,0.916,48.21,17.62,-0.76,-0.007,OVERHEATING
3137.86,0.4641,736.88,318.61,145.84,21.76,49.9,10.27,27.06,0.749,1.54,-2.59,-1.15,0.058,NORMAL
3874.19,0.8269,1041.78,473.19,197.94,26.32,50.09,9.07,32.05,0.925,51.91,-0.73,0.79,0.013,FUEL_RESTRICTION
3877.31,0.8469,966.38,484.41,198.83,26.5,49.08,15.83,31.74,4.694,-35.59,3.22,0.06,3.78,CYLINDER_MISFIRE
3135.58,0.4552,780.65,334.25,145.71,21.22,49.59,10.22,41.36,0.626,50.77,16.32,-1.6,-0.065,OVERHEATING
4071.69,0.9257,1021.63,512.3,201.3,27.98,45.84,16.79,35.15,3.816,-37.36,-3.1,-4.73,2.845,CYLINDER_MISFIRE
3593.7,0.674,884.62,411.96,198.15,24.39,15.58,13.44,31.26,2.277,0.54,1.51,-34.64,1.449,LUBRICATION_ISSUE
3368.3,0.5397,840.32,385.06,158.4,22.5,50.7,11.08,40.13,0.756,48.11,29.73,-0.48,-0.004,OVERHEATING
4372.97,0.9401,1112.55,556.04,200.63,27.75,52.35,17.32,44.91,1.034,29.85,26.43,-0.64,-0.028,OVERHEATING
3877.06,0.7343,882.59,440.72,186.88,22.29,51.9,14.35,30.79,0.984,-51.86,0.04,0.91,0.071,EXHAUST_LEAK
4096.75,0.9213,1118.05,514.68,200.23,28.31,50.02,11.88,32.89,0.965,60.44,0.11,-0.75,-0.014,FUEL_RESTRICTION
3026.37,0.3994,637.51,294.4,137.81,18.8,52.07,9.42,29.2,0.671,-53.47,-0.18,0.59,0.013,EXHAUST_LEAK
2787.24,0.3189,671.37,275.6,127.28,19.44,50.96,7.95,44.43,0.572,40.68,17.19,-0.42,-0.014,OVERHEATING
3946.3,0.7536,971.78,475.81,189.08,25.74,48.4,14.35,39.28,0.996,22.33,26.14,-2.69,0.062,OVERHEATING
3768.21,0.8008,930.16,463.01,192.53,26.1,50.26,14.7,32.78,4.637,-38.75,1.67,1.18,3.756,CYLINDER_MISFIRE
3718.81,0.6786,894.87,414.14,179.16,24.61,50.71,13.31,29.4,0.796,1.78,-1.71,-0.25,-0.07,NORMAL
2950.07,0.3782,673.58,284.43,136.0,20.3,50.12,8.69,26.83,0.693,-0.87,-0.24,-1.25,0.058,NORMAL
2913.14,0.3678,717.67,301.29,134.02,19.9,51.43,8.82,45.12,0.646,51.35,21.5,0.11,0.022,OVERHEATING
3733.67,0.6893,931.22,441.48,178.52,24.59,52.81,13.35,40.61,0.86,30.93,21.3,1.95,-0.01,OVERHEATING
2981.85,0.4754,691.4,319.32,145.36,21.44,49.12,10.33,28.69,4.676,-42.91,-1.26,-0.7,4.032,CYLINDER_MISFIRE
3731.8,0.691,901.36,420.81,179.19,24.54,49.13,13.83,29.53,0.842,0.15,0.08,-1.68,-0.028,NORMAL
3885.49,0.8595,975.98,483.05,200.46,27.13,47.53,15.75,32.56,4.721,-33.97,-2.92,-1.55,3.806,CYLINDER_MISFIRE
3966.96,0.7851,974.37,462.89,194.24,26.09,49.46,15.22,32.87,0.956,4.96,1.25,-1.2,0.016,NORMAL
3860.54,0.8024,1029.82,465.51,195.32,26.35,49.83,11.12,33.77,0.932,55.38,0.85,0.18,0.024,FUEL_RESTRICTION
3177.15,0.4823,790.59,354.94,148.87,22.02,50.69,10.23,37.92,0.731,42.38,26.01,-0.28,0.028,OVERHEATING
3281.16,0.4979,761.33,339.8,152.28,21.84,50.05,10.62,30.12,0.691,-1.48,2.11,-1.31,-0.043,NORMAL
2661.97,0.3086,621.78,254.5,145.21,19.16,25.41,7.67,26.82,2.042,3.52,3.54,-25.33,1.493,LUBRICATION_ISSUE
3027.46,0.4172,744.47,323.42,138.76,20.77,51.09,9.58,41.03,0.642,42.75,22.38,-0.08,-0.017,OVERHEATING
3922.52,0.825,994.64,478.21,225.66,26.63,27.78,15.29,31.89,2.017,3.49,3.52,-21.86,1.09,LUBRICATION_ISSUE
3086.46,0.5339,726.95,341.41,156.34,22.24,50.61,10.75,29.61,5.156,-47.71,-3.39,1.15,4.48,CYLINDER_MISFIRE
2900.85,0.4328,756.31,304.03,140.42,20.99,50.7,5.25,28.68,0.528,51.61,1.2,0.63,-0.092,FUEL_RESTRICTION
2985.25,0.3889,726.18,307.22,137.04,20.48,53.63,8.82,40.82,0.634,43.59,17.67,2.22,-0.012,OVERHEATING
4078.43,0.9059,1129.11,508.42,201.23,27.47,48.47,11.91,31.94,0.966,81.67,-0.04,-2.15,-0.008,FUEL_RESTRICTION
4009.89,0.8284,1036.34,507.19,200.0,26.42,50.46,15.47,43.9,0.994,38.79,28.66,0.31,0.041,OVERHEATING
3104.27,0.4436,669.07,313.41,143.84,18.34,50.29,9.45,27.91,0.733,-52.33,0.57,-0.91,0.052,EXHAUST_LEAK
2902.76,0.3406,648.62,272.94,131.4,19.85,52.28,8.15,27.89,0.678,-0.9,3.23,0.54,0.057,NORMAL
3123.73,0.4465,766.35,335.88,143.34,21.31,52.67,9.83,40.81,0.694,42.28,21.43,1.41,0.007,OVERHEATING
3403.15,0.6377,922.21,390.14,172.78,24.24,48.78,8.45,29.73,0.81,69.45,-1.51,-0.86,0.039,FUEL_RESTRICTION
2785.11,0.316,632.11,259.21,126.5,19.64,50.36,7.99,27.43,0.619,3.24,1.89,-1.06,0.034,NORMAL
3298.54,0.5315,821.02,378.57,157.56,22.56,48.88,11.16,44.01,0.686,37.17,28.26,-1.99,-0.053,OVERHEATING
3174.28,0.5482,833.36,356.19,156.72,22.49,50.57,7.7,28.18,0.717,45.73,3.61,0.8,0.015,FUEL_RESTRICTION
3719.39,0.6871,941.11,440.77,183.43,24.69,48.37,13.43,37.55,0.853,42.89,21.84,-2.44,-0.013,OVERHEATING
4222.22,0.8785,1079.29,522.27,199.84,27.2,51.98,16.55,49.54,1.031,41.07,19.34,0.2,0.014,OVERHEATING
3720.42,0.7533,999.24,443.9,189.39,25.33,49.31,8.44,31.19,0.891,61.24,1.1,-0.31,0.025,FUEL_RESTRICTION
3785.37,0.7092,844.15,429.03,183.22,22.78,50.48,14.07,30.64,0.911,-70.61,0.17,-0.36,0.025,EXHAUST_LEAK
3425.46,0.5619,764.32,367.99,159.7,19.72,52.04,11.99,27.47,0.783,-44.09,2.95,0.89,0.006,EXHAUST_LEAK
3656.69,0.7445,982.9,438.19,186.96,25.13,50.36,8.86,31.46,0.913,53.36,0.47,1.0,0.066,FUEL_RESTRICTION
3127.15,0.5187,810.28,342.01,151.85,22.44,50.12,5.87,29.46,0.752,42.73,1.47,0.13,0.064,FUEL_RESTRICTION
3201.78,0.5498,847.98,350.96,158.19,22.95,50.83,7.84,28.21,0.716,57.99,-3.04,0.91,0.005,FUEL_RESTRICTION
3933.24,0.8344,1080.55,477.36,197.68,26.56,48.27,10.67,31.41,0.894,83.25,-1.02,-1.28,-0.036,FUEL_RESTRICTION
3816.96,0.717,869.95,434.51,186.49,22.36,51.45,14.13,30.44,0.863,-51.12,1.86,0.55,-0.033,EXHAUST_LEAK
4133.9,0.8981,1045.98,507.63,232.13,27.77,21.83,16.41,31.42,1.873,0.44,0.3,-29.24,0.883,LUBRICATION_ISSUE
4342.11,0.9266,1116.7,546.83,200.02,27.52,53.03,17.24,46.67,1.042,43.62,22.99,0.3,-0.01,OVERHEATING
4249.75,0.8907,1050.31,506.33,199.14,27.44,53.94,16.67,31.07,1.021,3.38,-1.83,1.94,-0.004,NORMAL
3689.69,0.7351,999.59,434.06,185.73,25.22,50.31,10.39,30.74,0.84,74.05,-1.26,0.56,-0.017,FUEL_RESTRICTION
3400.41,0.5428,841.53,377.23,158.5,22.74,51.52,11.23,37.36,0.69,45.84,19.81,0.19,-0.08,OVERHEATING
3395.25,0.5576,805.9,361.28,160.31,23.0,52.66,11.64,29.35,0.759,1.6,-1.3,1.63,-0.009,NORMAL
3049.88,0.4147,650.0,299.32,140.75,19.03,52.73,9.55,27.88,0.694,-51.31,-1.47,1.37,0.029,EXHAUST_LEAK
3983.25,0.7834,1008.43,483.06,192.41,25.85,52.28,14.97,42.26,0.94,39.21,21.53,1.49,-0.005,OVERHEATING
3755.36,0.7831,1013.65,454.95,190.92,26.1,48.83,8.76,31.1,0.858,56.02,0.37,-0.48,-0.019,FUEL_RESTRICTION
4041.65,0.8169,948.99,473.26,201.45,23.18,50.59,15.29,31.01,1.013,-43.24,-2.08,0.02,0.05,EXHAUST_LEAK
3854.24,0.7304,884.18,440.41,190.62,23.0,50.69,14.23,30.0,0.938,-46.79,1.83,-0.22,0.032,EXHAUST_LEAK
4142.51,0.946,1050.67,525.65,202.91,28.36,50.96,17.12,32.31,3.915,-24.07,0.81,-0.18,2.922,CYLINDER_MISFIRE
3335.03,0.5312,820.24,368.26,155.99,22.43,50.19,11.26,39.52,0.846,34.79,16.99,-0.92,0.095,OVERHEATING
3459.44,0.5797,822.51,371.81,163.38,23.29,51.09,11.98,28.85,0.732,1.71,-0.66,0.04,-0.056,NORMAL
3328.57,0.5851,816.92,372.84,185.18,23.34,23.22,11.82,29.68,1.973,-0.55,2.36,-26.89,1.225,LUBRICATION_ISSUE
2823.0,0.3287,566.72,262.37,128.31,16.59,52.88,7.87,27.47,0.637,-71.67,-0.66,1.45,0.04,EXHAUST_LEAK
2966.42,0.4607,769.04,314.78,143.56,21.41,47.92,3.97,27.98,0.67,44.3,-0.06,-2.07,0.03,FUEL_RESTRICTION
4115.32,0.8491,1058.13,514.52,200.71,26.9,51.4,15.93,39.56,0.986,42.89,25.37,0.47,0.001,OVERHEATING
2755.31,0.3879,629.65,280.92,135.33,20.51,49.02,8.7,27.19,3.18,-40.88,-1.4,-0.91,2.603,CYLINDER_MISFIRE
3429.95,0.6277,852.28,388.9,196.17,24.23,19.32,12.3,29.07,2.097,4.19,0.05,-30.68,1.318,LUBRICATION_ISSUE
3089.87,0.489,748.19,329.32,168.23,22.06,19.78,10.31,29.33,1.843,0.29,0.58,-30.5,1.166,LUBRICATION_ISSUE
3332.23,0.5239,781.65,348.66,153.52,22.49,53.01,10.91,30.27,0.795,0.69,0.08,1.78,0.045,NORMAL
3809.37,0.765,952.38,451.59,221.66,25.85,18.26,14.4,31.55,1.912,2.91,1.9,-31.73,1.02,LUBRICATION_ISSUE
4018.36,0.8001,1019.15,492.99,195.4,26.24,53.13,15.14,44.66,0.91,38.17,24.4,2.42,-0.045,OVERHEATING
4140.53,0.9391,1144.69,525.92,198.61,28.06,51.09,13.69,32.97,0.98,74.17,3.62,-0.04,-0.012,FUEL_RESTRICTION
3937.99,0.7791,1003.8,481.65,193.56,26.09,50.97,14.82,48.49,0.966,39.46,23.04,0.4,0.034,OVERHEATING
3924.52,0.7521,977.72,461.53,188.75,25.64,50.96,14.69,49.64,0.88,30.24,13.04,-0.01,-0.047,OVERHEATING
3754.25,0.7092,913.29,429.85,181.1,24.76,51.99,13.78,30.05,0.905,0.05,1.91,1.35,0.029,NORMAL
3759.52,0.7732,1004.78,451.95,189.39,25.67,50.04,9.13,33.46,0.904,52.88,0.81,0.52,0.026,FUEL_RESTRICTION
2629.42,0.3352,697.22,259.92,126.41,19.75,50.26,4.64,27.49,0.509,64.62,0.36,0.2,-0.03,FUEL_RESTRICTION
3701.34,0.6938,900.12,420.69,180.87,24.77,52.11,13.21,28.64,0.841,-1.25,-0.13,1.54,-0.02,NORMAL
3425.63,0.6589,820.27,399.87,172.77,24.36,49.26,12.99,31.06,3.795,-46.33,-0.09,-0.15,3.018,CYLINDER_MISFIRE
3014.43,0.4024,723.56,313.66,139.89,20.75,48.97,9.29,43.54,0.698,31.38,18.35,-2.38,0.044,OVERHEATING
3032.38,0.516,712.74,336.34,151.02,22.2,49.27,10.78,28.95,3.567,-48.5,-0.4,-0.15,2.907,CYLINDER_MISFIRE
4172.36,0.8773,1061.27,522.39,200.11,27.15,51.61,16.26,46.86,0.955,26.26,21.39,0.23,-0.047,OVERHEATING
2544.9,0.315,580.54,253.52,123.63,19.53,51.02,7.4,27.1,4.579,-35.73,3.76,1.15,4.066,CYLINDER_MISFIRE
2810.01,0.3256,632.74,261.13,127.84,19.44,51.42,8.1,27.97,0.588,-3.1,-0.38,0.01,-0.005,NORMAL
3291.76,0.5006,693.02,339.88,151.55,18.75,50.65,10.47,29.22,0.751,-71.9,0.92,-0.73,0.014,EXHAUST_LEAK
3438.55,0.6615,835.7,398.23,173.95,24.1,49.63,12.95,30.87,4.301,-33.12,-3.07,0.19,3.52,CYLINDER_MISFIRE
2741.35,0.3664,657.84,274.31,150.54,20.15,30.0,8.44,28.98,1.521,0.95,0.17,-20.23,0.948,LUBRICATION_ISSUE
4212.93,0.9423,1072.48,520.62,232.56,28.09,30.28,17.32,31.28,2.524,-3.56,-5.01,-21.43,1.51,LUBRICATION_ISSUE
3563.92,0.7031,899.22,419.79,203.42,24.7,16.8,13.47,31.4,2.206,-0.83,-0.24,-32.71,1.387,LUBRICATION_ISSUE
3168.36,0.4676,779.15,349.7,147.95,21.67,50.01,10.33,38.35,0.703,40.17,26.31,-1.17,0.003,OVERHEATING
4309.15,0.9024,980.87,513.82,197.14,24.69,52.43,16.97,32.5,1.048,-76.01,-0.32,-0.04,0.005,EXHAUST_LEAK
3496.45,0.646,865.25,396.91,205.6,24.28,30.45,12.67,29.83,2.527,2.81,-0.55,-19.65,1.728,LUBRICATION_ISSUE
4300.01,0.9353,1024.17,526.15,199.52,25.48,52.26,17.3,31.61,1.051,-52.02,0.44,-0.14,0.011,EXHAUST_LEAK
2980.22,0.461,730.45,314.93,177.04,21.57,17.09,10.08,30.11,2.423,4.83,-0.45,-32.98,1.779,LUBRICATION_ISSUE
3919.97,0.8793,1070.56,493.62,200.86,27.48,49.66,12.7,31.08,0.938,46.98,-0.53,0.3,0.012,FUEL_RESTRICTION
2900.78,0.4362,759.39,309.33,142.17,20.92,51.05,4.43,29.34,0.558,52.61,5.26,1.05,-0.062,FUEL_RESTRICTION
4088.68,0.8452,935.88,484.22,198.95,24.0,51.54,16.04,31.0,0.899,-75.66,-2.7,0.83,-0.078,EXHAUST_LEAK
4099.01,0.8352,929.72,484.43,197.65,24.88,50.74,15.69,32.23,0.91,-76.35,0.79,-0.05,-0.07,EXHAUST_LEAK
2800.58,0.4005,679.6,291.23,164.12,20.31,24.95,8.91,29.92,1.547,-0.72,3.03,-25.04,0.957,LUBRICATION_ISSUE
4099.87,0.9324,1012.58,517.27,200.54,27.74,50.32,16.75,32.86,4.646,-51.87,-1.4,-0.48,3.666,CYLINDER_MISFIRE
3924.84,0.7673,992.71,483.31,191.98,25.61,51.26,14.67,42.7,0.965,36.09,29.34,0.56,0.037,OVERHEATING
3117.56,0.4552,727.72,314.66,144.34,21.51,49.5,9.77,28.14,0.715,-1.27,-2.73,-1.57,0.029,NORMAL
3661.27,0.7541,907.13,444.39,187.43,25.6,50.62,14.25,30.93,4.399,-28.39,3.07,1.4,3.551,CYLINDER_MISFIRE
2984.19,0.3964,726.62,317.13,136.61,21.08,50.75,9.39,41.9,0.606,39.58,24.9,-0.52,-0.04,OVERHEATING
3324.16,0.5865,813.67,373.14,187.39,23.2,20.24,12.01,29.93,2.352,-4.45,2.26,-29.81,1.605,LUBRICATION_ISSUE
3395.08,0.5542,798.39,363.69,159.75,22.83,51.04,11.59,29.5,0.717,-3.88,2.32,-0.06,-0.051,NORMAL
3889.16,0.7516,866.1,449.1,187.37,21.44,49.65,14.33,30.42,0.883,-79.35,1.84,-1.1,-0.033,EXHAUST_LEAK
3699.97,0.6547,877.33,407.85,175.98,24.04,51.02,13.01,29.77,0.894,-0.46,1.18,-0.25,0.034,NORMAL
4106.62,0.8997,1043.63,505.93,221.57,27.52,30.22,16.7,31.48,1.841,-1.54,-1.17,-20.63,0.859,LUBRICATION_ISSUE
3692.58,0.6667,881.25,410.98,174.39,24.5,52.05,13.27,29.44,0.913,-3.37,0.21,1.05,0.055,NORMAL
3408.02,0.573,740.29,369.07,163.43,20.33,52.67,11.65,28.98,0.799,-73.92,0.54,1.84,0.026,EXHAUST_LEAK
3500.4,0.6196,882.97,409.86,170.91,24.02,52.31,12.3,46.75,0.816,36.21,21.81,1.71,0.016,OVERHEATING
4218.84,0.8865,1043.54,506.29,199.95,27.06,51.77,16.68,31.61,1.032,0.73,0.6,0.02,0.016,NORMAL
3184.57,0.522,776.27,344.72,185.84,22.06,30.39,11.07,29.07,1.825,3.86,1.28,-19.92,1.119,LUBRICATION_ISSUE
3757.62,0.6986,909.57,426.77,181.01,24.42,51.17,13.71,30.31,0.872,2.55,2.56,0.32,-0.005,NORMAL
2963.07,0.3915,718.15,311.31,138.67,20.84,50.73,9.11,42.78,0.6,35.09,21.48,-0.48,-0.039,OVERHEATING
3653.61,0.7416,965.94,438.43,185.98,25.25,49.44,9.13,30.01,0.814,38.3,1.85,0.05,-0.032,FUEL_RESTRICTION
2663.61,0.3048,612.9,251.4,149.07,19.09,21.08,7.75,28.95,2.294,-3.17,1.76,-29.74,1.745,LUBRICATION_ISSUE
3330.98,0.6501,815.01,392.98,169.77,23.91,49.62,12.88,31.03,5.142,-41.6,-0.98,0.67,4.392,CYLINDER_MISFIRE
3229.87,0.5853,781.52,368.33,164.93,22.61,48.15,11.52,29.14,4.556,-31.16,0.73,-1.31,3.837,CYLINDER_MISFIRE
3390.69,0.5537,737.58,359.94,161.74,18.7,48.6,11.71,28.4,0.796,-64.2,-1.13,-2.47,0.029,EXHAUST_LEAK
4035.17,0.9197,1001.99,514.21,201.34,28.0,48.87,17.01,32.61,4.347,-51.56,2.08,-1.41,3.387,CYLINDER_MISFIRE
4022.79,0.9022,1000.62,508.77,200.67,27.64,49.09,16.43,31.69,3.861,-41.83,3.29,-1.09,2.904,CYLINDER_MISFIRE
3132.47,0.5103,761.06,331.58,176.79,22.03,25.78,10.96,28.12,1.78,-1.76,-6.11,-24.39,1.091,LUBRICATION_ISSUE
3316.8,0.5242,806.8,375.52,154.9,22.58,51.42,11.16,45.02,0.627,26.42,27.3,0.29,-0.118,OVERHEATING
3097.87,0.4412,671.09,312.24,142.47,17.12,51.21,9.58,27.69,0.653,-48.52,0.47,0.02,-0.026,EXHAUST_LEAK
2738.42,0.3538,694.8,271.09,129.39,19.9,49.47,4.89,28.8,0.518,45.59,1.57,-0.96,-0.054,FUEL_RESTRICTION
4013.13,0.893,998.19,504.12,200.17,27.63,50.77,16.29,30.2,3.403,-38.24,2.26,0.66,2.449,CYLINDER_MISFIRE
3260.04,0.506,764.73,340.43,154.49,21.94,52.02,10.79,29.88,0.72,-1.88,0.46,0.94,-0.008,NORMAL
3717.57,0.6913,900.22,422.28,182.54,24.94,52.69,13.67,30.59,0.801,-0.41,1.91,1.97,-0.064,NORMAL
3708.79,0.7342,921.98,434.52,208.3,25.12,16.32,14.3,28.96,2.598,-4.0,-1.07,-33.58,1.736,LUBRICATION_ISSUE
4155.73,0.8659,1053.53,517.17,197.61,27.12,50.54,16.08,41.88,0.975,26.18,20.76,-0.7,-0.022,OVERHEATING
3346.5,0.6107,892.26,380.74,165.76,23.67,50.65,6.95,30.51,0.791,58.54,0.51,0.89,0.037,FUEL_RESTRICTION
3758.42,0.7586,943.24,447.2,209.9,25.66,22.27,14.38,30.46,2.306,0.13,1.34,-27.5,1.428,LUBRICATION_ISSUE
2688.93,0.3877,620.54,280.39,133.8,20.47,47.96,8.76,28.9,4.846,-46.54,0.15,-1.54,4.289,CYLINDER_MISFIRE
3775.38,0.7081,834.07,429.48,181.07,22.24,48.87,13.83,31.35,0.936,-79.55,1.3,-1.93,0.053,EXHAUST_LEAK
3454.37,0.6409,922.59,397.31,172.23,24.04,49.52,7.19,31.87,0.767,65.32,2.95,-0.39,-0.019,FUEL_RESTRICTION
2732.63,0.384,636.02,281.56,133.51,20.07,51.65,8.95,28.57,3.043,-31.03,1.33,1.8,2.473,CYLINDER_MISFIRE
3264.53,0.607,800.12,380.48,162.85,23.28,48.95,12.29,29.66,3.523,-27.3,4.03,-0.34,2.794,CYLINDER_MISFIRE
4125.21,0.8562,1054.87,520.21,200.53,27.36,52.72,16.11,45.01,1.044,34.92,28.23,1.72,0.056,OVERHEATING
3273.88,0.5178,775.88,345.47,155.48,22.2,50.96,11.07,27.95,0.733,1.48,0.84,0.0,0.001,NORMAL
3025.28,0.478,732.47,320.87,176.25,21.97,18.64,10.16,29.6,2.164,-5.58,-1.96,-31.42,1.506,LUBRICATION_ISSUE
3856.54,0.7527,901.25,444.29,191.72,21.99,49.6,14.42,31.7,0.934,-43.2,-2.38,-0.92,0.027,EXHAUST_LEAK
3374.34,0.6266,844.82,386.68,196.86,23.47,23.69,12.44,30.76,2.543,0.14,-0.12,-25.96,1.78,LUBRICATION_ISSUE
4034.86,0.8659,1019.06,491.34,224.49,27.24,19.56,15.94,32.16,2.696,-2.19,-1.41,-30.72,1.735,LUBRICATION_ISSUE
3935.58,0.7784,958.19,455.93,193.29,25.72,51.85,14.72,31.59,0.9,-5.62,-2.35,1.28,-0.03,NORMAL
3374.4,0.5657,810.93,367.42,162.71,22.69,50.12,11.72,28.55,0.791,2.81,2.54,-0.63,0.029,NORMAL
4221.66,0.8721,975.86,499.95,200.64,25.15,51.49,16.31,30.91,1.02,-58.47,-0.65,-0.28,0.004,EXHAUST_LEAK
3807.24,0.7238,967.75,463.62,185.89,24.88,49.78,13.96,42.87,0.86,43.11,28.84,-0.94,-0.033,OVERHEATING
3711.87,0.6991,833.01,425.6,179.63,20.96,49.69,13.71,31.72,0.911,-72.03,2.58,-0.85,0.047,EXHAUST_LEAK
4043.51,0.9202,1007.26,513.29,199.64,27.66,48.87,16.56,31.87,4.006,-47.01,0.72,-1.47,3.043,CYLINDER_MISFIRE
3951.07,0.8503,1052.83,479.82,199.4,26.91,50.28,12.44,31.91,0.982,45.11,-4.82,0.67,0.047,FUEL_RESTRICTION
4298.18,0.9309,1076.98,522.98,197.15,27.83,52.82,17.19,32.21,1.012,3.54,-1.08,0.43,-0.028,NORMAL
4236.38,0.8919,1048.48,516.03,196.87,27.83,51.55,16.63,32.1,1.004,1.52,7.85,-0.34,-0.017,NORMAL
3059.54,0.5121,804.51,339.48,151.21,22.1,49.95,5.18,28.99,0.612,44.27,3.34,0.28,-0.056,FUEL_RESTRICTION
3803.11,0.7222,923.95,434.44,183.7,25.15,49.99,13.97,30.23,0.834,0.47,0.35,-0.73,-0.057,NORMAL
3073.61,0.4131,697.39,300.52,139.39,20.81,51.56,9.64,28.22,0.727,-4.14,-0.39,0.01,0.055,NORMAL
2822.77,0.3169,579.29,256.13,124.72,17.93,52.31,8.04,27.07,0.627,-52.01,-2.65,0.67,0.031,EXHAUST_LEAK
4219.81,0.8966,1088.98,531.78,201.93,27.52,50.61,16.4,46.99,1.051,40.05,22.42,-1.15,0.035,OVERHEATING
3476.12,0.5896,828.97,378.65,165.81,23.58,51.73,11.93,29.53,0.702,1.41,2.11,0.75,-0.09,NORMAL
3382.87,0.5629,765.21,363.45,159.71,20.66,53.56,11.68,29.72,0.738,-41.67,-0.68,2.71,-0.027,EXHAUST_LEAK
4327.9,0.9386,1124.13,552.02,199.23,28.3,50.95,17.22,49.46,1.037,44.57,24.29,-1.68,-0.012,OVERHEATING
3942.73,0.8022,900.44,465.28,195.23,24.27,50.07,15.13,30.96,0.947,-78.0,-1.79,-0.12,0.014,EXHAUST_LEAK
3022.63,0.4029,635.71,293.36,137.27,16.7,52.77,9.17,28.87,0.604,-57.19,-2.38,1.37,-0.053,EXHAUST_LEAK
2936.39,0.3676,669.72,279.3,129.22,20.42,52.38,8.47,27.45,0.694,2.36,-1.12,0.91,0.063,NORMAL
4202.0,0.9259,1066.29,518.83,232.54,27.83,30.13,17.07,31.66,1.939,0.62,-0.57,-21.49,0.928,LUBRICATION_ISSUE
3153.61,0.4645,738.11,321.71,148.96,21.44,51.81,10.01,28.7,0.689,1.72,-0.12,0.68,-0.007,NORMAL
4233.12,0.9481,1155.54,528.01,198.13,28.2,52.81,12.41,31.81,0.96,75.03,-0.3,0.95,-0.06,FUEL_RESTRICTION
4350.8,0.9277,1071.18,523.92,201.79,28.17,51.16,17.2,30.84,1.057,-2.96,-0.57,-1.65,0.002,NORMAL
2813.46,0.3922,746.81,288.59,135.38,20.69,48.81,4.8,29.34,0.584,70.81,2.99,-1.41,-0.01,FUEL_RESTRICTION
3911.08,0.8242,991.81,470.17,217.33,26.91,19.73,15.64,31.09,2.03,1.71,-3.89,-29.85,1.107,LUBRICATION_ISSUE
2828.72,0.3206,677.79,289.67,128.26,19.47,51.13,7.96,39.6,0.597,44.02,29.41,-0.48,-0.002,OVERHEATING
3806.15,0.7861,959.08,455.75,218.06,26.0,26.91,14.76,31.28,2.36,-2.86,-1.42,-22.68,1.468,LUBRICATION_ISSUE
4148.78,0.8603,970.49,496.66,201.3,23.19,51.19,16.25,32.31,1.061,-53.13,2.48,-0.0,0.066,EXHAUST_LEAK
3018.54,0.5015,830.69,331.12,150.95,22.16,48.97,4.94,29.05,0.602,78.87,0.02,-0.62,-0.054,FUEL_RESTRICTION
2841.23,0.4391,658.64,302.72,141.06,20.7,49.5,9.41,27.13,4.212,-46.87,-0.59,-0.07,3.609,CYLINDER_MISFIRE
3772.11,0.7196,973.76,446.51,183.86,25.31,50.45,13.91,44.81,0.868,53.42,14.3,-0.11,-0.014,OVERHEATING
2785.42,0.3726,659.21,279.01,163.35,20.13,24.4,8.71,26.75,2.173,-3.6,1.32,-25.99,1.587,LUBRICATION_ISSUE
4046.8,0.8925,1099.09,505.46,199.2,27.61,51.14,12.18,33.62,1.043,61.25,2.76,0.77,0.078,FUEL_RESTRICTION
2928.56,0.4383,781.63,302.97,142.73,21.38,50.83,5.28,28.2,0.629,72.22,-2.68,0.68,0.0,FUEL_RESTRICTION
3293.07,0.5909,898.04,370.25,164.17,22.98,50.92,7.28,28.97,0.721,78.87,-1.25,1.15,-0.017,FUEL_RESTRICTION
3566.84,0.6315,860.01,394.16,171.18,23.97,51.97,12.66,29.43,0.749,2.78,-0.18,1.16,-0.071,NORMAL
3980.53,0.8666,1019.86,491.28,228.09,27.04,18.62,15.99,32.0,2.113,0.88,-0.11,-31.23,1.169,LUBRICATION_ISSUE
3622.24,0.7627,907.07,442.41,187.54,25.54,47.84,14.15,30.82,4.715,-31.67,-0.83,-0.97,3.878,CYLINDER_MISFIRE
2758.2,0.3917,641.09,282.13,135.0,20.79,50.66,9.01,29.02,3.705,-31.85,-1.64,0.78,3.128,CYLINDER_MISFIRE
4097.09,0.9109,1103.86,513.36,199.85,27.75,49.41,12.61,33.2,0.984,52.46,2.52,-1.36,0.005,FUEL_RESTRICTION
3754.25,0.8176,947.49,465.13,195.28,26.65,48.81,15.23,31.59,3.831,-30.79,-1.84,0.13,2.955,CYLINDER_MISFIRE
3177.2,0.5472,830.48,349.27,155.52,22.84,49.08,7.07,29.35,0.648,43.28,-3.05,-0.72,-0.055,FUEL_RESTRICTION
3515.32,0.5876,869.22,401.19,165.61,23.24,51.36,11.94,43.08,0.795,40.88,24.18,0.09,-0.009,OVERHEATING
3173.31,0.5364,826.61,347.88,154.13,22.38,49.17,6.96,30.23,0.658,46.1,-0.43,-0.8,-0.044,FUEL_RESTRICTION
3791.2,0.721,879.94,434.05,184.3,22.2,49.09,14.15,30.57,0.895,-42.21,0.76,-1.57,0.008,EXHAUST_LEAK
3466.61,0.6883,839.93,414.01,177.82,24.34,49.04,13.45,30.35,4.815,-46.4,2.2,-0.11,4.025,CYLINDER_MISFIRE
3723.86,0.6855,893.23,414.97,177.21,24.85,50.2,13.88,30.03,0.875,-4.26,-3.52,-0.66,0.007,NORMAL
2814.89,0.3859,721.93,284.09,134.56,20.13,51.64,4.99,28.75,0.594,49.66,0.73,1.29,-0.001,FUEL_RESTRICTION
3286.13,0.5932,902.56,375.02,163.93,23.26,52.51,6.27,29.23,0.778,82.32,2.88,2.83,0.042,FUEL_RESTRICTION
2964.92,0.4485,786.14,311.26,141.28,21.11,50.98,5.35,27.06,0.573,68.81,0.86,0.78,-0.067,FUEL_RESTRICTION
2733.02,0.3846,640.33,280.38,134.54,20.44,50.93,8.7,29.43,4.158,-27.06,-0.06,1.09,3.588,CYLINDER_MISFIRE
3894.2,0.8259,1038.52,475.23,198.35,26.33,47.97,9.76,31.38,0.951,48.27,1.08,-1.47,0.033,FUEL_RESTRICTION
2768.82,0.3151,577.15,257.59,127.38,15.67,50.69,7.91,27.53,0.502,-50.37,1.08,-0.63,-0.079,EXHAUST_LEAK
3772.41,0.7962,926.43,461.76,194.56,26.63,48.71,14.81,31.6,4.048,-39.93,1.94,-0.48,3.166,CYLINDER_MISFIRE
3894.81,0.7711,902.67,451.03,191.11,23.05,50.47,14.77,30.98,0.948,-54.75,-3.42,0.04,0.03,EXHAUST_LEAK
3536.66,0.7096,978.26,418.97,180.59,24.91,49.62,9.72,30.91,0.75,75.67,-2.59,0.4,-0.061,FUEL_RESTRICTION
4133.29,0.8528,973.27,488.94,199.87,24.66,50.57,15.83,32.32,1.003,-45.08,-2.07,-0.49,0.013,EXHAUST_LEAK
3757.47,0.6989,947.41,443.79,181.51,24.73,50.51,13.75,39.81,0.852,40.21,19.46,-0.33,-0.026,OVERHEATING
3809.43,0.8092,944.15,464.79,193.8,26.15,48.74,15.2,31.24,5.353,-31.87,-0.82,-0.46,4.46,CYLINDER_MISFIRE
3748.93,0.7753,1023.61,451.08,188.13,25.88,47.69,10.93,30.38,0.872,70.96,-0.52,-1.72,-0.003,FUEL_RESTRICTION
3546.73,0.5949,834.52,382.88,167.6,23.32,51.23,12.07,29.4,0.774,0.22,2.3,-0.11,-0.04,NORMAL
2579.83,0.3069,584.34,246.17,124.2,19.09,49.17,7.54,26.75,3.198,-28.8,-1.71,-1.08,2.674,CYLINDER_MISFIRE
2786.28,0.3085,666.3,285.96,127.61,19.31,50.93,7.93,40.65,0.559,41.91,31.32,-0.63,-0.027,OVERHEATING
4318.76,0.9234,1110.73,551.76,200.35,27.95,52.93,17.05,45.79,1.022,40.78,29.79,0.38,-0.023,OVERHEATING
2733.67,0.3895,620.29,279.92,131.56,20.67,50.02,8.72,28.19,4.508,-50.12,-2.32,0.26,3.938,CYLINDER_MISFIRE
3013.24,0.4072,631.37,298.88,141.2,17.78,53.12,9.33,27.76,0.701,-63.6,1.9,1.86,0.047,EXHAUST_LEAK
3189.76,0.564,792.93,357.97,186.7,22.85,21.83,11.39,29.2,1.665,-4.96,-0.76,-27.75,0.958,LUBRICATION_ISSUE
3336.39,0.6397,823.46,390.06,172.51,24.42,49.98,12.64,29.0,3.468,-27.18,-0.32,0.8,2.717,CYLINDER_MISFIRE
3268.49,0.5058,800.26,369.3,153.05,22.19,50.97,11.06,38.61,0.824,33.38,29.17,-0.17,0.094,OVERHEATING
4000.69,0.8043,984.89,465.75,197.51,26.1,50.9,15.22,32.49,0.915,2.27,-3.83,0.37,-0.035,NORMAL
3000.93,0.466,802.02,320.91,146.52,21.51,51.87,5.07,27.37,0.619,72.38,3.13,1.75,-0.031,FUEL_RESTRICTION
3356.82,0.552,736.52,361.8,158.0,18.78,52.86,11.49,28.99,0.82,-62.54,2.36,1.97,0.063,EXHAUST_LEAK
3408.54,0.6905,840.53,413.16,174.69,24.57,47.37,13.34,29.8,4.452,-44.18,2.33,-1.36,3.679,CYLINDER_MISFIRE
3659.99,0.6367,864.98,398.8,172.32,24.26,50.26,12.93,30.38,0.898,-0.05,-0.21,-1.06,0.05,NORMAL
2978.32,0.4914,712.59,327.16,148.43,21.88,49.03,10.39,29.47,4.275,-31.14,0.92,-0.48,3.631,CYLINDER_MISFIRE
2728.21,0.3628,651.52,271.24,162.68,20.07,18.27,8.81,26.99,2.333,-2.57,-1.22,-31.93,1.765,LUBRICATION_ISSUE
2818.32,0.4277,657.41,299.1,136.97,21.15,48.89,9.2,26.99,3.705,-40.12,0.58,-0.73,3.11,CYLINDER_MISFIRE
4255.05,0.8914,1048.08,510.67,198.21,27.28,49.72,16.51,33.2,1.022,0.5,2.12,-2.32,-0.005,NORMAL
3998.42,0.8886,997.45,500.04,200.08,27.47,50.05,15.99,31.82,4.169,-35.63,0.19,0.07,3.219,CYLINDER_MISFIRE
3737.19,0.7863,1008.49,456.86,191.25,26.18,50.01,10.24,31.95,0.908,49.82,1.66,0.87,0.037,FUEL_RESTRICTION
4168.37,0.8882,1047.65,505.65,200.21,27.36,48.89,16.64,31.26,1.022,6.31,0.84,-2.45,0.022,NORMAL
2773.11,0.395,646.39,285.27,135.33,20.5,51.35,9.05,27.41,4.352,-29.27,-0.12,1.44,3.77,CYLINDER_MISFIRE
3052.71,0.4718,734.41,320.06,183.16,21.72,27.3,10.09,28.63,1.57,-1.32,-1.38,-23.05,0.904,LUBRICATION_ISSUE
3145.44,0.5565,742.64,355.88,157.93,22.92,49.89,11.24,27.67,4.208,-48.52,1.19,0.46,3.514,CYLINDER_MISFIRE
3340.31,0.5821,895.43,371.77,160.7,23.42,51.05,7.47,29.91,0.685,79.17,2.02,0.81,-0.068,FUEL_RESTRICTION
2913.25,0.364,665.57,276.6,134.51,19.82,50.71,8.76,28.74,0.568,1.52,-1.83,-0.68,-0.056,NORMAL
2859.54,0.3416,646.29,270.48,129.01,19.77,51.47,8.04,27.72,0.58,-1.65,1.72,0.03,-0.028,NORMAL
3384.02,0.5495,792.44,357.9,159.46,22.5,50.95,11.46,29.22,0.739,-6.46,-1.44,-0.16,-0.026,NORMAL
3531.38,0.67,881.42,405.92,204.58,24.59,30.39,13.11,29.36,1.678,2.85,-1.22,-19.51,0.869,LUBRICATION_ISSUE
2942.62,0.3765,703.58,305.02,135.0,19.98,50.19,8.73,40.62,0.578,30.55,21.21,-1.16,-0.055,OVERHEATING
3669.88,0.7409,932.29,435.41,214.34,25.12,17.21,14.11,30.68,2.551,4.24,-1.42,-32.3,1.7,LUBRICATION_ISSUE
3756.39,0.7982,1039.88,459.87,190.83,26.71,50.61,10.49,32.08,0.904,73.16,-0.16,1.56,0.027,FUEL_RESTRICTION
3103.3,0.4563,728.96,315.44,145.17,21.52,51.09,10.09,30.23,0.618,0.04,-1.91,0.13,-0.063,NORMAL
2669.56,0.3286,627.23,258.75,146.69,19.35,25.39,7.8,27.46,1.438,-3.43,0.36,-25.05,0.887,LUBRICATION_ISSUE
4029.69,0.917,1017.95,515.35,201.68,27.95,50.29,16.71,32.84,3.871,-33.74,4.34,0.06,2.913,CYLINDER_MISFIRE
2834.05,0.305,669.88,279.18,123.77,19.17,49.47,7.74,41.61,0.593,45.18,24.36,-2.46,-0.007,OVERHEATING
3579.03,0.7323,890.88,431.41,182.57,25.41,48.63,14.04,29.85,4.716,-27.43,0.43,-0.46,3.892,CYLINDER_MISFIRE
3052.22,0.4846,818.22,328.29,151.34,21.83,48.8,5.18,30.09,0.663,74.88,2.28,-1.32,-0.002,FUEL_RESTRICTION
4290.6,0.9044,992.01,510.95,199.1,26.3,53.0,16.88,33.08,1.09,-65.15,-3.34,0.67,0.053,EXHAUST_LEAK
3886.64,0.8339,943.2,475.36,199.81,26.19,49.01,15.33,33.39,4.688,-51.48,-1.45,-0.24,3.772,CYLINDER_MISFIRE
3709.17,0.7538,935.15,444.13,217.48,25.54,17.15,14.49,31.22,2.122,-2.57,1.49,-32.39,1.259,LUBRICATION_ISSUE
4192.57,0.9012,1001.18,509.14,201.59,23.53,52.08,16.39,32.61,1.023,-49.15,-1.05,0.54,0.016,EXHAUST_LEAK
2850.13,0.3449,669.46,288.6,128.83,19.94,51.13,8.46,34.9,0.571,20.04,18.95,-0.19,-0.034,OVERHEATING
2696.69,0.3787,612.68,279.09,133.75,19.9,50.06,8.33,28.48,3.088,-49.37,1.86,0.35,2.529,CYLINDER_MISFIRE
3651.34,0.7252,921.15,431.1,205.64,24.84,31.57,13.71,29.61,2.595,3.49,0.5,-18.11,1.749,LUBRICATION_ISSUE
3116.02,0.4449,685.08,312.78,144.61,18.38,50.2,10.08,28.47,0.783,-37.66,-0.86,-1.05,0.099,EXHAUST_LEAK
3643.03,0.6595,801.26,409.45,178.69,20.34,50.13,13.07,29.67,0.818,-76.59,2.75,-0.68,-0.025,EXHAUST_LEAK
3984.59,0.7944,972.21,469.39,193.07,26.36,50.16,15.02,30.47,1.042,-3.64,3.88,-0.44,0.096,NORMAL
3183.88,0.5521,789.64,357.56,188.08,23.26,20.63,11.59,30.13,1.667,-0.84,3.28,-29.12,0.962,LUBRICATION_ISSUE
3494.74,0.6018,839.92,380.89,166.43,23.74,49.39,12.05,28.94,0.796,4.09,-0.61,-1.49,-0.003,NORMAL
3781.04,0.7929,1008.8,458.83,192.37,26.16,47.28,11.1,30.52,0.876,44.03,-0.04,-2.03,-0.008,FUEL_RESTRICTION
3155.35,0.5504,742.33,351.2,157.91,22.6,49.66,11.18,29.0,4.313,-45.69,-1.61,0.06,3.617,CYLINDER_MISFIRE
3148.44,0.4455,761.25,339.07,142.67,21.45,49.68,9.88,43.76,0.736,36.55,24.25,-1.77,0.042,OVERHEATING
3490.84,0.6035,880.43,399.84,168.99,23.49,50.19,12.36,39.86,0.801,43.76,17.84,-0.64,0.004,OVERHEATING
3944.63,0.863,1091.04,488.55,200.26,26.97,49.68,11.41,31.01,0.89,76.0,-0.47,0.12,-0.044,FUEL_RESTRICTION
3686.21,0.7589,942.04,439.57,219.24,25.56,22.72,14.36,31.78,1.784,2.42,-4.21,-26.58,0.928,LUBRICATION_ISSUE
3467.98,0.5817,859.53,392.88,166.8,23.15,52.91,12.21,38.61,0.889,37.14,19.44,1.84,0.099,OVERHEATING
2663.29,0.3688,608.13,273.78,129.78,19.98,50.7,8.56,28.22,4.386,-46.34,1.1,1.02,3.837,CYLINDER_MISFIRE
2859.39,0.3999,684.41,287.29,163.93,20.87,28.87,8.79,29.51,2.013,1.47,-2.47,-21.51,1.406,LUBRICATION_ISSUE
4039.01,0.817,948.65,474.55,202.13,23.09,49.0,15.29,32.97,0.936,-43.52,-0.75,-1.54,-0.026,EXHAUST_LEAK
4170.07,0.923,1063.08,519.6,223.06,28.38,33.47,16.74,32.24,2.424,0.76,2.21,-17.89,1.423,LUBRICATION_ISSUE
4073.36,0.8946,1040.05,506.08,223.56,27.51,27.31,16.5,33.25,2.55,-0.39,1.81,-23.27,1.578,LUBRICATION_ISSUE
2939.97,0.3511,583.44,274.13,130.88,18.6,52.58,8.47,28.26,0.663,-74.19,-0.45,0.79,0.031,EXHAUST_LEAK
2650.55,0.3432,596.4,260.4,127.37,19.54,52.11,7.92,28.95,3.846,-42.07,-2.68,2.06,3.301,CYLINDER_MISFIRE
3319.53,0.514,723.43,346.86,157.75,18.13,49.75,11.07,31.2,0.79,-50.96,2.23,-1.57,0.044,EXHAUST_LEAK
3175.24,0.5194,771.38,341.22,175.45,22.19,23.49,10.89,29.91,2.594,1.0,-1.01,-26.8,1.891,LUBRICATION_ISSUE
3862.84,0.7455,898.29,441.99,187.51,23.04,50.54,13.97,30.81,0.958,-42.14,-2.27,-0.15,0.049,EXHAUST_LEAK
3352.08,0.5372,714.81,353.05,155.67,20.94,51.85,11.12,29.09,0.72,-75.1,-0.9,0.73,-0.036,EXHAUST_LEAK
4158.97,0.8642,966.98,494.88,200.58,25.58,51.51,15.99,31.42,1.022,-59.5,-1.01,0.24,0.025,EXHAUST_LEAK
3347.67,0.5897,891.93,374.83,164.83,23.1,49.35,7.48,29.69,0.727,70.71,2.1,-0.79,-0.027,FUEL_RESTRICTION
3852.28,0.7416,894.95,443.62,190.2,22.65,50.16,14.42,30.78,0.883,-42.64,1.07,-0.53,-0.022,EXHAUST_LEAK
3200.07,0.5699,842.68,358.29,162.71,22.66,48.85,6.62,28.97,0.675,40.76,-2.86,-0.69,-0.035,FUEL_RESTRICTION
3997.75,0.9036,996.79,509.48,198.94,27.45,51.43,16.25,32.45,3.852,-45.26,4.25,1.45,2.902,CYLINDER_MISFIRE
3469.29,0.5933,862.44,409.78,166.05,23.05,49.4,12.09,46.91,0.776,33.0,32.12,-1.47,-0.015,OVERHEATING
3845.41,0.8337,1030.6,472.15,197.84,26.48,51.11,10.59,32.03,0.878,38.13,-3.34,2.12,-0.025,FUEL_RESTRICTION
3868.09,0.7458,938.7,443.65,188.61,25.48,52.17,14.35,30.2,1.014,-2.19,-0.88,1.45,0.103,NORMAL
3858.37,0.7357,935.72,438.25,185.19,25.17,49.71,14.17,30.71,0.941,1.4,-2.34,-1.13,0.033,NORMAL
4001.08,0.8598,1017.12,487.84,222.53,27.27,21.86,15.96,29.49,1.839,1.18,-1.73,-28.15,0.889,LUBRICATION_ISSUE
3900.13,0.8481,1080.42,483.24,197.91,26.89,50.2,12.44,31.9,0.914,76.53,0.91,1.0,-0.006,FUEL_RESTRICTION
3518.05,0.5997,774.07,386.9,165.04,20.81,49.02,11.89,29.98,0.82,-61.64,5.47,-2.06,0.014,EXHAUST_LEAK
3688.17,0.6797,812.69,414.4,179.29,21.05,50.57,13.62,29.09,0.8,-79.52,-0.93,-0.16,-0.057,EXHAUST_LEAK
2832.19,0.4539,689.47,307.04,143.52,21.37,48.79,9.64,27.58,4.381,-24.49,-1.34,-0.45,3.782,CYLINDER_MISFIRE
3083.56,0.5138,841.41,339.42,153.31,22.27,49.08,6.87,28.65,0.714,78.96,1.96,-0.71,0.039,FUEL_RESTRICTION
3244.58,0.4869,708.83,332.3,150.89,18.82,52.21,10.66,29.37,0.636,-45.52,-0.31,0.89,-0.088,EXHAUST_LEAK
3781.14,0.7706,1023.23,451.03,191.59,25.47,50.49,11.49,31.12,0.917,71.81,0.18,0.78,0.033,FUEL_RESTRICTION
2762.88,0.4045,637.54,283.9,135.44,20.59,47.12,9.0,27.95,4.434,-43.32,-4.62,-2.56,3.856,CYLINDER_MISFIRE
4339.63,0.9336,1077.15,528.74,201.47,27.79,53.42,17.18,32.54,1.023,0.01,2.46,0.7,-0.029,NORMAL
3754.85,0.6887,928.6,436.46,179.55,24.86,50.56,13.8,39.42,0.861,27.62,15.87,-0.45,-0.016,OVERHEATING
3090.21,0.436,749.94,328.1,144.91,21.02,51.84,9.81,41.32,0.658,33.86,18.45,0.6,-0.019,OVERHEATING
4141.37,0.8577,1020.19,495.45,199.1,26.65,51.9,15.88,32.42,1.046,-1.51,2.43,0.77,0.053,NORMAL
2963.36,0.4372,706.9,308.96,169.55,20.85,33.7,9.58,27.88,2.037,-3.61,2.65,-16.7,1.398,LUBRICATION_ISSUE
3379.56,0.6587,823.95,401.46,169.77,24.08,48.67,12.79,31.06,4.226,-40.27,2.93,-0.44,3.462,CYLINDER_MISFIRE
2743.63,0.3796,708.2,276.49,133.02,20.34,50.35,5.16,29.06,0.591,43.25,-2.48,0.35,0.018,FUEL_RESTRICTION
3565.73,0.6321,892.31,412.29,172.26,23.93,50.67,12.67,45.82,0.796,34.77,17.77,-0.13,-0.023,OVERHEATING
4031.41,0.8716,1082.25,495.03,199.56,27.02,48.23,10.16,32.39,0.949,57.71,0.3,-2.02,-0.01,FUEL_RESTRICTION
3568.65,0.6271,855.14,392.23,170.01,23.96,49.92,12.88,31.56,0.831,0.45,-0.59,-0.99,0.01,NORMAL
3212.25,0.4649,698.96,323.88,148.39,18.04,51.12,10.19,28.63,0.739,-40.59,0.15,-0.39,0.025,EXHAUST_LEAK
3418.95,0.5489,747.45,359.15,160.04,20.26,49.99,11.44,29.35,0.778,-52.85,-1.03,-1.35,0.002,EXHAUST_LEAK
3922.93,0.7653,954.44,449.89,190.99,25.68,52.0,14.35,31.31,0.881,-0.87,-3.3,1.27,-0.046,NORMAL
2719.85,0.3679,609.92,273.29,132.72,20.19,48.11,8.4,26.61,4.946,-46.79,-0.73,-1.95,4.38,CYLINDER_MISFIRE
4055.69,0.9326,1024.04,515.83,198.99,28.12,52.38,16.91,33.41,4.898,-38.3,-1.58,1.94,3.931,CYLINDER_MISFIRE
3981.78,0.8827,1001.06,501.45,203.41,27.42,51.37,16.4,32.94,5.031,-27.63,4.24,1.51,4.086,CYLINDER_MISFIRE
3984.82,0.8687,1061.6,491.3,199.12,27.17,48.4,10.86,31.34,0.95,41.11,-0.99,-1.48,0.004,FUEL_RESTRICTION
2653.63,0.3632,614.12,268.71,129.76,20.32,49.39,8.53,27.2,3.839,-36.47,-1.65,-0.32,3.293,CYLINDER_MISFIRE
2952.61,0.3763,602.42,283.7,136.48,17.09,52.0,8.87,26.5,0.607,-70.99,-0.35,0.58,-0.029,EXHAUST_LEAK
3411.23,0.5806,821.15,370.79,163.15,22.98,50.26,12.04,29.76,0.726,2.22,-0.57,-0.46,-0.047,NORMAL
3699.77,0.7381,925.91,436.38,204.81,25.37,28.7,14.24,30.98,2.529,-1.93,-0.33,-21.06,1.669,LUBRICATION_ISSUE
4047.67,0.8142,921.99,473.21,198.41,23.99,50.55,15.22,31.39,0.899,-68.92,-1.33,-0.1,-0.066,EXHAUST_LEAK
4211.28,0.9006,1000.6,509.49,198.62,23.9,49.85,16.44,32.93,1.022,-50.34,-1.08,-1.84,0.008,EXHAUST_LEAK
3977.27,0.8513,1013.51,482.43,219.51,27.06,25.87,15.66,30.34,2.191,3.86,-3.36,-23.95,1.248,LUBRICATION_ISSUE
3860.47,0.7549,872.23,450.19,192.03,22.89,50.93,14.6,30.49,0.964,-73.74,2.6,0.42,0.056,EXHAUST_LEAK
4013.47,0.8892,1098.15,502.42,200.84,27.32,50.18,12.41,33.65,1.048,63.96,1.9,0.08,0.094,FUEL_RESTRICTION
4121.37,0.8977,1041.85,505.79,219.19,27.49,17.65,16.45,31.52,2.534,-2.86,-1.04,-33.32,1.548,LUBRICATION_ISSUE
3315.17,0.535,824.01,373.23,158.72,22.7,50.82,10.94,37.62,0.734,37.28,21.19,-0.1,-0.01,OVERHEATING
4335.18,0.9403,1023.88,529.25,200.28,24.49,55.54,17.31,33.34,1.089,-57.04,0.7,2.86,0.039,EXHAUST_LEAK
2952.31,0.3962,644.5,293.88,139.55,18.58,50.12,9.03,27.72,0.668,-40.85,2.67,-0.94,0.032,EXHAUST_LEAK
3272.15,0.5821,875.91,365.6,164.1,23.12,50.04,5.86,29.74,0.719,63.05,-2.12,0.25,-0.013,FUEL_RESTRICTION
3540.51,0.6201,875.53,410.22,169.62,23.89,52.7,12.62,39.65,0.825,26.46,20.77,1.85,0.013,OVERHEATING
2989.76,0.4611,727.57,315.48,179.01,21.54,20.5,10.17,28.49,2.412,1.41,-0.22,-29.63,1.765,LUBRICATION_ISSUE
3282.17,0.5223,816.17,370.04,157.07,22.49,50.56,10.96,44.46,0.729,38.71,23.56,-0.37,-0.005,OVERHEATING
3506.25,0.6485,923.47,399.75,171.22,23.92,50.23,8.09,30.32,0.804,59.04,1.08,0.11,0.002,FUEL_RESTRICTION
3572.87,0.6329,882.37,421.15,171.27,24.05,51.17,12.55,44.03,0.874,23.95,26.1,0.34,0.052,OVERHEATING
4054.03,0.9286,1023.19,518.43,197.44,27.92,50.23,16.91,33.11,3.846,-36.64,2.53,-0.2,2.879,CYLINDER_MISFIRE
3237.49,0.5867,781.98,369.1,162.96,23.33,50.24,11.88,31.03,3.423,-31.92,0.76,0.76,2.702,CYLINDER_MISFIRE
4190.91,0.8754,1032.21,500.46,201.14,27.22,51.72,16.36,32.34,1.03,-2.58,-0.41,0.19,0.022,NORMAL
3100.43,0.4285,759.88,332.58,142.05,21.12,52.33,9.76,44.8,0.672,47.73,25.29,0.89,-0.008,OVERHEATING
3786.2,0.7838,1039.46,452.64,191.99,25.92,50.95,8.87,31.5,0.94,79.87,-3.12,1.45,0.054,FUEL_RESTRICTION
3929.6,0.8611,970.57,488.56,202.16,26.8,48.4,15.88,32.41,4.611,-42.59,0.66,-1.04,3.682,CYLINDER_MISFIRE
2826.3,0.3252,635.19,260.5,129.13,19.68,48.81,7.99,26.98,0.573,-1.25,-1.37,-2.71,-0.025,NORMAL
3118.8,0.4553,724.33,314.95,143.96,21.32,51.4,10.08,28.24,0.666,-4.82,-2.54,0.33,-0.019,NORMAL
3379.02,0.631,809.45,385.24,171.51,23.88,49.0,12.47,29.76,5.003,-38.11,-3.3,-0.61,4.239,CYLINDER_MISFIRE
3811.18,0.7299,927.19,437.66,184.64,25.06,51.69,14.23,31.89,0.843,-1.31,0.57,1.06,-0.05,NORMAL
4175.16,0.8745,1060.93,519.72,200.21,27.34,52.21,15.95,43.59,0.99,27.5,19.66,0.8,-0.012,OVERHEATING
3374.36,0.6453,820.17,393.94,168.53,24.18,49.33,12.55,30.68,4.854,-35.76,0.39,0.01,4.091,CYLINDER_MISFIRE
2855.49,0.347,694.51,291.35,131.22,19.79,52.42,8.57,39.34,0.638,43.55,20.77,1.1,0.032,OVERHEATING
3062.52,0.4787,739.95,324.63,182.56,21.62,21.24,10.29,29.78,2.422,-0.38,0.43,-29.05,1.753,LUBRICATION_ISSUE
3851.31,0.7347,937.14,440.35,187.64,25.3,48.71,14.11,31.42,0.912,3.76,0.32,-2.1,0.007,NORMAL
2799.7,0.3386,597.08,265.69,129.22,16.32,53.01,8.21,27.33,0.604,-46.08,-0.21,1.91,0.014,EXHAUST_LEAK
3016.82,0.4681,726.18,317.95,170.36,21.47,30.28,10.13,28.88,1.983,-5.53,-1.07,-19.91,1.328,LUBRICATION_ISSUE
4113.74,0.8437,1021.13,489.86,198.13,26.86,50.18,15.71,30.68,1.001,9.23,2.72,-0.73,0.017,NORMAL
3448.29,0.6614,865.4,399.99,192.74,23.93,24.35,13.02,31.05,2.168,-3.84,-1.55,-25.16,1.383,LUBRICATION_ISSUE
2607.5,0.3297,677.01,256.6,125.04,19.59,48.68,2.54,28.22,0.545,48.82,-0.31,-1.33,0.013,FUEL_RESTRICTION
3835.32,0.8305,962.82,475.08,197.36,26.82,49.42,15.17,30.85,3.629,-27.27,1.03,0.44,2.728,CYLINDER_MISFIRE
3462.67,0.6607,871.41,399.25,191.83,24.17,19.4,13.07,29.56,1.791,1.86,-2.48,-30.21,1.002,LUBRICATION_ISSUE
4166.96,0.8616,1026.67,492.13,201.2,26.95,51.35,16.12,30.88,0.954,1.38,-3.04,0.01,-0.046,NORMAL
3203.6,0.4891,800.04,353.12,151.07,21.83,51.28,10.45,37.04,0.715,46.38,20.93,0.26,0.004,OVERHEATING
3087.38,0.4387,756.25,325.19,143.93,21.45,51.89,9.8,41.94,0.621,38.68,14.65,0.72,-0.055,OVERHEATING
2749.32,0.3065,657.84,272.98,125.3,19.47,51.26,7.81,36.06,0.558,36.49,20.17,-0.09,-0.017,OVERHEATING
3351.75,0.5199,717.25,348.4,156.23,18.39,52.34,11.08,29.05,0.781,-62.26,0.69,0.91,0.026,EXHAUST_LEAK
4069.93,0.8745,1029.35,498.93,222.08,27.2,16.51,15.94,31.56,1.752,1.18,2.03,-34.05,0.781,LUBRICATION_ISSUE
2979.88,0.3751,603.99,283.83,136.31,16.58,50.2,8.86,27.15,0.659,-70.06,-0.59,-1.42,0.015,EXHAUST_LEAK
4066.0,0.9132,1098.02,512.42,201.83,27.57,49.87,13.26,31.05,0.976,46.81,1.7,-0.66,0.006,FUEL_RESTRICTION
3728.07,0.7256,992.34,429.54,185.58,25.06,50.51,9.33,31.24,0.82,70.57,-3.52,0.34,-0.049,FUEL_RESTRICTION
3104.9,0.5315,774.55,344.96,180.12,22.54,18.51,10.77,29.18,1.757,0.39,0.46,-31.1,1.076,LUBRICATION_ISSUE
3935.1,0.7698,919.62,451.83,191.24,23.66,52.82,14.75,30.68,1.012,-39.04,-3.36,2.1,0.081,EXHAUST_LEAK
2840.91,0.388,671.05,285.92,169.05,20.36,16.94,8.84,28.8,2.008,-3.81,1.0,-33.54,1.405,LUBRICATION_ISSUE
2823.04,0.3838,715.03,284.83,133.67,20.25,51.51,4.09,27.88,0.621,43.6,1.98,1.06,0.024,FUEL_RESTRICTION
4122.3,0.8525,1016.88,495.67,199.04,26.76,51.08,16.16,33.64,1.013,-0.72,5.11,0.1,0.026,NORMAL
3632.84,0.7455,898.27,435.88,185.22,25.52,49.1,14.35,30.44,3.475,-30.69,-1.5,-0.1,2.635,CYLINDER_MISFIRE
3427.49,0.5934,878.79,395.01,165.99,23.66,49.92,11.95,41.51,0.779,51.4,18.57,-0.68,0.001,OVERHEATING
2955.32,0.3633,614.9,277.44,131.21,16.68,54.0,8.77,28.36,0.623,-50.86,-2.01,2.33,-0.013,EXHAUST_LEAK
4129.12,0.85,1064.52,508.64,201.28,26.81,50.06,15.86,44.53,0.99,48.04,18.75,-0.98,0.002,OVERHEATING
2841.63,0.3411,695.12,297.03,130.75,19.74,51.24,8.25,41.47,0.571,48.4,28.99,-0.09,-0.031,OVERHEATING
3916.17,0.8397,1056.88,481.54,198.22,26.41,49.01,12.39,32.09,0.953,57.25,1.75,-0.33,0.029,FUEL_RESTRICTION
3654.99,0.7263,923.04,434.72,202.8,25.38,20.16,13.72,30.07,2.022,4.53,3.62,-29.53,1.176,LUBRICATION_ISSUE
3677.04,0.7114,908.67,424.69,209.55,25.06,22.35,13.75,29.41,2.617,-2.04,-1.74,-27.74,1.764,LUBRICATION_ISSUE
4394.78,0.9427,1039.7,531.8,200.98,26.16,53.99,17.36,33.22,1.085,-45.64,0.6,0.83,0.017,EXHAUST_LEAK
3310.47,0.5137,777.76,346.59,153.59,22.45,52.95,10.89,29.13,0.706,4.03,2.35,1.68,-0.037,NORMAL
4123.75,0.8663,1022.27,498.14,199.86,27.47,48.3,16.18,33.47,0.973,-3.71,2.55,-2.69,-0.014,NORMAL
3855.42,0.7821,957.6,456.36,193.96,25.89,51.25,14.75,29.69,0.887,-4.41,-0.85,1.27,-0.02,NORMAL
3175.75,0.4971,757.64,335.14,150.65,21.97,47.71,10.49,29.34,0.663,0.57,0.9,-2.99,-0.039,NORMAL
3059.11,0.5409,747.18,345.84,155.78,22.76,50.26,10.76,29.42,4.487,-30.32,-0.66,1.11,3.82,CYLINDER_MISFIRE
2665.61,0.3249,671.96,259.5,127.18,19.82,49.04,4.95,26.09,0.5,43.74,2.57,-1.44,-0.05,FUEL_RESTRICTION
3082.38,0.5377,737.9,347.33,158.46,22.73,50.58,11.17,29.87,4.681,-38.85,1.29,1.23,4.006,CYLINDER_MISFIRE
4129.97,0.836,1048.71,509.59,198.88,26.47,51.2,16.11,38.88,0.983,40.63,24.74,0.16,-0.006,OVERHEATING
2978.99,0.4709,781.94,314.97,145.24,21.57,51.27,4.79,28.64,0.64,50.46,-3.92,1.38,-0.004,FUEL_RESTRICTION
3291.07,0.6328,795.56,388.61,168.71,24.1,48.13,12.4,31.83,3.247,-48.69,2.06,-0.87,2.51,CYLINDER_MISFIRE
3465.04,0.5701,847.67,394.5,162.59,22.93,49.58,11.72,42.98,0.778,32.33,25.3,-1.68,-0.011,OVERHEATING
4253.53,0.8802,1039.25,506.59,198.94,27.04,50.16,16.55,31.02,1.096,-1.57,2.1,-1.87,0.07,NORMAL
2994.42,0.4052,731.84,327.05,138.06,20.84,49.45,9.04,36.01,0.706,39.0,31.35,-1.72,0.058,OVERHEATING
3244.69,0.5139,766.15,340.99,152.61,21.84,50.95,11.14,31.24,0.727,-4.39,-1.34,0.11,0.004,NORMAL
3436.32,0.5675,750.98,368.09,162.22,20.65,51.04,11.62,29.06,0.768,-61.35,0.7,-0.08,-0.013,EXHAUST_LEAK
3959.03,0.7737,1006.01,476.13,193.13,25.69,52.96,15.06,41.78,0.992,43.82,18.81,2.15,0.054,OVERHEATING
4315.93,0.9326,1135.0,551.37,204.1,28.17,51.77,17.23,43.16,1.118,59.62,26.14,-0.76,0.073,OVERHEATING
3729.94,0.7653,986.67,447.48,190.28,25.53,50.46,10.07,31.3,0.84,41.01,0.09,0.99,-0.029,FUEL_RESTRICTION
2878.38,0.3335,592.9,265.14,129.81,17.63,52.59,8.14,27.18,0.667,-51.13,-1.28,0.88,0.054,EXHAUST_LEAK
3236.61,0.4746,747.41,330.92,147.41,21.87,54.34,10.31,27.76,0.705,0.84,2.98,2.84,-0.016,NORMAL
2632.88,0.3328,601.56,259.57,126.45,19.26,47.65,8.11,27.6,4.163,-29.74,0.79,-2.48,3.623,CYLINDER_MISFIRE
3075.8,0.4916,745.9,330.76,180.97,21.88,26.78,10.39,28.62,2.315,-2.85,1.51,-23.36,1.642,LUBRICATION_ISSUE
3612.26,0.7222,889.58,425.93,183.45,25.17,51.63,13.79,30.81,3.818,-24.37,-2.44,2.15,2.985,CYLINDER_MISFIRE
3160.71,0.5885,762.34,366.61,163.88,22.93,48.43,11.81,29.55,4.447,-48.78,-0.06,-0.53,3.748,CYLINDER_MISFIRE
3034.94,0.4155,730.87,327.06,137.13,20.88,51.51,9.68,43.8,0.723,29.85,26.45,0.26,0.062,OVERHEATING
2604.33,0.3068,616.72,247.82,145.3,19.25,26.58,7.71,27.19,1.74,2.44,-0.74,-23.83,1.209,LUBRICATION_ISSUE
4135.6,0.945,1043.64,524.27,198.49,28.39,50.86,16.98,33.63,4.525,-30.14,0.0,-0.23,3.534,CYLINDER_MISFIRE
3427.35,0.6653,914.4,402.92,173.72,24.07,48.24,7.0,31.09,0.833,43.84,0.58,-1.06,0.055,FUEL_RESTRICTION
2928.01,0.3819,628.17,281.72,134.45,18.18,51.35,9.23,27.11,0.688,-47.38,-3.6,0.2,0.06,EXHAUST_LEAK
3125.88,0.5708,761.14,358.66,160.52,22.98,47.91,11.62,30.95,3.315,-37.64,-0.61,-1.13,2.628,CYLINDER_MISFIRE
3391.85,0.5645,811.16,365.87,162.56,22.78,48.82,11.64,29.5,0.729,2.89,0.9,-2.07,-0.038,NORMAL
2618.08,0.344,703.64,261.46,128.08,19.41,49.64,3.8,29.25,0.546,66.32,-0.93,-0.19,0.01,FUEL_RESTRICTION
2887.38,0.4639,676.7,306.83,145.68,21.38,50.56,9.89,27.25,3.846,-45.99,-6.79,1.14,3.23,CYLINDER_MISFIRE
2835.93,0.3914,674.14,281.93,160.37,20.39,23.05,8.98,28.24,2.055,-2.48,-4.04,-27.34,1.454,LUBRICATION_ISSUE
3257.73,0.4974,687.22,335.9,151.25,18.6,50.09,10.45,28.22,0.785,-74.12,-0.91,-1.13,0.058,EXHAUST_LEAK
3722.97,0.7941,914.23,458.11,192.39,26.04,47.93,14.74,31.78,3.893,-48.38,0.55,-0.98,3.026,CYLINDER_MISFIRE
3663.38,0.6678,886.26,408.77,176.11,24.3,49.41,13.1,30.48,0.897,2.41,-1.54,-1.38,0.048,NORMAL
3368.36,0.6004,880.57,374.61,165.07,23.27,47.97,6.85,29.63,0.762,51.91,-2.59,-2.11,0.002,FUEL_RESTRICTION
4190.55,0.8817,1035.37,504.37,199.83,27.39,50.35,16.44,31.71,0.977,-3.17,1.25,-1.17,-0.031,NORMAL
2793.65,0.3893,673.73,285.78,165.83,20.1,30.04,8.93,28.35,1.503,0.45,1.81,-20.12,0.915,LUBRICATION_ISSUE
3803.41,0.7488,937.33,444.08,187.72,25.44,50.98,14.48,30.57,0.868,-2.1,0.43,0.74,-0.023,NORMAL
3306.54,0.5937,902.15,375.03,164.79,23.42,50.22,8.09,29.02,0.699,80.62,2.12,0.42,-0.043,FUEL_RESTRICTION
2980.14,0.4958,707.93,329.3,149.41,22.01,50.0,10.44,29.64,3.852,-38.58,1.4,0.56,3.208,CYLINDER_MISFIRE
3804.88,0.7185,922.2,435.21,183.38,25.48,50.17,13.99,30.21,0.9,0.83,2.39,-0.63,0.009,NORMAL
3639.07,0.6691,823.18,409.74,178.66,22.51,50.89,13.43,29.95,0.867,-60.25,-0.32,0.28,0.025,EXHAUST_LEAK
3236.82,0.4895,709.93,330.24,151.44,18.3,51.92,10.19,28.62,0.754,-45.6,-3.07,0.69,0.033,EXHAUST_LEAK
2987.19,0.438,717.17,310.9,164.3,21.23,17.93,9.63,30.23,1.587,4.99,3.59,-32.61,0.94,LUBRICATION_ISSUE
3439.25,0.661,834.69,403.16,173.83,24.24,49.1,12.87,30.33,5.153,-33.9,2.0,-0.36,4.372,CYLINDER_MISFIRE
3532.72,0.6127,882.01,408.16,170.17,23.49,48.27,12.39,46.46,0.815,37.76,21.61,-2.66,0.005,OVERHEATING
3455.95,0.5708,768.01,368.33,163.54,19.39,51.19,11.91,29.15,0.733,-47.26,-0.83,0.0,-0.053,EXHAUST_LEAK
2918.71,0.3761,697.24,299.08,133.91,20.53,53.05,8.58,39.2,0.595,25.66,16.13,1.85,-0.031,OVERHEATING
2840.0,0.3557,600.58,271.85,130.35,17.73,50.36,8.56,27.15,0.614,-54.86,-1.41,-0.69,0.012,EXHAUST_LEAK
3222.94,0.5416,785.85,351.88,184.45,22.4,18.51,11.23,29.19,2.057,-0.27,0.21,-31.69,1.34,LUBRICATION_ISSUE
3073.57,0.4233,759.17,317.59,140.9,21.13,51.74,9.56,41.21,0.679,51.48,12.98,0.38,0.007,OVERHEATING
3998.37,0.8176,983.85,477.97,198.26,26.32,49.84,15.13,32.04,1.03,-6.63,3.68,-0.44,0.08,NORMAL
4308.0,0.9343,1006.69,526.81,200.47,25.94,53.76,17.02,32.06,1.051,-69.32,1.21,1.29,0.008,EXHAUST_LEAK
2738.92,0.3907,634.44,278.71,134.25,20.38,50.1,9.02,29.06,3.491,-36.9,-4.1,0.33,2.919,CYLINDER_MISFIRE
3094.69,0.4395,646.44,312.0,143.7,19.5,50.42,9.92,27.51,0.669,-72.03,0.92,-0.78,-0.009,EXHAUST_LEAK
3526.54,0.6658,882.33,403.66,197.65,24.26,19.21,13.21,29.65,1.797,6.52,-1.82,-30.72,0.989,LUBRICATION_ISSUE
3271.05,0.6128,797.51,380.73,164.96,23.83,47.57,12.0,29.47,5.111,-33.72,1.99,-1.66,4.379,CYLINDER_MISFIRE
4218.33,0.9423,1152.1,526.15,203.87,28.26,52.41,13.25,33.19,1.112,75.78,0.36,0.67,0.097,FUEL_RESTRICTION
3443.67,0.5652,863.32,388.88,163.94,22.89,48.97,11.7,43.11,0.754,52.01,22.09,-2.24,-0.029,OVERHEATING
2996.39,0.4529,723.24,314.19,172.95,21.05,29.5,9.97,27.66,2.162,1.68,1.26,-20.82,1.513,LUBRICATION_ISSUE
3458.37,0.68,933.57,407.43,176.79,24.44,50.29,8.25,30.72,0.783,52.67,-1.11,1.05,-0.005,FUEL_RESTRICTION
2762.83,0.3125,627.14,255.62,124.57,19.5,52.01,7.65,27.47,0.614,1.52,0.25,0.67,0.036,NORMAL
3700.29,0.7871,911.91,455.42,191.21,26.26,47.35,14.67,32.23,4.974,-45.38,1.05,-1.53,4.114,CYLINDER_MISFIRE
3746.9,0.7011,907.04,423.21,183.21,24.82,53.02,13.7,30.04,0.814,-0.96,-1.59,2.28,-0.061,NORMAL
4169.33,0.8591,968.37,497.41,200.82,25.26,51.26,15.66,31.3,1.038,-55.57,3.05,-0.09,0.037,EXHAUST_LEAK
2729.5,0.3575,701.86,268.72,132.18,19.92,49.64,4.24,29.44,0.49,50.89,-1.86,-0.67,-0.078,FUEL_RESTRICTION
3407.56,0.5568,843.53,380.46,161.88,22.84,52.74,11.48,44.24,0.779,39.08,17.79,1.61,0.006,OVERHEATING
3412.73,0.5435,742.6,355.08,159.01,20.92,50.94,11.41,29.65,0.693,-54.15,-2.97,-0.46,-0.081,EXHAUST_LEAK
3572.29,0.6336,860.83,397.64,168.92,23.74,52.09,12.59,30.4,0.791,2.06,2.37,1.27,-0.03,NORMAL
4226.03,0.9147,1109.81,535.83,202.31,27.78,51.79,17.1,47.89,1.05,49.68,19.75,-0.02,0.033,OVERHEATING
3587.42,0.6791,886.07,410.96,202.06,24.73,24.29,13.17,30.66,1.756,-0.76,-1.13,-25.8,0.929,LUBRICATION_ISSUE
3783.46,0.7143,868.41,426.57,181.63,21.13,53.12,13.91,31.76,0.843,-49.33,-4.07,2.39,-0.042,EXHAUST_LEAK
2894.57,0.3658,659.69,281.07,131.84,20.26,49.71,8.77,28.46,0.634,-4.49,2.56,-1.52,0.015,NORMAL
3335.54,0.5498,838.63,385.68,157.79,23.19,51.91,11.38,42.85,0.746,41.96,27.68,1.12,-0.005,OVERHEATING
2822.87,0.3317,643.7,265.29,125.0,19.68,51.0,7.98,27.92,0.577,3.54,1.19,-0.38,-0.02,NORMAL
3033.26,0.4831,745.07,328.1,172.17,21.63,27.3,10.3,28.18,1.911,3.52,3.17,-22.72,1.251,LUBRICATION_ISSUE
3316.64,0.5841,892.41,371.89,165.47,23.03,50.93,7.32,30.76,0.787,76.12,2.11,0.89,0.042,FUEL_RESTRICTION
2970.58,0.3768,678.97,285.49,135.79,20.15,52.58,8.96,27.45,0.57,4.36,0.72,1.05,-0.072,NORMAL
3969.42,0.7995,975.99,465.15,196.13,25.93,50.11,15.21,32.44,0.968,-2.18,-1.76,-0.3,0.027,NORMAL
3666.69,0.7704,915.65,445.66,187.29,26.05,49.7,14.71,31.65,4.641,-29.94,-1.69,0.74,3.791,CYLINDER_MISFIRE
2825.0,0.3074,670.67,285.44,127.31,19.27,52.19,7.82,35.54,0.646,45.01,30.04,0.36,0.048,OVERHEATING
3889.92,0.7372,980.52,460.38,187.7,25.31,47.48,14.55,47.76,0.93,43.69,18.29,-3.54,0.013,OVERHEATING
3254.21,0.5122,770.14,341.48,153.88,22.13,50.05,10.89,28.25,0.766,0.11,-0.54,-0.88,0.04,NORMAL
4363.59,0.9482,1025.05,531.4,199.12,26.09,53.85,17.61,32.43,1.028,-62.03,-0.85,0.94,-0.031,EXHAUST_LEAK
3003.05,0.4021,622.0,295.79,137.75,18.43,50.13,9.53,27.72,0.667,-69.39,0.96,-1.15,0.016,EXHAUST_LEAK
3729.46,0.7052,838.25,422.89,181.85,21.15,50.8,13.77,30.6,0.814,-71.37,-2.88,0.25,-0.055,EXHAUST_LEAK
3968.05,0.8517,1072.61,486.15,199.31,26.77,48.62,11.34,32.15,0.931,63.21,0.51,-1.13,-0.01,FUEL_RESTRICTION
3203.32,0.4865,776.35,350.13,150.26,21.66,52.39,10.51,41.24,0.642,24.28,18.89,1.33,-0.069,OVERHEATING
3508.3,0.5972,876.78,401.64,167.34,23.52,49.92,12.13,42.78,0.774,43.04,21.4,-1.14,-0.029,OVERHEATING
3821.91,0.7078,868.83,430.58,183.62,21.06,53.5,13.91,29.87,0.863,-46.94,1.12,2.4,-0.034,EXHAUST_LEAK
3496.31,0.6689,933.14,403.35,175.06,24.57,51.13,8.71,29.74,0.808,57.0,-2.34,1.45,0.009,FUEL_RESTRICTION
3717.66,0.6671,884.28,411.62,177.01,24.54,49.89,13.3,29.87,0.877,-1.88,-0.08,-1.27,0.012,NORMAL
3922.99,0.7527,985.63,465.59,188.56,26.43,52.17,14.66,46.48,0.99,37.83,16.91,1.22,0.063,OVERHEATING
4372.43,0.935,1078.84,527.95,200.73,28.14,53.44,17.46,32.69,1.036,-0.81,0.16,0.46,-0.026,NORMAL
3453.68,0.6776,842.8,407.23,175.27,24.88,50.72,12.9,32.11,4.664,-36.43,-0.31,1.46,3.877,CYLINDER_MISFIRE
4056.53,0.8237,1000.13,478.7,199.02,26.49,50.46,15.55,32.17,0.969,3.09,0.48,-0.09,0.002,NORMAL
4118.5,0.9446,1035.57,522.26,198.52,28.03,51.63,17.14,31.85,5.203,-37.14,-1.37,0.68,4.218,CYLINDER_MISFIRE
3099.89,0.5325,752.27,343.68,155.37,22.21,51.65,10.97,27.65,4.504,-22.23,-1.02,2.09,3.824,CYLINDER_MISFIRE
3355.54,0.6479,824.7,394.06,171.43,23.97,49.82,12.66,29.62,4.457,-31.81,0.16,0.67,3.7,CYLINDER_MISFIRE
3685.41,0.7475,987.88,434.67,184.54,25.33,48.78,8.8,31.59,0.828,55.11,-4.99,-0.72,-0.028,FUEL_RESTRICTION
3875.28,0.7514,990.54,477.08,190.32,24.98,50.34,14.43,40.61,0.91,45.93,30.32,-0.33,-0.003,OVERHEATING
4068.38,0.886,1035.08,504.4,222.95,27.32,25.25,16.28,32.42,2.533,0.08,3.4,-25.3,1.562,LUBRICATION_ISSUE
3856.56,0.7543,888.86,443.96,189.18,23.44,49.65,14.38,30.82,0.859,-56.56,-3.29,-0.84,-0.048,EXHAUST_LEAK
2797.67,0.4162,648.43,292.82,134.73,20.62,49.08,9.22,28.36,5.152,-41.17,-0.94,-0.61,4.563,CYLINDER_MISFIRE
2624.54,0.3142,695.47,251.24,121.04,19.13,47.93,4.16,28.42,0.508,75.73,-0.61,-2.48,-0.03,FUEL_RESTRICTION
3497.16,0.6014,786.46,387.28,169.23,21.56,52.63,11.95,30.93,0.697,-49.25,5.86,1.72,-0.102,EXHAUST_LEAK
4217.94,0.9462,1146.21,523.87,198.99,28.47,51.15,11.56,32.28,1.037,67.6,-3.29,-0.59,0.022,FUEL_RESTRICTION
3581.16,0.6456,796.4,396.88,177.3,21.29,51.59,12.97,29.61,0.819,-70.02,-2.97,0.93,-0.005,EXHAUST_LEAK
2993.87,0.4751,700.3,322.98,146.23,21.71,48.09,10.42,28.23,4.407,-34.45,2.14,-1.82,3.758,CYLINDER_MISFIRE
3081.63,0.5276,721.86,343.32,156.12,22.86,49.21,10.71,28.87,3.713,-48.77,0.94,-0.33,3.039,CYLINDER_MISFIRE
3785.82,0.8169,946.85,472.36,198.07,26.17,47.19,15.17,33.36,4.447,-32.61,4.69,-1.71,3.561,CYLINDER_MISFIRE
3894.18,0.7542,884.29,446.87,190.58,22.47,51.1,14.72,31.49,0.974,-62.96,-1.48,0.36,0.056,EXHAUST_LEAK
4013.93,0.8237,1021.82,496.49,196.43,26.37,50.67,15.43,40.78,0.951,26.88,19.52,0.4,-0.003,OVERHEATING
3840.09,0.756,1003.39,471.98,188.73,25.59,50.72,14.4,44.38,0.896,57.8,24.63,0.36,-0.006,OVERHEATING
2746.5,0.3512,651.37,273.06,154.43,20.07,21.69,8.25,27.08,1.714,3.34,4.24,-28.84,1.14,LUBRICATION_ISSUE
3173.47,0.5459,788.17,353.97,173.72,22.61,26.49,11.26,29.08,2.07,1.98,2.25,-23.31,1.368,LUBRICATION_ISSUE
4004.77,0.7937,977.44,466.99,194.97,26.22,50.34,15.13,31.13,0.933,1.01,1.13,-0.41,-0.018,NORMAL
2998.88,0.4844,815.93,324.42,148.88,21.39,50.83,7.29,29.07,0.729,75.35,0.07,1.06,0.079,FUEL_RESTRICTION
3089.13,0.443,656.4,311.31,145.43,19.26,50.95,9.77,28.83,0.75,-63.85,-0.84,-0.15,0.074,EXHAUST_LEAK
3072.66,0.5231,740.07,338.74,154.36,22.18,47.95,11.05,29.35,3.744,-27.4,-1.74,-1.61,3.072,CYLINDER_MISFIRE
3080.53,0.4978,791.05,332.01,148.72,21.53,49.92,7.49,29.15,0.678,38.34,0.38,-0.14,0.004,FUEL_RESTRICTION
3877.32,0.8552,972.8,483.92,199.51,27.26,50.59,15.88,32.01,3.618,-34.21,-0.29,1.57,2.705,CYLINDER_MISFIRE
3205.14,0.5755,779.63,364.7,162.3,23.39,49.62,11.58,30.86,4.133,-25.92,1.36,0.15,3.422,CYLINDER_MISFIRE
3586.46,0.7402,877.84,434.45,187.12,25.41,50.89,14.2,28.79,4.173,-45.58,0.39,1.9,3.347,CYLINDER_MISFIRE
2809.56,0.3302,564.5,261.22,127.3,16.94,51.25,8.5,28.95,0.507,-74.1,-1.94,-0.07,-0.086,EXHAUST_LEAK
3352.33,0.6324,813.95,387.94,168.35,23.72,49.06,12.64,28.09,4.405,-33.11,-0.3,-0.35,3.649,CYLINDER_MISFIRE
2592.14,0.3001,610.74,245.59,151.3,19.29,18.59,7.27,28.6,1.313,1.07,-0.22,-31.86,0.785,LUBRICATION_ISSUE
3900.84,0.7655,985.29,473.96,189.01,25.69,49.72,14.47,40.72,0.892,30.97,21.37,-0.86,-0.028,OVERHEATING
4068.64,0.8818,1029.91,497.77,218.4,27.08,30.51,16.52,32.03,2.155,-2.64,-1.76,-20.04,1.185,LUBRICATION_ISSUE
3956.46,0.8823,979.87,494.53,201.69,27.42,47.64,16.2,33.22,4.607,-47.32,-1.78,-2.01,3.67,CYLINDER_MISFIRE
3034.95,0.4081,733.78,324.71,139.03,20.81,50.35,9.35,39.72,0.67,37.19,26.76,-1.03,0.009,OVERHEATING
3579.05,0.6194,784.49,391.38,168.99,19.73,52.68,12.48,30.05,0.855,-66.11,1.02,1.57,0.031,EXHAUST_LEAK
3118.83,0.5349,737.97,347.99,155.01,22.56,49.46,11.01,28.83,3.44,-38.89,1.88,-0.18,2.754,CYLINDER_MISFIRE
3173.43,0.4658,770.77,345.31,144.06,21.47,49.92,10.22,40.32,0.726,32.62,22.41,-1.32,0.024,OVERHEATING
3294.26,0.5742,809.64,365.63,181.1,22.77,19.34,11.77,30.4,2.182,0.41,0.09,-30.73,1.444,LUBRICATION_ISSUE
4070.47,0.9076,1053.45,509.14,220.45,27.63,29.48,16.83,33.33,1.884,5.36,0.28,-21.08,0.913,LUBRICATION_ISSUE
2935.69,0.3799,705.62,313.7,133.49,20.28,51.63,8.73,38.8,0.65,30.9,28.87,0.39,0.02,OVERHEATING
3362.84,0.6335,816.72,385.47,170.99,24.02,48.71,12.85,30.25,3.945,-31.51,-3.46,-0.75,3.186,CYLINDER_MISFIRE
2856.05,0.3462,585.24,270.49,133.44,15.64,52.65,8.44,27.03,0.553,-65.26,0.19,1.32,-0.054,EXHAUST_LEAK
4318.03,0.9125,1056.22,516.69,199.28,27.4,51.16,16.63,32.27,1.078,-7.19,-1.36,-1.39,0.033,NORMAL
3982.22,0.8843,986.09,499.52,200.15,27.76,48.77,16.08,33.01,4.213,-43.59,1.71,-1.09,3.269,CYLINDER_MISFIRE
3916.41,0.7804,1000.95,485.2,189.7,25.84,48.33,15.08,39.37,0.991,36.88,26.76,-2.08,0.066,OVERHEATING
2826.45,0.3442,645.18,271.78,129.62,19.84,51.3,8.54,26.92,0.582,-2.68,3.07,0.13,-0.016,NORMAL
3302.25,0.5109,774.91,341.84,154.39,22.34,50.69,10.88,29.07,0.768,3.27,-1.14,-0.58,0.027,NORMAL
3021.02,0.5044,707.87,332.03,148.81,21.73,48.76,10.35,29.43,4.944,-45.8,-0.17,-0.8,4.287,CYLINDER_MISFIRE
3540.7,0.6605,871.5,401.4,208.65,24.08,15.08,12.78,30.48,2.358,-1.86,-2.62,-35.05,1.545,LUBRICATION_ISSUE
3664.7,0.6543,874.88,402.5,177.08,24.15,50.81,13.18,30.57,0.804,-0.9,-2.97,-0.23,-0.045,NORMAL
3928.43,0.8582,1060.82,485.68,200.5,26.76,52.4,12.98,32.63,0.945,49.49,-1.12,2.97,0.016,FUEL_RESTRICTION
3917.12,0.8397,1070.02,478.38,199.95,26.71,48.13,9.46,32.36,0.833,70.34,-1.43,-1.22,-0.092,FUEL_RESTRICTION
3672.45,0.7607,894.91,442.28,189.8,25.76,51.14,14.69,31.58,4.438,-45.12,-1.74,1.96,3.586,CYLINDER_MISFIRE
3178.41,0.5314,775.57,348.31,180.48,22.81,21.77,11.04,29.02,1.602,-2.21,1.64,-28.32,0.898,LUBRICATION_ISSUE
3092.43,0.5308,741.26,341.87,156.6,22.68,50.76,10.68,28.81,4.054,-31.82,-1.98,1.21,3.376,CYLINDER_MISFIRE
2909.13,0.365,704.61,297.8,133.59,20.14,52.82,8.74,42.01,0.53,40.18,19.14,1.48,-0.093,OVERHEATING
3324.63,0.5323,709.41,347.03,157.02,18.86,50.95,11.49,28.68,0.728,-76.23,-4.36,-0.08,-0.02,EXHAUST_LEAK
3397.45,0.5791,744.96,366.82,165.2,20.74,51.27,11.56,29.3,0.819,-72.36,-3.57,0.61,0.05,EXHAUST_LEAK
3698.46,0.6733,891.59,412.51,176.96,24.29,49.68,13.41,32.21,0.837,2.7,-0.82,-1.24,-0.022,NORMAL
2994.69,0.4734,809.17,321.38,148.38,21.71,49.26,6.46,28.2,0.64,75.38,1.11,-0.68,-0.008,FUEL_RESTRICTION
3252.01,0.534,779.78,346.38,182.83,22.66,20.99,11.1,29.88,1.614,-3.21,-3.41,-29.53,0.888,LUBRICATION_ISSUE
3112.11,0.4545,732.44,319.78,147.75,21.19,51.14,9.92,29.37,0.752,4.15,2.81,0.09,0.068,NORMAL
4176.69,0.8595,1048.82,511.68,194.94,26.94,52.33,16.06,40.43,0.961,24.3,16.97,0.92,-0.042,OVERHEATING
3064.43,0.4968,794.91,331.11,150.37,21.95,49.41,6.52,29.23,0.671,43.6,0.32,-0.57,0.002,FUEL_RESTRICTION
3001.23,0.4008,650.19,292.43,136.61,18.7,52.16,9.18,28.9,0.682,-40.35,-1.9,0.87,0.032,EXHAUST_LEAK
3566.18,0.7228,879.83,428.39,183.4,25.17,47.57,13.68,30.85,5.03,-32.17,1.19,-1.59,4.21,CYLINDER_MISFIRE
3482.93,0.5851,827.22,378.0,164.7,23.28,52.29,11.88,28.96,0.766,2.0,2.86,1.19,-0.029,NORMAL
2584.37,0.3008,612.45,248.28,151.32,19.1,18.01,7.46,26.5,1.564,2.75,2.46,-32.37,1.038,LUBRICATION_ISSUE
3928.41,0.8458,1062.71,480.77,199.82,26.65,50.8,9.87,31.78,0.952,58.8,-1.58,1.37,0.024,FUEL_RESTRICTION
3658.72,0.7308,924.12,433.53,214.92,25.45,18.74,14.2,31.61,1.709,2.69,0.67,-30.89,0.861,LUBRICATION_ISSUE
3730.32,0.7766,1002.97,453.6,192.04,26.04,49.29,10.74,30.28,0.869,50.47,2.1,0.02,-0.0,FUEL_RESTRICTION
3907.73,0.8676,972.07,487.91,201.5,27.21,48.84,16.0,32.3,4.888,-43.89,-1.66,-0.42,3.966,CYLINDER_MISFIRE
3924.5,0.8593,965.53,485.96,201.45,26.84,49.07,15.71,31.55,4.835,-46.25,-1.11,-0.33,3.907,CYLINDER_MISFIRE
4159.46,0.9135,1058.17,515.15,225.83,28.02,26.87,16.91,33.89,1.986,2.1,1.5,-24.41,0.988,LUBRICATION_ISSUE
3729.78,0.764,947.65,446.26,207.18,25.43,31.46,14.84,30.49,2.66,2.77,-0.67,-18.03,1.791,LUBRICATION_ISSUE
3784.77,0.7982,1032.07,459.24,194.42,26.48,48.79,10.15,30.68,0.885,63.9,-1.66,-0.44,-0.001,FUEL_RESTRICTION
3922.43,0.8053,979.8,466.52,221.22,26.53,29.85,15.41,31.42,2.085,0.51,-1.05,-20.15,1.158,LUBRICATION_ISSUE
3823.18,0.7257,925.49,436.96,186.1,25.43,50.69,14.14,30.46,0.904,-1.1,1.01,-0.1,0.007,NORMAL
4394.66,0.947,1088.92,529.16,196.41,28.43,53.15,17.61,31.48,1.089,0.97,-3.61,-0.01,0.021,NORMAL
3436.69,0.5941,778.36,382.26,166.5,21.19,52.6,11.99,31.63,0.711,-49.94,5.28,1.96,-0.07,EXHAUST_LEAK
2815.59,0.3357,586.3,267.11,127.61,17.97,50.41,8.05,27.9,0.63,-55.9,1.78,-0.84,0.036,EXHAUST_LEAK
2603.94,0.3079,618.26,245.73,142.76,19.57,28.25,7.64,26.1,1.923,3.32,-3.23,-22.14,1.392,LUBRICATION_ISSUE
3097.05,0.5377,853.3,344.25,155.08,22.6,47.32,4.89,29.18,0.646,75.84,-2.23,-2.13,-0.033,FUEL_RESTRICTION
3271.69,0.5029,710.42,338.35,157.25,18.55,49.85,10.85,28.92,0.805,-54.9,-0.85,-1.37,0.074,EXHAUST_LEAK
4023.56,0.8143,923.39,475.56,198.65,24.45,50.85,15.11,31.51,0.932,-66.39,1.69,0.36,-0.025,EXHAUST_LEAK
4331.12,0.9484,1085.51,534.08,200.09,28.41,53.43,17.23,33.27,1.037,-0.08,2.72,0.79,-0.013,NORMAL
3961.26,0.7821,1000.08,483.25,191.79,25.89,50.22,14.98,39.91,0.915,32.76,22.87,-0.45,-0.024,OVERHEATING
3284.68,0.521,800.02,365.03,155.91,22.43,50.5,11.0,42.25,0.741,23.19,18.93,-0.48,0.005,OVERHEATING
3782.08,0.8162,929.09,467.21,195.2,26.43,47.48,15.24,33.07,5.201,-49.74,-0.09,-1.41,4.316,CYLINDER_MISFIRE
4013.02,0.7886,1009.78,489.17,193.63,25.68,52.29,15.07,39.3,0.969,36.0,24.9,1.4,0.015,OVERHEATING
2904.14,0.353,693.76,299.11,131.92,19.87,51.23,8.52,40.97,0.591,36.74,24.89,-0.3,-0.031,OVERHEATING
3823.2,0.7956,1021.14,460.65,194.4,26.14,48.75,9.59,31.18,0.836,52.6,-0.48,-0.78,-0.061,FUEL_RESTRICTION
3819.0,0.7298,931.26,438.49,184.04,25.29,51.36,14.16,31.71,0.872,2.4,1.18,0.67,-0.024,NORMAL
4180.33,0.8682,1073.92,517.23,201.1,27.04,51.97,16.25,48.12,1.0,44.0,19.28,0.52,-0.004,OVERHEATING
3249.53,0.5642,803.73,360.47,188.0,22.43,22.78,11.63,29.74,2.178,2.75,-0.12,-27.19,1.453,LUBRICATION_ISSUE
3218.03,0.5418,785.45,350.98,188.85,22.43,34.42,11.16,30.43,2.037,-0.52,-0.6,-15.75,1.321,LUBRICATION_ISSUE
3947.05,0.7555,875.48,450.04,185.11,22.8,50.96,14.53,29.65,0.956,-75.16,-0.34,-0.09,0.022,EXHAUST_LEAK
3984.12,0.7882,1003.67,483.44,193.57,26.01,51.31,14.71,39.79,0.958,31.55,20.16,0.6,0.012,OVERHEATING
3652.45,0.7587,893.57,449.43,185.98,25.67,48.9,14.26,30.72,3.735,-44.25,6.74,-0.19,2.889,CYLINDER_MISFIRE
3377.36,0.5652,804.71,366.44,162.91,22.98,51.77,11.62,30.48,0.764,-3.29,1.64,0.99,0.0,NORMAL
2887.25,0.4361,757.01,306.77,140.67,20.9,51.92,4.98,28.74,0.611,50.96,3.14,2.01,-0.005,FUEL_RESTRICTION
3444.07,0.6304,848.84,392.28,197.02,23.76,25.14,12.69,30.23,1.877,-1.63,2.0,-24.9,1.094,LUBRICATION_ISSUE
3333.31,0.5231,784.36,349.24,157.37,22.69,50.36,10.93,28.31,0.739,3.86,0.94,-0.89,-0.011,NORMAL
3079.53,0.4277,716.29,309.6,145.44,20.96,51.67,9.4,29.6,0.627,5.71,3.25,0.35,-0.047,NORMAL
3136.42,0.461,655.16,318.66,147.71,18.89,52.32,10.12,27.48,0.641,-78.24,-1.39,1.23,-0.05,EXHAUST_LEAK
3548.3,0.7218,884.46,424.68,181.87,25.13,50.32,13.79,30.93,4.141,-26.03,-1.62,1.25,3.326,CYLINDER_MISFIRE
3476.45,0.6889,935.18,413.59,175.86,24.87,47.04,7.46,29.93,0.727,48.02,1.3,-2.16,-0.066,FUEL_RESTRICTION
2881.12,0.365,596.98,274.02,132.22,16.2,53.08,8.59,29.13,0.656,-66.1,-3.83,1.92,0.042,EXHAUST_LEAK
4360.99,0.9345,1018.58,528.46,198.86,25.27,52.48,17.0,33.64,1.166,-60.17,1.21,-0.41,0.108,EXHAUST_LEAK
3568.73,0.6105,774.65,386.88,169.5,21.48,52.69,12.48,29.83,0.843,-70.09,0.03,1.48,0.023,EXHAUST_LEAK
2823.63,0.387,676.78,280.66,158.54,20.4,19.28,9.04,27.15,2.437,3.4,-3.37,-31.11,1.84,LUBRICATION_ISSUE
2747.95,0.3987,624.73,285.15,133.7,20.34,48.77,9.06,28.52,4.212,-51.9,-0.82,-0.91,3.637,CYLINDER_MISFIRE
2764.29,0.3832,716.15,278.57,132.25,20.58,49.1,3.66,27.55,0.587,48.03,-2.3,-0.97,0.008,FUEL_RESTRICTION
2636.34,0.3142,619.74,251.21,157.76,19.55,18.59,7.74,27.32,2.017,-0.61,-0.99,-31.89,1.476,LUBRICATION_ISSUE
3610.79,0.6973,903.87,424.43,215.48,25.05,21.25,13.57,30.67,2.031,4.94,5.07,-28.67,1.198,LUBRICATION_ISSUE
3599.51,0.621,848.58,392.58,169.29,23.73,51.3,12.4,30.81,0.838,-3.98,1.04,0.08,0.008,NORMAL
3821.42,0.8344,953.58,476.78,199.08,26.65,47.46,15.36,32.04,3.837,-38.11,1.77,-1.37,2.94,CYLINDER_MISFIRE
3598.93,0.7026,978.13,418.3,179.65,25.01,46.86,8.28,32.76,0.815,76.61,-2.6,-2.89,-0.014,FUEL_RESTRICTION
3712.43,0.7004,827.45,425.05,182.92,20.83,50.38,13.75,29.86,0.878,-78.44,1.52,-0.14,0.014,EXHAUST_LEAK
4094.22,0.8427,1010.39,486.9,199.19,26.64,50.99,15.68,32.07,0.91,0.06,0.7,0.24,-0.068,NORMAL
3613.11,0.7405,892.03,436.75,184.91,25.51,48.8,14.18,30.86,4.299,-32.9,1.78,-0.36,3.465,CYLINDER_MISFIRE
2855.28,0.3965,682.68,289.87,153.23,20.42,26.44,9.04,27.11,1.566,2.0,1.46,-23.99,0.959,LUBRICATION_ISSUE
3953.24,0.8446,1071.72,482.18,199.05,26.79,50.32,10.22,33.53,1.025,67.29,-0.47,0.69,0.089,FUEL_RESTRICTION
3182.09,0.5736,761.51,359.47,162.41,23.12,50.07,11.34,29.42,4.62,-41.76,-2.49,0.71,3.915,CYLINDER_MISFIRE
3201.65,0.5777,879.84,365.03,159.51,22.98,47.43,5.65,29.53,0.776,73.14,1.02,-1.99,0.065,FUEL_RESTRICTION
4055.23,0.8776,1031.53,498.75,237.06,27.31,29.26,16.2,32.46,1.912,2.22,1.17,-21.19,0.946,LUBRICATION_ISSUE
3171.64,0.4653,672.42,323.24,147.95,19.01,52.66,10.16,28.72,0.714,-65.32,0.6,1.42,0.013,EXHAUST_LEAK
2621.06,0.3581,610.0,266.16,129.18,20.03,48.31,8.3,29.02,4.213,-35.9,-1.38,-1.28,3.676,CYLINDER_MISFIRE
3006.42,0.4657,730.8,316.31,181.9,21.25,20.55,9.83,29.07,1.864,1.09,-1.52,-29.61,1.212,LUBRICATION_ISSUE
4214.41,0.8785,1086.05,521.25,198.32,27.01,51.61,16.36,43.93,1.011,48.23,18.56,-0.11,-0.003,OVERHEATING
3590.12,0.7259,879.2,428.79,181.18,25.0,47.05,13.78,30.32,3.824,-35.87,-0.25,-2.21,2.997,CYLINDER_MISFIRE
4335.47,0.9451,1039.19,529.47,201.29,24.91,50.85,17.2,31.95,1.023,-44.61,-0.82,-1.83,-0.027,EXHAUST_LEAK
2676.29,0.3779,630.33,275.87,132.73,20.35,47.41,8.49,27.05,4.604,-30.24,-0.47,-2.18,4.051,CYLINDER_MISFIRE
3296.54,0.5844,873.96,369.82,162.13,23.1,49.63,7.99,30.63,0.721,58.49,0.54,-0.27,-0.018,FUEL_RESTRICTION
3862.81,0.7397,938.9,439.9,189.85,25.13,51.16,14.2,30.87,0.922,1.92,-2.29,0.36,0.013,NORMAL
2704.63,0.3798,636.91,280.23,130.53,20.22,49.3,8.42,30.22,4.871,-26.22,2.36,-0.44,4.309,CYLINDER_MISFIRE
3635.47,0.723,960.17,431.16,187.42,24.9,50.13,8.43,31.04,0.894,44.59,1.82,0.51,0.053,FUEL_RESTRICTION
3152.21,0.5723,759.5,359.09,161.16,23.14,49.14,11.48,29.38,4.308,-41.46,-1.49,-0.04,3.612,CYLINDER_MISFIRE
2965.14,0.3835,624.42,284.33,137.53,18.58,50.44,9.0,28.87,0.644,-53.92,-2.67,-0.93,0.004,EXHAUST_LEAK
2723.48,0.344,643.54,267.98,159.16,19.98,22.75,8.18,27.24,2.028,0.98,2.44,-27.76,1.461,LUBRICATION_ISSUE
3084.64,0.505,760.07,334.85,172.02,21.89,20.22,10.46,28.23,2.358,2.82,0.5,-29.74,1.683,LUBRICATION_ISSUE
3321.57,0.529,821.2,370.16,154.02,22.36,52.28,11.25,41.79,0.683,37.69,20.05,1.21,-0.064,OVERHEATING
3807.07,0.7075,940.26,447.95,183.14,25.23,49.76,13.69,43.73,0.897,25.41,19.03,-1.25,0.005,OVERHEATING
3944.79,0.7807,991.26,483.72,193.6,25.89,50.81,15.05,48.02,0.957,25.59,24.32,0.22,0.024,OVERHEATING
2866.22,0.3461,681.62,297.67,131.39,19.8,51.46,8.57,37.9,0.586,30.65,27.08,0.06,-0.024,OVERHEATING
3769.44,0.7774,1027.92,453.5,191.53,25.76,49.06,10.81,31.74,0.855,73.04,0.57,-0.44,-0.026,FUEL_RESTRICTION
3448.74,0.6335,927.04,392.61,169.56,23.96,50.81,6.39,30.49,0.78,74.48,1.07,0.8,-0.004,FUEL_RESTRICTION
3297.35,0.4896,723.29,335.26,152.04,18.76,52.39,10.65,28.21,0.749,-35.33,0.09,0.77,0.01,EXHAUST_LEAK
4430.3,0.9444,1030.01,534.16,201.42,25.99,50.72,17.28,32.47,1.119,-58.16,1.26,-2.72,0.04,EXHAUST_LEAK
4264.12,0.9026,1053.65,516.37,198.47,27.5,51.52,16.83,31.39,1.035,-1.13,3.5,-0.59,0.005,NORMAL
3100.73,0.4474,724.18,311.65,144.38,21.16,50.44,9.81,28.47,0.692,0.7,-2.43,-0.66,0.011,NORMAL
3475.33,0.6469,861.79,398.42,195.4,24.13,14.15,13.08,28.93,2.209,-0.13,1.27,-35.8,1.417,LUBRICATION_ISSUE
3340.15,0.6272,889.77,386.02,167.89,23.71,49.07,9.5,30.64,0.735,46.43,0.02,-0.36,-0.017,FUEL_RESTRICTION
3011.28,0.4143,699.06,296.31,140.46,20.69,52.17,9.39,28.63,0.615,-0.1,-3.19,1.06,-0.038,NORMAL
3920.9,0.8561,969.56,486.32,201.12,26.9,50.54,15.67,31.16,5.002,-40.14,0.5,1.18,4.076,CYLINDER_MISFIRE
3765.35,0.7047,908.08,423.75,183.21,24.98,51.48,13.75,31.76,0.86,-2.98,-2.89,0.69,-0.019,NORMAL
4312.43,0.9409,1109.97,555.4,201.35,28.03,52.91,17.08,44.97,1.041,29.83,27.31,0.41,-0.003,OVERHEATING
4213.57,0.892,1043.38,504.09,200.18,27.58,50.12,16.78,31.48,0.93,-2.51,-3.45,-1.59,-0.084,NORMAL
3464.85,0.657,917.98,402.28,175.63,24.35,49.55,9.85,31.02,0.791,50.53,1.81,-0.14,0.001,FUEL_RESTRICTION
3891.16,0.8185,986.22,472.66,230.83,26.43,25.57,15.19,30.79,2.03,0.54,1.25,-23.99,1.112,LUBRICATION_ISSUE
3283.72,0.5035,714.5,337.04,152.79,17.96,50.28,10.99,29.85,0.707,-51.79,-2.73,-1.0,-0.028,EXHAUST_LEAK
3834.14,0.7291,934.14,434.86,188.6,25.06,49.26,14.11,32.33,0.899,4.95,-2.65,-1.54,-0.001,NORMAL
2995.61,0.3968,629.3,290.5,138.06,18.69,52.78,9.34,29.49,0.66,-58.54,-2.21,1.45,0.011,EXHAUST_LEAK
3159.84,0.5326,781.01,345.81,184.33,22.63,15.93,11.03,30.16,2.187,3.48,-0.71,-34.02,1.489,LUBRICATION_ISSUE
3037.14,0.4237,628.2,303.65,141.01,19.39,50.58,9.69,28.17,0.651,-77.89,-0.0,-0.54,-0.01,EXHAUST_LEAK
3404.53,0.55,844.41,376.85,157.54,22.97,50.89,11.67,45.25,0.815,44.21,16.73,-0.34,0.043,OVERHEATING
4187.01,0.8564,1064.06,520.48,201.06,27.04,49.42,15.98,46.17,0.926,40.88,26.57,-2.08,-0.081,OVERHEATING
2831.47,0.3188,664.99,287.02,127.54,19.12,50.97,8.47,41.04,0.645,32.16,27.33,-0.7,0.046,OVERHEATING
3337.78,0.6396,906.71,389.35,169.15,24.01,51.36,6.88,29.35,0.745,56.08,-1.02,2.18,-0.006,FUEL_RESTRICTION
3579.59,0.678,880.87,408.76,203.71,24.7,24.85,13.37,31.26,1.744,-4.89,-2.7,-25.22,0.92,LUBRICATION_ISSUE
3215.24,0.5296,777.39,346.18,184.57,22.22,29.8,11.11,29.46,1.476,-1.12,-0.93,-20.56,0.761,LUBRICATION_ISSUE
3472.74,0.6428,854.98,396.33,205.29,23.92,18.53,12.81,29.59,1.996,-4.32,0.75,-31.47,1.204,LUBRICATION_ISSUE
3700.43,0.7405,974.92,438.9,185.36,25.57,48.75,9.28,30.0,0.885,45.59,1.3,-0.97,0.025,FUEL_RESTRICTION
2885.49,0.4565,680.85,311.35,144.77,21.17,49.19,9.65,29.42,5.104,-37.33,0.45,-0.35,4.488,CYLINDER_MISFIRE
3451.17,0.6382,907.17,394.33,172.62,24.02,51.42,7.04,29.0,0.782,51.69,1.04,1.48,-0.004,FUEL_RESTRICTION
3927.61,0.7594,1001.54,470.55,190.07,25.64,51.72,14.68,47.73,0.931,49.54,19.36,0.86,0.002,OVERHEATING
3327.44,0.6139,878.2,381.29,168.94,24.01,49.53,7.49,30.34,0.74,43.46,0.45,-0.05,-0.008,FUEL_RESTRICTION
4062.44,0.8982,1039.1,504.58,222.95,27.48,25.42,16.77,31.42,2.261,-2.93,-0.63,-25.08,1.292,LUBRICATION_ISSUE
4004.37,0.8651,1081.56,490.18,204.85,27.07,50.54,10.88,31.85,0.969,62.28,-1.38,0.51,0.017,FUEL_RESTRICTION
3942.35,0.7736,964.96,453.61,194.12,26.28,49.12,14.93,31.19,0.871,3.68,-3.16,-1.59,-0.062,NORMAL
2945.62,0.4362,745.02,303.88,140.97,21.48,50.57,4.24,28.14,0.651,36.03,-1.51,0.27,0.017,FUEL_RESTRICTION
2996.02,0.4787,792.64,324.0,148.32,21.76,50.31,4.28,29.27,0.631,55.6,1.78,0.45,-0.018,FUEL_RESTRICTION
3579.03,0.6317,817.58,395.0,172.68,21.95,50.83,12.71,29.6,0.824,-40.36,0.23,-0.06,0.001,EXHAUST_LEAK
3214.48,0.5816,774.81,365.33,162.31,22.87,47.67,11.58,28.98,4.547,-34.86,-0.47,-1.76,3.832,CYLINDER_MISFIRE
4254.15,0.902,996.66,510.41,200.01,25.57,49.44,16.62,31.99,1.01,-57.27,-1.95,-2.59,-0.016,EXHAUST_LEAK
3478.79,0.6752,933.47,405.86,173.61,24.74,50.08,9.63,29.82,0.826,54.43,-1.56,0.62,0.032,FUEL_RESTRICTION
3848.44,0.8246,940.66,471.44,198.34,26.54,47.72,15.35,32.48,4.105,-46.49,-0.86,-1.46,3.2,CYLINDER_MISFIRE
3579.21,0.7086,969.35,421.68,178.35,24.87,50.86,10.13,31.97,0.802,65.26,-0.77,1.35,-0.022,FUEL_RESTRICTION
3411.54,0.5649,807.49,365.42,160.72,22.85,48.73,11.7,29.52,0.741,-2.03,-0.29,-2.27,-0.033,NORMAL
3318.76,0.5154,772.27,348.36,154.61,22.53,52.11,10.94,28.71,0.732,-2.89,3.26,0.81,-0.014,NORMAL
4201.85,0.877,1034.9,504.03,202.4,27.58,52.52,16.33,29.42,1.022,-1.41,2.24,0.91,0.012,NORMAL
4173.06,0.9396,1119.51,523.05,199.16,28.56,52.95,11.38,32.29,1.027,47.1,-0.39,1.57,0.025,FUEL_RESTRICTION
3952.13,0.7807,963.02,460.44,191.92,25.95,49.12,14.64,30.94,0.931,-2.98,0.84,-1.52,-0.005,NORMAL
3081.78,0.508,827.89,339.71,151.64,22.12,49.8,5.47,30.05,0.675,68.98,4.37,-0.09,0.0,FUEL_RESTRICTION
3896.46,0.8289,1063.91,477.24,198.88,26.76,48.83,9.55,32.68,0.895,71.73,1.93,-0.58,-0.024,FUEL_RESTRICTION
4216.64,0.9366,1076.55,525.1,225.39,27.92,21.43,17.21,34.11,2.115,3.73,1.41,-30.31,1.1,LUBRICATION_ISSUE
3710.92,0.6988,842.84,423.59,182.63,22.21,49.72,13.68,30.96,0.855,-61.98,0.7,-0.82,-0.008,EXHAUST_LEAK
3477.01,0.5973,761.02,379.75,167.28,21.19,49.22,12.13,29.39,0.754,-71.23,0.4,-1.63,-0.039,EXHAUST_LEAK
3622.4,0.6454,793.34,399.81,175.54,20.96,53.22,12.86,29.07,0.852,-75.03,-1.21,2.29,0.016,EXHAUST_LEAK
4109.29,0.8288,932.06,482.69,199.82,24.36,52.05,15.79,30.76,0.983,-70.66,1.05,1.18,0.0,EXHAUST_LEAK
4005.43,0.8603,1064.38,487.22,201.59,26.95,46.36,12.03,32.96,0.907,47.9,-2.66,-3.68,-0.045,FUEL_RESTRICTION
3778.81,0.7709,948.32,448.74,218.84,25.94,26.58,14.75,31.97,2.538,-3.15,-2.14,-23.11,1.654,LUBRICATION_ISSUE
4313.39,0.9179,1103.35,548.32,200.38,28.16,54.29,16.69,46.78,1.103,36.93,28.47,1.78,0.059,OVERHEATING
3299.14,0.5357,722.49,353.42,155.55,20.45,50.74,11.42,29.8,0.714,-63.9,1.59,-0.06,-0.026,EXHAUST_LEAK
3276.24,0.6123,893.6,379.57,163.81,23.29,48.34,7.13,30.12,0.756,62.43,0.87,-0.94,0.023,FUEL_RESTRICTION
3005.85,0.3974,684.03,294.16,137.16,20.41,50.47,9.11,28.49,0.599,-4.7,0.91,-0.91,-0.052,NORMAL
3413.5,0.5685,757.54,370.04,162.64,21.64,52.21,11.7,29.49,0.759,-54.26,2.96,1.25,-0.015,EXHAUST_LEAK
3794.64,0.7055,942.64,445.39,182.35,24.91,49.89,13.77,42.27,0.884,29.62,17.58,-1.08,-0.004,OVERHEATING
4111.15,0.8298,1038.48,503.74,200.78,26.35,50.54,15.8,47.78,0.973,35.07,21.69,-0.35,-0.01,OVERHEATING
3821.07,0.7167,922.34,436.41,183.06,24.79,48.8,14.2,31.26,0.894,1.24,3.75,-2.13,-0.002,NORMAL
3037.83,0.4097,654.17,297.9,140.31,17.6,53.91,9.43,28.21,0.714,-43.57,-0.74,2.54,0.053,EXHAUST_LEAK
3630.94,0.7395,985.03,434.93,187.25,25.21,50.11,8.85,30.99,0.922,59.78,-0.23,0.82,0.083,FUEL_RESTRICTION
3014.0,0.4713,789.31,322.83,145.17,21.56,51.21,4.56,27.62,0.629,55.83,2.75,1.11,-0.025,FUEL_RESTRICTION
3795.09,0.7217,957.42,457.21,182.35,24.94,50.41,13.92,49.56,0.896,34.63,23.54,-0.27,0.007,OVERHEATING
4368.78,0.9409,1081.01,527.76,199.24,28.45,52.51,17.66,30.88,0.999,-1.98,-2.03,-0.44,-0.062,NORMAL
2843.54,0.3617,695.53,301.04,132.65,19.93,50.68,8.45,41.34,0.555,36.34,25.53,-0.29,-0.048,OVERHEATING
2933.38,0.3748,623.51,280.34,134.73,16.74,50.12,8.72,26.86,0.568,-48.06,-2.61,-1.2,-0.062,EXHAUST_LEAK
2623.45,0.3324,589.84,258.43,128.24,19.72,47.28,8.17,27.81,4.646,-40.79,0.05,-2.79,4.109,CYLINDER_MISFIRE
3147.91,0.4557,661.5,320.07,145.03,18.17,50.69,9.89,29.13,0.681,-69.33,1.58,-0.57,-0.013,EXHAUST_LEAK
3552.38,0.6971,951.85,415.33,178.88,24.64,50.39,8.8,29.32,0.849,55.96,-2.2,0.84,0.033,FUEL_RESTRICTION
3653.06,0.728,963.21,429.68,184.38,25.42,49.4,8.03,29.54,0.86,43.75,-1.99,-0.24,0.015,FUEL_RESTRICTION
3015.06,0.5068,709.48,329.81,151.98,22.15,49.2,10.44,29.19,3.39,-45.35,-3.08,-0.27,2.735,CYLINDER_MISFIRE
4092.2,0.8289,933.94,481.5,203.12,24.97,50.44,15.68,31.49,1.009,-68.04,0.31,-0.3,0.032,EXHAUST_LEAK
2517.94,0.3184,687.4,253.16,122.56,19.64,49.24,3.57,28.7,0.535,70.47,3.01,-0.4,0.03,FUEL_RESTRICTION
3018.82,0.4676,732.98,320.22,176.49,21.59,26.76,10.06,29.49,1.8,1.47,1.31,-23.45,1.144,LUBRICATION_ISSUE
3849.93,0.8278,1048.19,474.2,196.91,26.68,50.01,11.5,31.78,0.926,59.02,0.7,0.88,0.021,FUEL_RESTRICTION
3437.45,0.6608,864.63,401.82,203.64,24.27,20.49,12.84,29.52,1.995,-3.69,0.83,-28.96,1.214,LUBRICATION_ISSUE
3009.48,0.3899,685.2,290.52,137.7,20.19,50.65,9.07,29.64,0.648,0.82,-0.11,-0.89,-0.005,NORMAL
3880.34,0.7538,876.55,446.69,187.7,23.16,51.58,14.5,32.63,0.905,-69.72,-1.07,0.93,-0.009,EXHAUST_LEAK
4193.04,0.9325,1121.37,523.24,201.71,28.04,50.88,12.65,31.94,1.008,52.23,1.76,-0.67,0.0,FUEL_RESTRICTION
3054.24,0.4142,662.52,300.97,139.91,17.78,48.19,9.38,28.8,0.654,-38.74,0.21,-3.2,-0.012,EXHAUST_LEAK
2995.51,0.4935,704.64,326.35,148.61,21.45,49.47,10.45,28.96,5.017,-41.21,-1.16,-0.12,4.369,CYLINDER_MISFIRE
2790.85,0.3243,662.63,286.11,127.68,19.79,49.82,7.82,43.53,0.58,28.52,25.64,-1.49,-0.007,OVERHEATING
3159.74,0.5331,772.35,347.44,176.09,22.86,18.49,11.0,30.19,2.177,-5.52,0.72,-31.45,1.479,LUBRICATION_ISSUE
4158.14,0.8774,1041.16,498.9,200.78,27.18,50.22,16.32,32.13,1.114,6.83,-1.7,-1.04,0.117,NORMAL
3416.29,0.5856,774.48,374.8,164.51,20.8,48.22,12.07,30.22,0.769,-47.69,1.5,-2.45,-0.006,EXHAUST_LEAK
2775.21,0.4017,629.82,290.27,136.25,20.62,50.28,8.98,28.27,4.558,-49.95,2.41,0.47,3.976,CYLINDER_MISFIRE
3649.33,0.7217,915.65,427.82,216.07,24.89,28.04,13.88,28.85,1.664,0.13,-1.49,-21.69,0.819,LUBRICATION_ISSUE
2958.8,0.4609,724.84,316.5,163.87,21.7,23.36,10.01,27.64,1.794,0.36,1.81,-26.58,1.156,LUBRICATION_ISSUE
3602.5,0.7118,905.91,423.72,206.9,25.17,21.26,13.85,31.19,2.412,-1.28,-0.59,-28.34,1.581,LUBRICATION_ISSUE
3507.18,0.6625,950.06,404.8,176.12,24.58,48.81,9.27,30.41,0.808,77.2,1.09,-1.06,0.006,FUEL_RESTRICTION
2745.47,0.302,616.54,250.44,126.7,19.17,51.84,7.8,26.62,0.539,-1.95,-0.65,0.43,-0.034,NORMAL
3328.32,0.5264,782.99,344.46,156.17,22.33,49.52,10.97,29.86,0.758,0.75,-4.88,-1.64,0.009,NORMAL
3679.09,0.6908,837.32,419.26,177.02,21.21,50.43,13.48,30.39,0.849,-61.12,0.2,-0.05,-0.005,EXHAUST_LEAK
2700.04,0.3494,648.15,268.36,156.47,19.92,16.17,8.34,27.16,1.982,3.49,1.57,-34.09,1.422,LUBRICATION_ISSUE
3766.83,0.7601,943.85,445.82,217.0,25.47,24.82,14.66,29.79,2.222,-0.53,-0.8,-24.99,1.342,LUBRICATION_ISSUE
4000.86,0.8438,1069.05,481.15,200.73,27.0,52.62,10.57,31.07,0.933,62.71,-2.66,2.61,-0.017,FUEL_RESTRICTION
3111.06,0.4325,766.47,328.08,140.7,20.82,51.49,9.74,45.97,0.642,51.43,19.05,0.05,-0.042,OVERHEATING
3772.34,0.7134,921.38,427.95,182.11,24.74,50.4,13.96,31.5,0.879,4.74,-2.03,-0.28,-0.003,NORMAL
2522.56,0.3075,575.76,244.45,120.12,19.1,49.24,7.56,26.53,3.632,-34.88,-1.93,-0.62,3.125,CYLINDER_MISFIRE
2908.35,0.3478,686.86,293.82,130.97,19.69,51.14,8.42,41.48,0.697,32.75,21.35,-0.51,0.074,OVERHEATING
3442.23,0.5818,856.66,397.95,165.22,23.51,52.49,11.77,39.19,0.877,35.47,25.23,1.59,0.094,OVERHEATING
3148.78,0.4737,741.74,327.35,151.33,21.69,51.11,10.19,28.49,0.72,0.09,2.36,0.17,0.025,NORMAL
4217.18,0.8689,979.84,501.29,201.25,25.29,54.3,16.52,32.32,0.997,-52.38,1.96,2.56,-0.018,EXHAUST_LEAK
3410.64,0.5623,809.83,367.47,160.13,23.01,52.32,11.38,28.55,0.692,1.94,2.74,1.27,-0.082,NORMAL
3594.57,0.7448,901.01,434.48,184.65,25.43,48.63,14.1,29.66,4.578,-25.6,-1.48,-0.33,3.749,CYLINDER_MISFIRE
2785.99,0.3636,656.22,272.79,154.98,19.97,21.17,8.6,28.16,1.385,-1.26,-1.7,-29.39,0.8,LUBRICATION_ISSUE
4101.38,0.9446,1032.7,524.55,199.76,28.08,51.35,16.94,31.65,4.069,-39.14,1.45,0.54,3.088,CYLINDER_MISFIRE
3479.6,0.5808,859.7,393.65,165.36,22.94,49.5,11.74,46.69,0.799,37.27,20.19,-1.67,0.006,OVERHEATING
3250.29,0.4937,691.17,337.12,153.09,18.28,50.87,10.29,30.23,0.701,-67.54,1.9,-0.37,-0.024,EXHAUST_LEAK
2795.7,0.3713,663.94,277.77,153.52,20.05,20.04,8.66,28.27,1.89,1.39,0.23,-30.45,1.302,LUBRICATION_ISSUE
3218.94,0.4913,799.11,353.72,151.65,21.64,49.83,10.7,43.31,0.696,43.4,20.3,-1.25,-0.02,OVERHEATING
3767.08,0.7956,927.64,461.33,193.89,26.28,46.76,14.97,31.38,4.719,-38.07,1.9,-2.41,3.839,CYLINDER_MISFIRE
3919.09,0.7634,1006.52,467.94,190.19,25.79,48.6,14.63,40.92,0.889,52.51,15.53,-2.13,-0.037,OVERHEATING
3280.78,0.5699,805.74,361.43,190.01,22.76,31.62,11.67,30.11,1.668,-0.24,-2.16,-18.44,0.934,LUBRICATION_ISSUE
2772.69,0.3125,657.84,284.11,126.62,19.74,52.86,7.89,38.04,0.521,31.7,28.43,1.46,-0.061,OVERHEATING
3953.11,0.776,964.23,462.44,188.56,25.82,52.23,15.0,33.26,0.94,0.98,4.49,1.5,0.004,NORMAL
3813.13,0.7878,1029.68,456.82,190.57,25.89,50.62,10.54,31.79,0.821,66.36,-1.17,1.01,-0.073,FUEL_RESTRICTION
3545.81,0.6037,867.91,402.97,171.16,23.58,51.33,12.35,39.15,0.854,28.37,19.24,0.15,0.04,OVERHEATING
4189.39,0.9116,1053.18,515.03,200.77,27.5,51.78,16.86,32.27,1.036,-3.27,1.16,0.26,0.029,NORMAL
3731.9,0.6828,846.69,415.09,179.04,21.97,51.34,13.35,30.61,0.863,-49.56,-2.66,0.37,-0.007,EXHAUST_LEAK
3679.69,0.6522,817.79,407.15,174.47,21.06,52.69,13.31,29.3,0.862,-57.52,1.97,1.51,0.008,EXHAUST_LEAK
3210.7,0.5451,790.77,352.3,175.78,22.84,22.9,10.99,29.22,1.72,3.19,-0.24,-27.16,1.007,LUBRICATION_ISSUE
2892.27,0.4277,756.56,301.44,140.89,20.72,50.55,6.13,28.2,0.622,55.31,0.69,0.45,0.005,FUEL_RESTRICTION
3615.59,0.7481,889.82,435.53,186.32,25.65,49.58,14.06,30.77,3.744,-39.8,-2.24,0.55,2.909,CYLINDER_MISFIRE
4380.79,0.9431,1086.74,530.18,199.02,28.46,52.45,17.41,32.68,1.123,1.86,-0.75,-0.6,0.058,NORMAL
3279.86,0.5243,817.12,367.8,155.38,22.41,50.9,11.05,36.84,0.773,38.57,20.67,0.01,0.039,OVERHEATING
4123.74,0.944,1077.02,524.59,220.35,28.06,27.52,17.31,32.89,2.152,4.45,1.05,-23.47,1.165,LUBRICATION_ISSUE
3245.4,0.4782,749.08,330.02,149.48,21.77,49.98,10.64,28.76,0.768,-0.14,0.49,-1.5,0.045,NORMAL
3286.78,0.5249,695.77,348.43,154.9,19.76,51.5,11.28,29.31,0.779,-83.51,0.87,0.58,0.043,EXHAUST_LEAK
3769.59,0.718,882.37,434.69,187.23,22.73,51.08,13.93,30.8,0.918,-36.91,3.12,0.5,0.037,EXHAUST_LEAK
4004.81,0.8076,987.55,470.38,197.33,26.35,49.69,15.43,31.41,0.896,2.74,-0.51,-0.81,-0.056,NORMAL
3603.99,0.71,954.44,424.23,179.95,24.74,49.37,7.93,30.46,0.816,48.25,0.52,-0.27,-0.016,FUEL_RESTRICTION
3716.47,0.7393,930.49,434.74,217.32,25.33,27.33,14.15,31.52,2.548,1.1,-2.9,-22.52,1.683,LUBRICATION_ISSUE
3247.38,0.5824,855.94,367.1,160.51,23.2,49.7,8.16,30.03,0.725,44.11,0.0,0.08,0.001,FUEL_RESTRICTION
4061.09,0.879,1027.11,498.87,230.62,27.16,30.41,16.17,33.63,1.8,-3.35,0.59,-20.08,0.832,LUBRICATION_ISSUE
4053.8,0.8224,931.26,476.65,198.06,24.04,47.32,15.34,33.49,1.006,-64.9,-1.05,-3.23,0.039,EXHAUST_LEAK
3016.61,0.4668,780.29,320.4,145.71,21.81,49.09,5.89,28.62,0.734,49.39,1.86,-1.11,0.079,FUEL_RESTRICTION
3132.91,0.557,764.36,354.14,158.63,22.46,48.71,11.15,29.85,3.544,-26.47,-0.36,-0.63,2.854,CYLINDER_MISFIRE
3441.21,0.5673,809.03,368.51,163.95,22.87,52.57,11.81,28.98,0.838,-3.44,1.03,1.42,0.056,NORMAL
3463.57,0.678,922.94,409.63,176.37,24.47,49.38,7.53,31.36,0.733,42.98,1.65,0.07,-0.056,FUEL_RESTRICTION
2834.18,0.3808,671.33,281.56,163.25,20.28,17.11,8.77,29.35,1.725,1.14,-0.56,-33.45,1.125,LUBRICATION_ISSUE
3558.72,0.6305,790.18,393.51,171.06,20.25,50.85,12.58,29.96,0.787,-66.08,-0.24,0.06,-0.03,EXHAUST_LEAK
3256.75,0.5125,765.45,344.62,155.78,22.02,50.46,10.73,29.36,0.796,-4.9,2.41,-0.48,0.069,NORMAL
4137.63,0.9142,1056.99,514.55,227.51,27.82,27.41,17.01,30.93,1.787,1.6,1.31,-23.69,0.796,LUBRICATION_ISSUE
2903.18,0.3768,668.99,282.81,133.8,20.4,54.41,8.83,27.34,0.678,-2.27,0.05,3.32,0.057,NORMAL
3192.1,0.4453,724.04,317.27,142.93,21.3,50.98,9.85,27.4,0.689,-2.73,1.21,-0.76,-0.019,NORMAL
3718.95,0.75,936.23,440.76,208.61,25.53,23.2,14.14,30.71,1.822,0.31,-0.79,-26.47,0.957,LUBRICATION_ISSUE
2975.83,0.4638,727.74,315.34,174.36,21.16,27.08,9.96,29.34,1.758,0.67,-0.9,-22.91,1.116,LUBRICATION_ISSUE
3230.52,0.5618,797.55,359.78,187.28,23.0,14.6,11.55,29.96,2.363,-1.06,0.61,-35.29,1.644,LUBRICATION_ISSUE
4392.45,0.9426,1110.97,558.26,198.94,28.21,53.38,17.5,44.73,0.976,25.78,27.15,0.24,-0.092,OVERHEATING
2681.59,0.3232,627.84,257.44,152.78,19.61,19.68,7.85,26.93,1.605,-0.18,0.63,-30.94,1.05,LUBRICATION_ISSUE
3404.01,0.5553,793.7,362.81,160.72,22.44,51.5,11.62,29.91,0.665,-9.66,0.79,0.37,-0.106,NORMAL
3112.05,0.4458,743.12,330.99,142.85,21.4,50.44,9.95,44.93,0.64,20.03,17.14,-0.76,-0.044,OVERHEATING
3285.21,0.5283,781.14,346.92,154.84,22.26,51.2,11.06,27.44,0.651,-0.09,-1.82,0.35,-0.085,NORMAL
3460.41,0.5742,816.99,372.06,165.8,23.22,50.51,11.86,29.1,0.76,-0.54,1.54,-0.65,-0.028,NORMAL
4155.44,0.9403,1143.49,522.51,197.79,28.29,51.2,12.32,32.57,0.952,71.54,-0.66,-0.04,-0.044,FUEL_RESTRICTION
4086.11,0.9161,1099.92,512.07,200.42,28.24,51.34,11.27,32.96,0.971,45.96,-0.3,0.65,-0.004,FUEL_RESTRICTION
3605.01,0.6344,801.55,397.98,173.49,22.3,51.15,13.16,30.76,0.881,-59.34,1.45,0.14,0.05,EXHAUST_LEAK
2833.38,0.3236,636.71,260.49,126.4,19.29,53.73,8.08,27.41,0.563,0.87,-1.01,2.14,-0.037,NORMAL
2941.16,0.4497,713.5,307.87,178.43,21.11,19.03,9.7,28.01,2.183,-3.39,-2.26,-31.0,1.551,LUBRICATION_ISSUE
3098.91,0.5044,759.85,336.57,176.28,21.92,26.39,10.77,29.7,1.984,2.27,2.02,-23.67,1.304,LUBRICATION_ISSUE
2871.33,0.3393,576.11,268.08,129.13,16.24,51.62,8.43,27.14,0.682,-71.01,-0.19,0.06,0.07,EXHAUST_LEAK
3773.86,0.7173,857.45,430.07,183.49,22.76,51.97,13.76,31.78,0.892,-61.65,-1.39,1.35,0.01,EXHAUST_LEAK
4039.17,0.8217,989.26,476.72,196.92,26.68,51.41,15.38,30.96,0.943,-5.7,-0.26,0.94,-0.018,NORMAL
3561.35,0.6267,890.78,411.45,172.6,24.13,49.93,12.53,43.39,0.746,36.68,18.99,-0.94,-0.072,OVERHEATING
3582.01,0.6988,895.39,417.67,211.52,25.07,24.51,13.16,30.43,2.115,-2.98,-1.35,-25.19,1.291,LUBRICATION_ISSUE
2727.41,0.3609,652.55,272.46,156.78,19.95,20.77,8.64,25.86,2.224,-0.34,0.73,-29.47,1.656,LUBRICATION_ISSUE
3705.09,0.7424,933.3,437.14,214.24,25.72,24.81,14.22,31.26,1.958,2.61,-1.28,-24.91,1.097,LUBRICATION_ISSUE
3352.46,0.6552,831.53,395.38,171.11,24.34,48.28,12.96,29.16,4.963,-29.21,-1.07,-0.72,4.207,CYLINDER_MISFIRE
3262.51,0.49,761.25,337.99,148.76,22.19,51.61,10.83,28.6,0.708,4.13,3.71,0.22,-0.021,NORMAL
4315.87,0.9283,1074.04,525.34,200.22,27.93,52.56,17.07,31.11,1.088,1.29,1.69,0.03,0.044,NORMAL
2931.16,0.4765,699.01,319.81,148.5,21.66,48.43,10.41,29.63,4.73,-33.46,0.32,-1.05,4.101,CYLINDER_MISFIRE
3355.85,0.5518,825.24,385.0,159.02,22.49,50.28,11.47,45.36,0.797,26.38,25.69,-0.6,0.04,OVERHEATING
3323.25,0.5987,826.53,377.93,197.06,23.47,28.65,12.16,30.6,2.251,1.15,2.7,-21.17,1.504,LUBRICATION_ISSUE
2800.06,0.3315,667.96,278.95,125.93,19.56,48.74,8.43,36.79,0.653,29.03,15.6,-2.49,0.063,OVERHEATING
2900.77,0.463,675.45,314.09,145.15,21.29,48.63,9.9,28.72,3.648,-47.39,0.39,-0.89,3.028,CYLINDER_MISFIRE
3151.27,0.4629,772.86,342.39,146.26,21.4,50.55,10.27,46.05,0.624,37.59,21.22,-0.6,-0.072,OVERHEATING
3179.54,0.5224,772.92,341.19,184.89,22.38,29.15,10.87,30.07,1.799,0.5,-2.26,-21.11,1.095,LUBRICATION_ISSUE
4110.66,0.9071,1051.75,512.64,223.02,27.88,25.26,16.87,32.81,2.593,1.95,2.76,-25.62,1.609,LUBRICATION_ISSUE
2687.05,0.3005,540.16,247.76,125.08,15.75,51.69,7.79,28.14,0.613,-74.48,-1.02,0.64,0.057,EXHAUST_LEAK
3461.81,0.659,940.96,403.06,173.74,24.24,49.33,9.18,30.29,0.793,72.46,1.96,-0.31,0.005,FUEL_RESTRICTION
3351.14,0.6386,827.9,391.68,169.28,24.11,47.73,12.6,31.43,3.277,-22.82,1.25,-1.56,2.521,CYLINDER_MISFIRE
3603.59,0.7355,973.97,428.82,187.41,25.41,47.37,10.33,30.05,0.787,52.52,-4.05,-1.81,-0.044,FUEL_RESTRICTION
2850.76,0.3773,672.61,282.68,167.86,20.45,20.7,8.59,26.1,1.66,3.69,1.32,-30.04,1.055,LUBRICATION_ISSUE
2836.92,0.4148,764.61,294.29,139.99,20.87,49.95,3.57,28.37,0.564,73.89,-0.14,-0.02,-0.037,FUEL_RESTRICTION
2768.97,0.3027,555.48,255.18,122.38,16.25,52.49,7.76,27.36,0.528,-64.6,3.13,0.94,-0.052,EXHAUST_LEAK
3921.62,0.7786,1003.92,485.89,193.08,26.26,50.36,15.06,48.13,0.956,40.66,27.93,-0.12,0.029,OVERHEATING
3794.49,0.7724,956.64,452.99,208.65,25.59,17.91,14.61,30.92,2.025,3.45,1.07,-31.85,1.137,LUBRICATION_ISSUE
3841.56,0.7339,979.58,465.54,186.3,25.59,49.58,14.1,45.41,0.843,47.17,26.09,-1.18,-0.059,OVERHEATING
2817.59,0.4258,670.9,300.18,140.82,20.95,49.48,9.35,27.87,4.658,-25.48,2.36,-0.17,4.063,CYLINDER_MISFIRE
4179.72,0.9406,1077.76,520.9,219.9,28.27,27.5,17.11,31.62,1.787,4.39,-3.12,-23.94,0.783,LUBRICATION_ISSUE
4006.16,0.8888,1071.34,504.19,200.03,27.64,51.0,11.39,30.2,0.93,37.75,4.04,0.95,-0.022,FUEL_RESTRICTION
3898.12,0.7574,891.65,449.63,190.02,23.78,50.01,14.46,30.14,0.844,-57.67,0.04,-0.69,-0.075,EXHAUST_LEAK
4315.05,0.9371,999.81,523.57,200.61,25.1,52.26,17.15,31.51,1.023,-78.2,-3.24,-0.26,-0.021,EXHAUST_LEAK
4005.36,0.8478,1011.24,487.89,234.94,27.1,30.99,15.7,31.6,2.552,2.3,2.53,-19.05,1.601,LUBRICATION_ISSUE
3312.15,0.5183,811.91,376.28,156.27,22.35,51.32,11.1,42.98,0.748,35.29,30.31,0.12,0.004,OVERHEATING
3592.25,0.7099,953.4,421.24,179.66,24.9,47.77,10.05,31.59,0.87,47.83,-2.1,-1.8,0.042,FUEL_RESTRICTION
2734.79,0.377,716.07,278.67,135.2,20.13,51.55,3.08,27.69,0.541,53.13,0.9,1.56,-0.029,FUEL_RESTRICTION
3004.75,0.5207,733.58,337.3,153.77,22.41,49.48,10.5,30.04,4.948,-29.06,-0.28,0.32,4.297,CYLINDER_MISFIRE
3131.81,0.5025,756.69,337.46,177.12,21.77,27.25,10.8,28.72,1.689,-1.41,2.6,-23.07,1.0,LUBRICATION_ISSUE
3377.4,0.5609,830.55,390.53,159.27,22.68,50.72,11.51,46.44,0.775,25.17,27.3,-0.14,0.011,OVERHEATING
2877.43,0.3547,685.17,294.85,130.24,19.86,49.68,8.39,43.93,0.643,28.49,20.85,-1.64,0.029,OVERHEATING
2698.37,0.3479,717.65,263.62,126.8,19.79,52.54,2.61,27.48,0.571,74.0,-2.56,2.26,0.012,FUEL_RESTRICTION
2978.74,0.486,695.6,326.89,148.05,21.83,50.11,10.46,28.95,3.751,-44.93,2.58,0.49,3.107,CYLINDER_MISFIRE
3388.11,0.6551,820.03,398.36,172.8,24.4,48.59,12.6,29.56,3.886,-42.41,0.9,-0.64,3.119,CYLINDER_MISFIRE
4065.18,0.8411,945.56,484.96,197.58,23.59,47.88,15.75,31.57,0.909,-62.37,0.19,-2.64,-0.06,EXHAUST_LEAK
4078.47,0.8322,1004.58,481.08,199.78,26.68,50.27,15.45,31.47,0.917,1.35,-0.86,-0.36,-0.057,NORMAL
4273.21,0.9329,1107.03,541.38,200.01,28.09,49.67,17.23,41.9,1.109,33.63,17.34,-2.52,0.077,OVERHEATING
3746.88,0.7117,951.84,456.04,182.98,24.86,51.53,13.56,44.89,0.855,37.46,27.41,0.99,-0.019,OVERHEATING
2936.01,0.3646,662.76,279.82,133.5,20.43,50.31,8.6,27.17,0.564,-2.82,0.47,-1.21,-0.067,NORMAL
3658.41,0.7409,971.58,439.02,185.03,25.07,48.67,10.04,32.02,0.877,44.15,2.56,-0.77,0.029,FUEL_RESTRICTION
3609.26,0.642,891.52,423.05,174.26,23.98,50.43,12.86,39.61,0.788,25.85,23.65,-0.47,-0.044,OVERHEATING
4002.27,0.8624,1011.87,490.26,234.45,26.84,31.39,15.73,31.91,2.412,-5.66,-0.26,-18.63,1.462,LUBRICATION_ISSUE
3383.92,0.6336,801.33,388.63,171.98,24.04,52.46,12.52,30.0,4.424,-48.02,-0.98,2.87,3.658,CYLINDER_MISFIRE
3305.72,0.6105,885.45,378.4,168.6,23.43,48.86,7.52,30.41,0.764,53.84,-0.57,-0.64,0.022,FUEL_RESTRICTION
3037.77,0.4373,737.64,338.13,142.78,20.98,52.28,9.71,36.42,0.669,23.4,29.58,1.4,0.008,OVERHEATING
3313.13,0.5087,798.45,369.01,153.18,22.0,50.83,10.98,43.43,0.74,27.6,26.49,-0.55,-0.004,OVERHEATING
2959.26,0.3934,683.31,290.42,138.51,20.27,51.66,9.07,27.88,0.673,-0.7,0.02,0.5,0.035,NORMAL
2774.37,0.3864,666.61,282.48,153.08,20.3,31.06,8.81,29.3,1.807,-3.95,0.15,-19.02,1.225,LUBRICATION_ISSUE
3949.24,0.8054,1012.81,484.37,196.29,25.82,50.38,14.85,43.23,0.956,32.1,15.94,0.2,0.021,OVERHEATING
4001.19,0.7997,937.05,464.66,194.2,23.06,49.94,15.28,31.41,0.942,-42.84,-3.28,-0.67,-0.008,EXHAUST_LEAK
2773.03,0.3105,565.54,256.29,125.33,16.42,51.84,7.81,27.2,0.606,-59.42,1.32,0.41,0.024,EXHAUST_LEAK
3823.66,0.7373,935.85,442.35,189.61,25.34,49.82,14.09,30.02,0.947,2.32,2.22,-0.77,0.05,NORMAL
3783.28,0.7112,917.11,429.16,182.57,24.88,51.0,13.6,31.46,0.866,1.23,-0.37,0.21,-0.019,NORMAL
3566.88,0.7401,896.0,432.33,180.99,25.01,47.51,13.93,30.92,3.981,-26.43,-1.13,-1.35,3.161,CYLINDER_MISFIRE
4069.31,0.8945,1037.33,502.9,218.87,27.52,19.34,16.53,32.01,2.08,-2.86,-1.22,-31.22,1.109,LUBRICATION_ISSUE
3054.29,0.487,746.75,328.7,170.97,21.73,30.27,10.48,28.92,1.719,1.86,1.76,-19.82,1.053,LUBRICATION_ISSUE
2679.71,0.3324,633.29,262.96,140.95,19.9,28.46,7.76,28.4,2.284,-0.15,2.9,-21.97,1.73,LUBRICATION_ISSUE
4196.73,0.942,1073.95,526.85,220.55,28.41,20.65,17.23,32.8,2.299,-1.08,1.83,-30.92,1.29,LUBRICATION_ISSUE
4154.67,0.9457,1046.35,520.24,202.27,28.23,51.23,17.25,32.46,4.631,-28.8,-4.85,-0.01,3.634,CYLINDER_MISFIRE
3113.48,0.4538,672.61,317.01,144.52,18.95,51.3,9.93,27.87,0.736,-55.33,0.25,0.23,0.052,EXHAUST_LEAK
4355.21,0.923,1105.61,548.93,199.31,28.14,51.51,17.14,48.55,1.065,34.03,25.98,-1.33,0.008,OVERHEATING
3310.41,0.5759,809.29,365.97,182.97,22.9,30.16,11.81,28.27,1.567,-1.77,-0.67,-19.99,0.824,LUBRICATION_ISSUE
2593.01,0.3201,581.9,252.3,123.85,19.43,51.02,7.91,28.0,3.822,-39.8,-0.72,0.93,3.294,CYLINDER_MISFIRE
2786.04,0.3034,552.94,252.51,123.84,16.52,53.52,7.72,26.47,0.555,-68.42,-0.31,1.87,-0.031,EXHAUST_LEAK
2907.75,0.4084,686.46,292.18,171.03,21.06,32.49,9.23,28.89,1.704,-3.95,-2.07,-18.06,1.082,LUBRICATION_ISSUE
3197.19,0.485,795.3,348.75,149.34,21.65,52.36,10.39,37.75,0.788,44.41,18.21,1.31,0.079,OVERHEATING
4264.62,0.8977,1049.04,511.26,202.1,27.66,52.15,16.66,32.45,1.059,-2.8,0.16,0.04,0.03,NORMAL
4068.31,0.8376,962.03,487.81,197.65,23.9,51.93,15.89,31.5,0.916,-43.96,4.22,1.38,-0.055,EXHAUST_LEAK
2754.13,0.4048,647.98,289.2,137.83,20.63,49.73,9.02,29.62,3.286,-32.63,0.84,0.12,2.71,CYLINDER_MISFIRE
3823.09,0.8254,1053.09,473.78,196.83,26.86,46.85,9.84,30.07,0.91,66.69,1.94,-2.14,0.013,FUEL_RESTRICTION
3458.14,0.5661,857.49,391.18,165.37,22.7,52.82,11.52,43.53,0.755,44.92,23.64,1.53,-0.032,OVERHEATING
3544.0,0.6648,875.31,408.37,207.06,23.83,32.72,12.86,31.01,2.193,-0.74,2.74,-17.35,1.38,LUBRICATION_ISSUE
4217.9,0.901,1051.44,509.53,200.31,27.77,49.8,16.73,32.95,0.999,-0.07,-1.38,-1.94,-0.017,NORMAL
3849.92,0.75,982.47,460.41,187.46,25.61,51.65,14.61,41.55,0.929,39.99,14.93,1.13,0.024,OVERHEATING
2998.24,0.4058,639.9,295.77,138.49,18.65,51.11,9.18,26.92,0.746,-53.5,-0.27,-0.07,0.097,EXHAUST_LEAK
3485.07,0.7066,867.74,419.99,179.58,24.82,49.8,13.5,29.35,4.212,-30.46,1.08,0.87,3.417,CYLINDER_MISFIRE
3120.9,0.4448,771.51,340.0,145.17,21.27,52.53,10.09,42.48,0.644,48.59,26.25,1.25,-0.042,OVERHEATING
3983.3,0.8417,1009.08,480.25,231.44,26.61,22.41,15.62,31.43,2.727,4.91,-2.25,-27.46,1.782,LUBRICATION_ISSUE
3156.77,0.4682,671.83,321.49,146.2,19.39,50.25,10.19,29.26,0.694,-66.94,-1.77,-0.84,-0.003,EXHAUST_LEAK
2828.55,0.3765,669.57,276.05,158.39,20.45,27.59,8.63,27.68,2.28,2.22,-4.36,-23.02,1.681,LUBRICATION_ISSUE
3610.27,0.6594,910.14,422.88,178.41,24.06,50.28,13.21,39.1,0.82,33.96,17.18,-0.32,-0.013,OVERHEATING
2889.25,0.4562,681.52,313.47,142.46,21.68,50.72,9.71,29.62,3.24,-36.67,2.55,1.16,2.623,CYLINDER_MISFIRE
4071.47,0.9371,1028.26,515.06,199.41,28.49,51.7,16.77,32.06,4.05,-37.58,-4.44,1.12,3.079,CYLINDER_MISFIRE
4005.61,0.9164,1017.59,512.42,198.72,27.73,53.06,17.02,32.5,4.412,-32.55,2.33,3.02,3.461,CYLINDER_MISFIRE
3718.8,0.6889,898.23,421.6,180.95,24.92,49.58,13.48,31.12,0.884,-1.02,2.04,-1.19,0.018,NORMAL
3941.47,0.8709,990.82,490.71,200.78,27.32,46.38,15.92,30.69,3.975,-28.81,-1.07,-3.15,3.043,CYLINDER_MISFIRE
3649.37,0.6721,842.36,410.09,175.46,21.41,51.64,13.55,30.99,0.834,-43.36,-1.35,1.02,-0.011,EXHAUST_LEAK
3058.31,0.4278,707.97,303.58,145.36,21.36,49.78,9.84,28.1,0.673,-1.66,-2.19,-1.39,0.005,NORMAL
2981.25,0.4071,730.54,316.18,137.74,20.32,51.77,9.46,42.72,0.583,37.21,20.19,0.72,-0.062,OVERHEATING
2956.56,0.3756,675.04,282.43,134.02,20.35,50.5,9.03,28.49,0.644,1.84,-1.49,-0.96,0.007,NORMAL
3158.45,0.463,736.65,322.57,149.24,21.72,50.55,10.13,29.24,0.74,0.94,1.15,-0.65,0.043,NORMAL
3504.03,0.6046,836.77,382.15,168.54,23.32,52.91,11.97,30.89,0.792,-1.17,-0.61,2.01,-0.009,NORMAL
2688.34,0.3422,642.29,263.86,155.45,19.5,25.62,8.21,28.8,2.192,2.55,0.02,-24.69,1.635,LUBRICATION_ISSUE
3714.18,0.7124,858.72,426.14,180.11,21.09,48.84,13.91,30.1,0.875,-54.42,-1.74,-1.48,0.011,EXHAUST_LEAK
3946.46,0.772,921.67,456.65,191.79,23.9,51.52,14.83,29.6,0.969,-38.85,0.34,0.76,0.035,EXHAUST_LEAK
3324.6,0.6107,884.81,380.09,165.54,23.18,52.4,7.17,30.61,0.726,52.18,0.51,2.78,-0.021,FUEL_RESTRICTION
3198.5,0.5593,876.96,355.57,159.38,22.92,49.08,7.76,29.5,0.678,81.44,-1.74,-0.64,-0.031,FUEL_RESTRICTION
3544.45,0.6284,858.4,392.83,171.42,24.07,49.97,12.69,29.94,0.806,4.17,0.28,-0.76,-0.007,NORMAL
3542.44,0.6045,869.21,410.88,169.75,23.5,51.96,12.27,37.75,0.865,29.4,27.0,0.81,0.052,OVERHEATING
3357.51,0.5382,816.43,385.1,157.61,22.46,53.5,11.43,36.87,0.78,25.64,30.63,2.36,0.023,OVERHEATING
2807.01,0.3142,577.24,260.35,125.1,15.98,51.48,8.07,27.51,0.559,-51.6,3.05,-0.11,-0.033,EXHAUST_LEAK
3472.89,0.6438,937.15,395.91,173.57,24.34,48.55,8.2,31.27,0.784,77.22,-0.05,-1.43,-0.008,FUEL_RESTRICTION
3493.87,0.6806,946.59,408.94,176.56,24.69,49.25,8.21,29.18,0.82,63.51,-0.9,-0.21,0.022,FUEL_RESTRICTION
3065.23,0.4656,726.55,318.85,175.87,21.65,21.29,10.18,31.09,1.96,-6.04,-0.71,-29.25,1.29,LUBRICATION_ISSUE
3847.61,0.7468,939.64,448.01,186.68,25.1,50.92,14.43,31.51,0.931,-0.84,3.72,0.35,0.027,NORMAL
4137.46,0.9286,1109.64,518.65,200.73,27.77,49.09,12.56,33.13,1.006,45.62,0.24,-2.01,0.015,FUEL_RESTRICTION
4144.4,0.9265,1063.22,518.77,226.83,27.67,19.31,17.04,30.81,2.346,0.08,0.89,-31.84,1.353,LUBRICATION_ISSUE
3046.78,0.4197,752.66,319.99,141.58,20.98,52.31,9.54,38.79,0.712,48.52,17.5,1.06,0.048,OVERHEATING
2771.29,0.3923,675.58,282.99,162.78,20.62,30.63,8.83,28.49,1.642,1.66,-1.36,-19.33,1.06,LUBRICATION_ISSUE
3408.28,0.5614,743.3,361.15,162.83,20.67,48.75,11.69,29.78,0.801,-63.94,-3.19,-2.3,0.028,EXHAUST_LEAK
3763.35,0.8168,952.15,466.89,194.2,26.22,49.74,15.35,30.7,5.094,-26.1,-0.06,0.99,4.215,CYLINDER_MISFIRE
4088.71,0.8527,950.68,489.42,201.54,24.59,51.92,15.79,31.08,1.067,-65.35,-0.2,1.21,0.09,EXHAUST_LEAK
3532.77,0.6248,856.67,392.84,168.91,23.61,50.09,12.27,30.21,0.775,5.18,1.95,-0.63,-0.035,NORMAL
2759.23,0.3644,730.26,274.15,129.32,20.01,51.88,4.91,27.56,0.546,73.67,0.19,1.51,-0.032,FUEL_RESTRICTION
3509.26,0.709,870.22,420.78,182.05,25.16,51.85,13.62,32.31,5.212,-30.63,0.27,2.8,4.41,CYLINDER_MISFIRE
3939.88,0.8808,980.36,496.1,198.3,27.6,50.03,15.94,32.31,4.939,-45.11,0.82,0.51,4.007,CYLINDER_MISFIRE
3573.36,0.6902,889.65,420.38,207.83,24.68,23.48,13.5,30.18,2.541,-3.16,4.69,-26.33,1.719,LUBRICATION_ISSUE
2864.28,0.4238,767.45,294.78,138.9,20.58,49.91,6.04,27.49,0.668,69.95,-3.72,-0.08,0.059,FUEL_RESTRICTION
4037.58,0.9451,1032.03,518.46,199.35,28.05,50.92,16.99,32.16,3.75,-36.93,-2.92,0.62,2.788,CYLINDER_MISFIRE
2834.58,0.3832,670.69,283.05,151.45,20.32,22.68,8.66,27.0,1.437,-0.98,0.05,-27.84,0.837,LUBRICATION_ISSUE
2809.95,0.3899,740.21,287.46,134.16,20.6,50.26,3.43,28.71,0.518,65.79,2.81,0.02,-0.074,FUEL_RESTRICTION
2755.23,0.3305,637.63,260.2,127.5,19.48,50.23,7.88,26.91,0.523,1.55,-1.45,-0.73,-0.054,NORMAL
2825.8,0.3131,560.69,260.81,124.45,17.74,50.85,7.92,26.44,0.653,-68.45,3.33,-0.89,0.055,EXHAUST_LEAK
2715.06,0.3674,626.44,273.36,133.91,20.07,51.08,8.7,26.06,4.39,-29.77,-0.37,1.05,3.826,CYLINDER_MISFIRE
3750.32,0.7527,943.83,443.23,223.57,25.55,26.41,14.32,31.58,1.705,4.67,-0.26,-23.42,0.83,LUBRICATION_ISSUE
3233.68,0.5856,770.39,366.11,165.1,22.76,49.45,11.59,29.81,4.862,-42.66,-1.72,-0.02,4.141,CYLINDER_MISFIRE
3269.45,0.6152,800.49,382.48,167.28,23.89,48.96,12.16,28.83,5.012,-32.1,2.93,-0.22,4.281,CYLINDER_MISFIRE
3312.99,0.5163,730.3,345.94,154.77,17.89,49.05,10.93,29.81,0.708,-45.11,0.69,-2.19,-0.036,EXHAUST_LEAK
3580.59,0.7241,869.76,426.13,184.51,25.16,49.65,13.82,30.86,3.597,-43.73,-1.96,0.41,2.773,CYLINDER_MISFIRE
3773.02,0.8092,934.49,462.25,193.97,26.07,49.28,15.2,31.59,3.435,-39.7,-2.26,0.32,2.554,CYLINDER_MISFIRE
3637.03,0.706,906.1,421.8,211.93,25.02,16.96,13.71,31.32,2.107,0.64,-1.48,-32.97,1.266,LUBRICATION_ISSUE
3419.39,0.643,931.61,394.89,168.6,23.95,51.71,7.76,31.96,0.798,74.82,0.82,2.06,0.022,FUEL_RESTRICTION
2981.93,0.3971,726.23,317.08,136.31,20.47,50.91,9.39,44.15,0.682,38.86,24.65,-0.32,0.037,OVERHEATING
2750.29,0.3016,647.45,272.54,123.95,18.99,51.84,7.57,44.34,0.564,28.95,21.44,0.39,-0.011,OVERHEATING
3127.39,0.5099,761.9,332.29,172.66,21.56,17.48,10.86,27.57,1.922,-0.39,-5.09,-32.67,1.234,LUBRICATION_ISSUE
3203.21,0.4734,743.73,326.57,148.57,21.84,51.31,10.36,28.33,0.757,-0.44,0.06,0.0,0.046,NORMAL
3389.77,0.6195,845.27,385.13,193.05,23.86,23.45,12.26,30.27,1.925,4.07,0.41,-26.43,1.158,LUBRICATION_ISSUE
3903.9,0.753,969.94,470.6,187.97,25.94,50.43,14.42,44.31,0.908,22.93,22.4,-0.39,-0.013,OVERHEATING
4331.4,0.9293,1073.48,525.91,201.08,28.1,53.38,17.01,32.69,1.099,-0.69,1.42,0.73,0.05,NORMAL
3025.27,0.4196,652.52,300.38,136.97,17.83,48.81,9.33,29.85,0.783,-50.53,-1.45,-2.3,0.125,EXHAUST_LEAK
3700.88,0.7555,999.0,441.03,184.64,25.69,48.55,8.66,31.6,0.823,60.63,-1.99,-0.91,-0.037,FUEL_RESTRICTION
2981.57,0.444,792.87,312.98,141.63,21.23,50.61,6.47,30.27,0.712,77.4,3.7,0.22,0.068,FUEL_RESTRICTION
3215.59,0.564,867.71,356.91,160.8,22.91,50.35,5.83,29.71,0.656,68.56,-2.58,0.6,-0.058,FUEL_RESTRICTION
3461.96,0.5848,858.85,397.66,162.7,23.29,53.28,12.03,39.72,0.731,34.88,23.28,2.31,-0.057,OVERHEATING
3239.62,0.4802,746.1,332.74,152.35,21.79,52.88,10.46,28.77,0.709,-4.01,2.67,1.47,-0.013,NORMAL
3450.07,0.6954,838.68,412.98,183.06,24.82,50.73,13.58,29.67,3.727,-51.09,-0.88,1.82,2.942,CYLINDER_MISFIRE
3733.5,0.7017,936.31,437.0,180.81,25.18,51.16,13.73,41.29,0.777,28.59,12.38,0.53,-0.093,OVERHEATING
4323.18,0.9237,1074.3,521.08,199.99,27.93,52.73,17.14,31.65,1.073,3.9,-1.16,0.14,0.026,NORMAL
2850.33,0.3491,651.15,273.65,129.19,19.92,50.46,8.37,26.58,0.596,-0.82,2.47,-0.79,-0.009,NORMAL
3576.67,0.6116,897.04,409.99,169.25,23.62,50.92,12.38,39.8,0.826,51.23,22.5,-0.32,0.003,OVERHEATING
3380.27,0.618,878.0,383.72,169.79,23.76,49.96,6.56,29.74,0.816,38.17,-0.18,0.11,0.052,FUEL_RESTRICTION
3638.23,0.671,880.32,411.83,175.93,24.3,49.86,13.1,30.41,0.808,-4.2,1.13,-0.71,-0.033,NORMAL
3042.98,0.5071,722.3,329.89,149.27,22.34,48.63,10.51,28.51,4.171,-34.08,-3.94,-1.02,3.508,CYLINDER_MISFIRE
3569.5,0.6861,894.16,416.42,209.84,24.73,20.87,13.25,28.98,2.276,4.03,2.34,-28.98,1.455,LUBRICATION_ISSUE
3797.19,0.7344,857.67,442.04,185.45,23.12,51.02,14.14,31.01,0.903,-72.84,3.73,0.56,0.013,EXHAUST_LEAK
4294.58,0.9286,1109.88,539.93,198.68,28.08,51.73,17.13,50.55,1.035,37.97,16.79,-0.63,-0.004,OVERHEATING
3973.39,0.7789,962.86,459.48,193.08,26.06,49.88,15.12,32.8,0.94,-3.16,-0.13,-0.93,-0.002,NORMAL
2794.61,0.3891,727.42,286.16,135.1,20.33,50.67,4.07,27.57,0.621,54.24,2.25,0.5,0.033,FUEL_RESTRICTION
3092.08,0.5195,832.7,338.28,153.59,22.26,50.69,7.13,29.87,0.667,66.41,-1.5,0.94,-0.01,FUEL_RESTRICTION
2859.91,0.3538,694.58,297.77,130.07,20.07,50.3,8.5,44.65,0.581,39.31,24.61,-0.92,-0.027,OVERHEATING
3912.08,0.8353,1069.9,480.54,197.62,26.72,48.39,9.59,32.62,0.898,73.11,2.47,-1.0,-0.026,FUEL_RESTRICTION
4294.48,0.9282,1065.69,524.47,198.39,28.04,54.84,16.96,30.4,1.027,-5.94,1.5,2.49,-0.011,NORMAL
3839.94,0.7242,883.11,437.39,183.73,23.64,50.73,14.02,30.28,0.914,-43.38,1.49,-0.2,0.012,EXHAUST_LEAK
3304.82,0.6012,880.08,375.09,166.7,23.41,50.64,5.76,29.39,0.709,54.1,-0.49,0.98,-0.033,FUEL_RESTRICTION
3221.74,0.4864,696.34,329.02,147.17,17.93,53.63,10.2,28.74,0.708,-56.57,-2.72,2.45,-0.009,EXHAUST_LEAK
2747.58,0.3192,627.4,257.9,127.26,19.6,53.89,7.92,26.86,0.565,-1.5,0.56,2.77,-0.009,NORMAL
3224.12,0.5079,798.63,358.61,155.87,22.17,51.01,10.72,46.3,0.732,32.68,19.04,0.19,0.014,OVERHEATING
3807.54,0.8428,946.84,477.71,198.45,26.75,47.31,15.31,31.82,3.98,-49.24,0.06,-1.27,3.088,CYLINDER_MISFIRE
2604.24,0.3046,677.49,243.39,123.99,19.05,51.06,3.61,27.76,0.498,64.5,-4.41,0.61,-0.033,FUEL_RESTRICTION
3930.48,0.7857,964.66,460.08,194.39,26.13,50.58,14.83,32.68,0.886,-3.28,-0.68,0.17,-0.043,NORMAL
2822.17,0.4254,664.99,294.29,137.91,21.28,48.38,9.25,28.41,3.373,-31.33,-3.51,-1.31,2.776,CYLINDER_MISFIRE
2769.87,0.3839,728.27,279.38,133.19,20.35,49.29,4.27,29.34,0.579,59.41,-1.94,-0.8,-0.002,FUEL_RESTRICTION
4288.86,0.9264,1031.81,522.49,198.43,23.97,50.79,16.93,33.19,1.059,-38.49,0.31,-1.52,0.022,EXHAUST_LEAK
3082.98,0.4905,806.13,334.51,149.77,21.93,49.4,6.12,28.9,0.702,57.68,5.45,-0.82,0.027,FUEL_RESTRICTION
3567.95,0.6181,780.03,392.0,170.2,20.68,51.87,12.26,29.7,0.746,-69.24,2.44,0.8,-0.075,EXHAUST_LEAK
3207.74,0.4792,672.27,331.27,147.15,19.17,50.35,10.24,28.85,0.724,-75.63,2.53,-0.88,0.012,EXHAUST_LEAK
3939.17,0.7508,945.07,449.84,187.85,25.48,52.95,14.4,32.77,0.932,-2.36,1.38,1.85,-0.0,NORMAL
2808.37,0.3938,675.43,287.87,162.28,20.24,29.62,8.73,27.67,1.621,-1.3,1.83,-20.54,1.029,LUBRICATION_ISSUE
2866.91,0.4433,686.9,307.93,141.95,21.19,50.92,9.58,29.46,3.545,-22.45,2.32,1.26,2.935,CYLINDER_MISFIRE
3519.83,0.6173,875.17,412.33,169.48,23.71,52.15,12.42,49.15,0.788,28.8,24.51,1.39,-0.018,OVERHEATING
3669.19,0.6517,921.47,429.89,175.63,23.9,49.97,13.02,43.26,0.794,47.01,25.21,-1.15,-0.056,OVERHEATING
3332.82,0.6145,881.37,382.81,165.86,23.66,48.27,8.8,29.67,0.768,46.01,1.59,-1.33,0.019,FUEL_RESTRICTION
2713.32,0.3678,727.89,274.55,130.75,20.29,49.49,3.22,28.05,0.571,71.57,0.76,-0.53,0.007,FUEL_RESTRICTION
3100.24,0.4179,706.44,303.78,139.75,21.13,51.54,9.44,28.39,0.699,0.67,0.32,-0.09,0.019,NORMAL
3556.94,0.6921,890.52,416.15,206.86,24.66,30.29,13.6,30.46,2.465,-2.61,0.27,-19.37,1.648,LUBRICATION_ISSUE
2917.67,0.3551,620.84,274.17,135.29,17.54,52.98,8.6,28.21,0.612,-38.11,-1.2,1.41,-0.014,EXHAUST_LEAK
2911.7,0.4351,764.47,306.01,142.99,21.05,52.45,6.24,28.09,0.637,57.81,2.01,2.35,0.013,FUEL_RESTRICTION
3829.08,0.7972,1045.93,463.54,194.62,26.24,50.97,11.57,31.67,0.877,76.18,1.69,1.43,-0.022,FUEL_RESTRICTION
4008.77,0.8019,905.22,467.98,196.67,24.36,50.35,15.19,31.92,0.937,-76.35,-0.97,-0.27,-0.015,EXHAUST_LEAK
3048.69,0.4273,734.8,333.84,142.01,20.92,52.52,9.67,36.59,0.686,25.99,28.55,1.39,0.021,OVERHEATING
3497.29,0.6586,869.8,404.81,198.98,24.46,18.33,13.1,30.79,2.349,-0.25,2.78,-31.55,1.55,LUBRICATION_ISSUE
2622.9,0.3456,591.4,262.17,129.83,20.0,47.07,8.18,28.62,4.228,-47.09,-0.93,-2.76,3.691,CYLINDER_MISFIRE
2789.98,0.4235,663.83,297.66,137.6,21.11,50.45,9.37,27.16,3.194,-29.8,1.48,0.94,2.607,CYLINDER_MISFIRE
3719.06,0.7995,926.95,460.73,194.08,26.24,49.03,15.1,31.1,4.107,-38.72,1.32,0.25,3.241,CYLINDER_MISFIRE
3053.72,0.4272,650.32,305.42,140.85,18.94,51.1,9.49,29.14,0.636,-58.66,0.03,-0.06,-0.03,EXHAUST_LEAK
4265.39,0.9278,1068.0,516.19,200.44,28.05,51.17,17.14,31.4,0.991,-1.94,-5.78,-0.95,-0.039,NORMAL
3447.3,0.5778,766.05,369.95,163.52,21.27,50.96,11.64,29.88,0.782,-53.0,-1.48,-0.05,-0.002,EXHAUST_LEAK
3071.61,0.5071,760.13,332.7,178.52,22.39,23.54,10.38,29.29,1.46,2.3,-2.0,-26.3,0.789,LUBRICATION_ISSUE
3567.24,0.6864,886.63,411.89,198.96,24.48,23.44,13.32,31.07,1.666,-3.57,-2.23,-26.39,0.846,LUBRICATION_ISSUE
4040.94,0.8144,917.96,475.31,200.07,23.95,49.33,15.38,32.58,0.968,-72.7,0.92,-1.28,0.005,EXHAUST_LEAK
2617.4,0.3455,611.67,261.76,128.29,19.94,48.4,8.01,26.39,4.275,-26.51,-1.14,-1.4,3.74,CYLINDER_MISFIRE
3140.73,0.502,763.02,334.73,183.4,22.13,23.72,10.69,28.95,1.807,4.77,-0.21,-26.66,1.115,LUBRICATION_ISSUE
3057.44,0.4257,707.93,306.1,140.67,20.95,52.06,10.05,29.05,0.633,-0.34,1.13,0.85,-0.034,NORMAL
2837.62,0.4247,666.28,296.34,138.31,20.95,50.34,9.33,28.21,3.589,-30.45,-1.7,0.54,2.988,CYLINDER_MISFIRE
3004.61,0.3997,697.97,293.62,138.08,20.95,52.04,9.23,28.55,0.661,7.93,-0.41,0.71,0.01,NORMAL
4048.88,0.8292,1026.81,498.82,202.67,26.69,51.14,15.79,43.9,0.958,26.84,18.84,0.75,-0.007,OVERHEATING
3005.04,0.3971,639.8,295.69,138.72,18.72,52.22,9.04,27.76,0.653,-48.71,2.58,0.84,0.002,EXHAUST_LEAK
2526.84,0.3094,576.22,249.36,120.77,19.77,50.73,7.4,27.65,4.213,-35.75,2.17,0.88,3.705,CYLINDER_MISFIRE
3052.22,0.5201,718.35,339.19,151.15,21.88,48.72,11.06,28.9,3.828,-46.32,0.39,-0.76,3.162,CYLINDER_MISFIRE
4334.89,0.9311,1124.38,549.8,200.74,27.94,53.23,17.04,49.86,1.087,48.99,24.57,0.55,0.037,OVERHEATING
3233.34,0.5651,801.43,361.27,191.83,23.1,20.55,11.06,29.75,2.015,0.72,0.84,-29.3,1.295,LUBRICATION_ISSUE
3922.41,0.8473,1086.45,480.45,200.6,27.15,47.34,11.48,33.13,0.908,81.95,-2.25,-2.04,-0.019,FUEL_RESTRICTION
2771.96,0.3818,669.34,280.45,159.9,20.32,21.41,8.57,27.72,2.04,1.64,-0.16,-28.73,1.459,LUBRICATION_ISSUE
3860.06,0.7479,945.07,445.45,188.74,25.4,49.73,14.46,30.55,0.981,3.32,0.4,-0.9,0.073,NORMAL
3525.79,0.5994,787.24,379.72,165.23,20.67,52.24,12.39,29.25,0.812,-48.68,-1.83,1.11,0.004,EXHAUST_LEAK
3660.35,0.6551,922.15,435.16,176.15,24.34,48.62,12.99,43.35,0.859,46.07,29.51,-2.38,0.011,OVERHEATING
4042.44,0.8073,984.85,475.56,196.06,26.35,49.81,15.67,30.47,0.984,-1.68,3.64,-0.94,0.021,NORMAL
2636.95,0.3151,623.36,250.8,148.28,19.48,17.42,7.48,27.21,1.839,2.44,-1.76,-33.04,1.298,LUBRICATION_ISSUE
3103.11,0.4573,677.87,317.2,144.3,18.89,51.18,9.8,29.4,0.664,-51.65,-0.51,0.24,-0.017,EXHAUST_LEAK
3396.83,0.6185,909.55,382.22,169.51,23.88,46.75,8.68,29.77,0.772,68.64,-2.33,-3.2,0.003,FUEL_RESTRICTION
3905.99,0.8432,1060.35,480.19,201.82,26.92,50.7,11.33,31.42,0.985,59.11,-0.56,1.45,0.063,FUEL_RESTRICTION
4039.5,0.8436,958.0,484.9,202.48,23.28,49.16,15.53,31.6,0.967,-50.14,0.02,-1.16,0.006,EXHAUST_LEAK
3735.97,0.6862,946.67,439.18,182.55,24.93,51.46,13.39,39.54,0.855,48.15,20.07,0.53,-0.015,OVERHEATING
3654.66,0.6814,895.24,414.55,177.77,24.21,52.93,13.44,30.06,0.9,3.67,-0.4,2.44,0.053,NORMAL
4315.52,0.9143,1016.32,516.74,196.73,25.52,53.41,17.17,32.47,1.1,-48.06,-1.88,0.88,0.055,EXHAUST_LEAK
4067.2,0.8368,1000.64,482.58,197.06,26.59,50.19,15.62,31.73,0.961,-4.81,-0.7,-0.35,-0.009,NORMAL
4375.62,0.9291,1075.73,523.46,199.3,27.76,52.75,17.45,33.43,1.144,-0.51,-2.29,-0.25,0.082,NORMAL
3573.37,0.706,978.95,422.95,180.31,25.13,50.63,10.59,30.03,0.839,76.66,1.58,1.11,0.017,FUEL_RESTRICTION
3307.8,0.5171,822.09,370.73,156.91,22.48,52.8,10.98,44.68,0.796,46.46,25.35,1.6,0.054,OVERHEATING
3078.62,0.5218,742.38,339.79,152.58,22.51,49.31,11.09,29.21,3.28,-24.62,-0.41,-0.31,2.606,CYLINDER_MISFIRE
3417.15,0.6434,854.0,395.6,193.56,24.15,31.12,12.83,29.96,1.552,-2.89,1.47,-18.51,0.777,LUBRICATION_ISSUE
2991.14,0.414,626.05,298.69,138.84,18.6,52.53,9.28,27.16,0.644,-71.89,-0.07,1.54,-0.004,EXHAUST_LEAK
3590.46,0.6927,895.47,416.89,203.41,24.98,22.52,13.5,30.22,1.776,0.3,-0.21,-27.35,0.949,LUBRICATION_ISSUE
2863.96,0.4086,765.48,290.08,135.34,20.88,51.84,4.24,28.91,0.604,77.1,-2.94,1.57,-0.005,FUEL_RESTRICTION
3719.43,0.6961,904.38,421.71,182.03,24.67,48.33,13.77,30.33,0.858,0.73,-0.49,-2.31,-0.008,NORMAL
3834.91,0.741,871.27,441.69,187.76,22.35,49.44,14.43,31.44,0.959,-65.07,-0.11,-1.15,0.059,EXHAUST_LEAK
3960.72,0.8508,1009.29,486.37,222.21,27.46,30.53,15.76,31.25,2.145,0.77,1.26,-19.15,1.207,LUBRICATION_ISSUE
3235.95,0.4865,752.41,332.61,149.99,21.71,50.05,10.5,28.75,0.737,-1.27,0.41,-1.23,0.017,NORMAL
4193.23,0.894,1041.71,509.83,199.43,27.75,53.43,16.72,31.73,0.908,-4.34,2.2,1.89,-0.1,NORMAL
3762.11,0.7644,947.15,445.84,216.35,25.57,30.16,14.56,29.56,2.19,0.43,-2.2,-19.54,1.311,LUBRICATION_ISSUE
3863.51,0.8089,1048.19,467.82,192.61,26.35,48.69,9.95,31.66,0.899,69.67,0.71,-0.86,-0.01,FUEL_RESTRICTION
2919.99,0.4786,682.21,320.99,148.53,21.57,47.6,10.06,28.52,3.35,-50.93,1.11,-1.76,2.724,CYLINDER_MISFIRE
4011.03,0.923,1014.51,512.67,201.6,27.71,50.17,16.82,32.14,4.4,-39.83,0.06,0.08,3.447,CYLINDER_MISFIRE
3935.8,0.8783,995.59,493.09,200.53,27.19,48.28,16.14,31.06,3.998,-28.17,-1.17,-1.21,3.068,CYLINDER_MISFIRE
3926.36,0.7813,966.88,461.9,193.69,25.84,49.92,14.93,30.22,0.922,1.76,2.83,-0.54,-0.006,NORMAL
4178.99,0.9385,1128.57,526.46,200.62,28.39,50.22,11.34,31.74,0.984,56.53,3.24,-1.21,-0.02,FUEL_RESTRICTION
3166.68,0.4789,748.48,326.92,150.31,21.58,51.05,10.53,28.62,0.676,2.8,-0.48,0.08,-0.024,NORMAL
2731.4,0.3968,635.47,285.51,134.87,20.62,47.9,8.83,28.82,4.286,-39.17,0.73,-1.72,3.717,CYLINDER_MISFIRE
2813.78,0.4291,663.6,300.97,138.74,21.02,50.47,9.51,29.53,5.066,-34.55,2.07,0.9,4.471,CYLINDER_MISFIRE
4032.75,0.7919,975.29,463.35,194.52,26.23,51.15,15.1,31.78,0.901,-1.48,-2.71,0.19,-0.059,NORMAL
3442.03,0.661,830.47,403.96,173.52,24.18,50.87,12.82,30.9,3.777,-38.26,2.73,1.4,2.994,CYLINDER_MISFIRE
3881.39,0.7641,908.5,450.69,190.92,23.32,49.22,14.42,30.19,0.889,-44.06,-0.84,-1.26,-0.025,EXHAUST_LEAK
2894.51,0.3682,711.98,301.0,134.27,20.15,49.6,8.41,38.89,0.714,46.35,21.62,-1.58,0.096,OVERHEATING
3019.91,0.472,795.6,320.98,147.12,21.24,50.17,4.29,30.51,0.605,61.39,0.46,0.03,-0.051,FUEL_RESTRICTION
3360.57,0.5509,834.12,383.0,159.26,22.49,50.86,11.31,38.47,0.812,35.52,23.84,-0.06,0.054,OVERHEATING
2753.65,0.357,653.17,271.69,161.76,20.19,26.5,8.3,28.28,1.67,1.28,0.55,-23.97,1.094,LUBRICATION_ISSUE
3351.38,0.5622,735.72,359.94,162.36,20.62,50.18,11.41,30.95,0.717,-69.15,-2.99,-0.48,-0.039,EXHAUST_LEAK
3145.15,0.5176,831.52,339.93,152.4,21.87,49.75,5.41,29.43,0.662,63.68,-0.77,-0.37,-0.031,FUEL_RESTRICTION
2941.98,0.4336,711.72,305.73,162.37,21.49,17.75,9.42,28.67,1.662,4.46,1.37,-32.57,1.029,LUBRICATION_ISSUE
3849.89,0.7357,877.75,437.48,185.74,22.69,51.9,14.15,32.15,0.843,-56.18,-2.88,1.12,-0.062,EXHAUST_LEAK
3741.68,0.6884,825.6,418.09,182.85,21.76,51.04,13.73,31.04,0.821,-74.51,-1.97,0.11,-0.052,EXHAUST_LEAK
4282.43,0.9031,1004.53,511.92,201.76,25.68,51.63,16.79,32.32,1.016,-51.46,-1.67,-0.63,-0.019,EXHAUST_LEAK
3256.67,0.6093,795.02,376.74,166.79,23.47,49.01,12.28,30.75,4.26,-33.37,-0.3,-0.19,3.533,CYLINDER_MISFIRE
3120.8,0.4539,723.09,317.07,145.6,21.49,51.2,9.97,29.57,0.634,-5.3,0.04,0.08,-0.052,NORMAL
3688.45,0.7806,1024.44,449.78,190.88,26.03,49.01,10.22,30.73,0.836,71.63,-1.9,0.08,-0.021,FUEL_RESTRICTION
2716.78,0.4,637.17,286.89,135.2,20.3,48.27,8.91,29.29,3.229,-38.65,1.4,-1.19,2.664,CYLINDER_MISFIRE
3121.63,0.454,730.54,320.79,145.43,21.49,51.24,10.19,28.06,0.716,2.06,3.7,0.12,0.03,NORMAL
3885.04,0.7542,882.83,450.87,186.57,21.8,49.89,14.4,31.25,0.917,-63.96,2.79,-0.79,0.001,EXHAUST_LEAK
3881.09,0.7946,971.34,463.65,225.64,26.25,27.12,15.01,31.98,1.804,0.54,1.18,-22.8,0.89,LUBRICATION_ISSUE
4256.11,0.9081,1054.18,512.4,200.45,27.7,52.63,16.56,32.27,1.11,-3.46,-2.19,0.58,0.083,NORMAL
3539.78,0.6409,857.78,394.55,172.61,24.03,50.17,12.73,30.55,0.845,-3.72,-2.36,-0.31,0.033,NORMAL
2620.95,0.3061,682.92,243.74,123.96,19.36,49.63,3.16,28.2,0.506,68.22,-5.08,-0.9,-0.03,FUEL_RESTRICTION
3792.19,0.6918,903.43,422.35,182.24,24.67,51.79,13.88,31.14,0.893,-1.28,-0.47,0.59,0.006,NORMAL
3069.49,0.4249,633.31,304.69,141.29,19.32,50.79,9.78,28.54,0.656,-75.09,-0.35,-0.52,-0.015,EXHAUST_LEAK
2887.94,0.4056,767.33,290.31,138.12,20.53,50.22,4.43,28.9,0.497,79.56,-2.36,-0.25,-0.119,FUEL_RESTRICTION
3295.37,0.5838,816.37,371.31,183.87,23.12,32.23,11.62,29.09,1.917,1.34,2.28,-17.68,1.178,LUBRICATION_ISSUE
2819.75,0.3106,579.33,256.5,127.78,17.59,52.43,7.83,27.51,0.55,-48.04,0.07,0.69,-0.046,EXHAUST_LEAK
3332.48,0.5151,812.88,361.77,155.24,22.32,49.93,11.03,40.34,0.758,37.17,16.35,-1.46,0.008,OVERHEATING
3219.7,0.5586,792.67,360.71,183.83,22.94,19.53,11.45,30.22,1.562,-3.48,3.02,-30.35,0.846,LUBRICATION_ISSUE
3335.84,0.531,789.76,348.34,155.42,22.34,50.14,11.05,27.57,0.774,4.36,-2.9,-0.98,0.024,NORMAL
2893.09,0.3509,656.54,273.53,130.73,19.95,53.85,8.43,28.77,0.593,1.37,0.43,2.36,-0.025,NORMAL
3394.6,0.6456,823.17,393.73,173.4,24.07,47.83,12.58,30.48,4.93,-33.95,-0.54,-1.62,4.161,CYLINDER_MISFIRE
3926.12,0.7637,897.22,454.02,193.47,22.42,51.46,14.71,30.8,0.923,-57.33,1.28,0.68,-0.005,EXHAUST_LEAK
3940.08,0.772,1009.55,474.25,191.38,25.68,48.64,14.91,46.33,0.932,49.34,18.12,-2.07,-0.0,OVERHEATING
3458.95,0.6748,840.18,408.99,175.09,24.17,49.6,13.17,31.8,4.826,-37.67,2.28,0.26,4.038,CYLINDER_MISFIRE
3591.96,0.6905,890.19,417.62,207.97,24.92,27.59,13.51,29.18,2.381,-3.73,1.27,-22.33,1.553,LUBRICATION_ISSUE
4203.39,0.8787,1037.95,501.72,200.51,27.24,51.83,16.58,31.22,1.057,0.58,-0.71,0.2,0.046,NORMAL
3984.97,0.8593,1016.17,488.57,232.44,26.99,28.37,15.93,32.53,2.022,1.35,-0.33,-21.51,1.077,LUBRICATION_ISSUE
3979.52,0.8041,980.51,468.9,195.89,26.24,50.66,15.03,30.43,0.835,-0.91,0.05,0.27,-0.109,NORMAL
4096.92,0.895,1040.37,501.37,229.48,27.34,14.92,16.48,32.4,2.721,-1.45,-3.72,-35.86,1.742,LUBRICATION_ISSUE
4267.95,0.9236,1072.3,519.86,198.74,28.11,53.25,17.04,32.93,1.029,4.72,-0.69,1.11,-0.002,NORMAL
4059.26,0.9037,1044.65,504.5,223.5,27.61,29.13,16.47,31.71,1.932,-0.53,-2.6,-21.34,0.964,LUBRICATION_ISSUE
3984.58,0.8877,986.91,498.19,199.65,27.63,49.42,16.23,31.87,3.727,-44.96,-0.93,-0.46,2.781,CYLINDER_MISFIRE
2931.7,0.474,691.99,317.07,145.25,21.77,50.65,9.98,27.58,3.655,-39.0,-1.53,1.12,3.025,CYLINDER_MISFIRE
4041.04,0.8103,986.77,470.95,200.39,26.01,50.34,15.38,32.8,0.998,-1.45,-1.99,-0.34,0.036,NORMAL
3026.88,0.4888,813.55,323.66,148.69,21.89,51.03,6.57,28.09,0.636,68.95,-3.1,1.15,-0.022,FUEL_RESTRICTION
3458.33,0.7021,853.48,417.72,177.35,24.74,50.47,13.41,30.12,4.237,-40.71,1.2,1.63,3.45,CYLINDER_MISFIRE
3136.32,0.4477,761.36,333.12,147.01,21.28,51.85,9.81,44.1,0.71,35.9,17.84,0.52,0.02,OVERHEATING
2838.82,0.4333,767.38,301.41,139.74,21.35,51.1,4.96,29.23,0.574,65.49,0.27,1.45,-0.027,FUEL_RESTRICTION
3368.47,0.5513,848.97,382.19,161.57,22.88,52.11,11.36,39.3,0.721,49.74,22.65,1.14,-0.04,OVERHEATING
2684.74,0.3821,626.12,277.85,132.69,20.38,49.61,8.72,27.95,3.624,-37.4,-0.26,0.04,3.069,CYLINDER_MISFIRE
2671.96,0.3576,606.52,269.79,130.81,19.87,47.77,8.27,28.37,4.502,-41.61,0.91,-2.16,3.951,CYLINDER_MISFIRE
3864.43,0.8147,977.45,470.75,222.31,26.48,21.77,15.23,32.15,2.746,-4.6,1.52,-27.69,1.836,LUBRICATION_ISSUE
3065.22,0.4212,758.16,334.15,141.92,21.04,50.78,9.61,38.57,0.674,52.16,30.55,-0.56,0.005,OVERHEATING
4151.76,0.8392,957.65,487.87,201.49,23.12,51.49,15.98,31.99,0.993,-53.44,1.22,0.27,-0.002,EXHAUST_LEAK
4138.96,0.9453,1025.92,526.36,197.65,28.22,51.27,17.02,32.45,4.195,-48.21,1.88,0.16,3.203,CYLINDER_MISFIRE
3636.73,0.7515,890.95,437.83,189.11,25.46,49.03,14.02,29.93,4.314,-41.82,-1.82,-0.08,3.473,CYLINDER_MISFIRE
3461.28,0.5862,761.55,373.43,162.94,19.84,48.32,12.07,30.21,0.723,-63.21,-1.44,-2.63,-0.065,EXHAUST_LEAK
3241.34,0.4876,753.13,333.27,153.16,21.42,51.03,10.34,27.58,0.761,-1.52,0.48,-0.26,0.039,NORMAL
2770.6,0.375,664.78,278.98,152.69,20.33,16.36,8.54,28.68,2.075,1.23,0.86,-33.9,1.494,LUBRICATION_ISSUE
3341.43,0.5646,846.81,385.46,163.67,22.95,51.34,11.65,47.97,0.734,40.97,21.96,0.79,-0.019,OVERHEATING
2928.02,0.372,667.98,281.57,134.41,20.25,52.19,8.71,28.39,0.618,-1.61,-0.18,0.85,-0.01,NORMAL
2809.06,0.393,719.12,285.03,132.51,20.66,52.57,4.84,27.65,0.601,42.85,-0.73,2.39,0.008,FUEL_RESTRICTION
3275.65,0.5186,774.66,345.05,155.59,22.1,51.5,10.9,28.43,0.756,-0.31,0.08,0.55,0.023,NORMAL
3221.25,0.4625,684.21,321.74,147.8,19.42,51.58,10.22,30.4,0.721,-54.35,-1.39,-0.03,0.005,EXHAUST_LEAK
4292.61,0.937,1070.64,525.93,198.04,28.25,52.78,17.06,32.09,0.995,-6.2,-0.18,0.44,-0.042,NORMAL
3419.7,0.5687,844.04,384.93,162.5,22.99,50.14,11.99,41.84,0.765,31.87,17.62,-0.85,-0.011,OVERHEATING
2926.85,0.3833,713.49,304.16,138.04,20.13,51.25,8.96,36.82,0.656,37.18,18.37,0.12,0.027,OVERHEATING
3912.66,0.7647,993.93,482.69,191.75,25.5,48.6,14.72,41.41,0.885,39.5,30.03,-2.07,-0.039,OVERHEATING
3267.19,0.5779,810.17,364.58,183.37,23.68,21.39,11.43,29.72,2.035,0.05,-1.49,-28.45,1.305,LUBRICATION_ISSUE
2734.87,0.4071,633.31,286.37,135.4,20.52,48.82,9.26,28.46,5.064,-47.69,-2.23,-0.63,4.494,CYLINDER_MISFIRE
4072.37,0.8195,1028.96,491.23,200.02,26.52,50.0,15.6,45.16,1.018,33.64,14.04,-0.72,0.046,OVERHEATING
3867.26,0.8594,973.76,487.04,200.18,26.93,49.41,16.0,33.32,5.22,-35.23,1.64,0.47,4.309,CYLINDER_MISFIRE
3268.63,0.5038,703.04,341.02,153.43,19.37,51.99,11.11,29.73,0.742,-62.67,1.59,0.81,0.012,EXHAUST_LEAK
3353.31,0.5291,810.58,371.32,158.16,22.28,50.28,11.2,42.3,0.709,25.45,20.24,-0.99,-0.047,OVERHEATING
3651.34,0.7359,1001.91,435.48,186.82,25.23,51.13,9.25,29.28,0.791,77.83,1.04,1.64,-0.055,FUEL_RESTRICTION
3176.34,0.4766,743.28,325.18,146.12,21.72,53.12,10.32,27.33,0.734,-1.48,-1.67,2.06,0.031,NORMAL
2773.59,0.3815,666.68,280.19,167.66,20.41,28.13,8.76,27.65,1.694,-0.92,-0.36,-22.03,1.112,LUBRICATION_ISSUE
3579.55,0.645,903.84,424.6,170.36,23.82,51.61,13.13,47.97,0.868,37.87,25.01,0.95,0.044,OVERHEATING
3316.76,0.5227,779.38,345.98,156.75,21.96,50.72,11.1,29.33,0.853,-0.09,-1.7,-0.43,0.108,NORMAL
3289.87,0.585,874.99,367.42,163.0,23.43,50.95,6.99,29.1,0.736,59.48,-1.88,1.1,-0.001,FUEL_RESTRICTION
4201.51,0.9477,1077.49,530.78,230.08,28.24,30.94,17.05,33.04,1.883,-1.2,3.56,-20.67,0.873,LUBRICATION_ISSUE
3819.51,0.7932,1016.47,462.97,194.18,26.06,50.01,10.67,31.49,0.861,49.59,2.85,0.46,-0.035,FUEL_RESTRICTION
3454.6,0.566,741.95,366.05,161.31,21.43,49.44,11.56,30.43,0.813,-70.38,-1.35,-1.83,0.027,EXHAUST_LEAK
4328.08,0.9378,1104.04,552.16,199.44,27.96,52.2,17.29,40.63,1.065,24.94,24.7,-0.42,0.017,OVERHEATING
3837.75,0.746,901.64,442.89,188.42,22.94,49.3,14.3,30.07,0.918,-37.82,-0.79,-1.22,0.017,EXHAUST_LEAK
4082.92,0.9028,1095.93,504.72,200.8,27.44,52.51,12.28,32.06,0.942,50.12,-2.76,1.85,-0.033,FUEL_RESTRICTION
3073.14,0.5037,818.41,334.1,153.66,22.0,49.46,5.8,29.31,0.644,62.52,0.57,-0.45,-0.028,FUEL_RESTRICTION
2561.74,0.3251,588.35,251.26,126.23,19.54,49.84,7.77,26.75,5.028,-34.81,-2.64,0.04,4.51,CYLINDER_MISFIRE
3333.29,0.6008,883.04,382.62,165.27,23.33,50.11,6.78,28.91,0.725,55.9,6.34,0.26,-0.025,FUEL_RESTRICTION
3687.32,0.7306,922.43,431.5,216.37,25.27,28.22,14.06,31.61,2.329,-0.31,-2.14,-21.6,1.473,LUBRICATION_ISSUE
4198.86,0.9446,1074.98,526.88,222.71,28.09,18.05,17.18,33.98,1.899,-1.74,0.85,-33.54,0.889,LUBRICATION_ISSUE
2905.45,0.4535,685.44,312.36,146.2,21.12,52.34,9.77,28.84,4.162,-31.95,1.93,2.62,3.54,CYLINDER_MISFIRE
3273.6,0.599,875.62,376.56,162.09,23.39,49.07,8.93,27.91,0.707,52.53,2.7,-0.43,-0.025,FUEL_RESTRICTION
4339.21,0.9313,1011.48,522.79,199.23,25.67,52.92,17.05,34.04,1.053,-64.23,-2.64,0.21,0.001,EXHAUST_LEAK
2628.39,0.3697,617.22,268.78,129.59,20.34,48.54,8.61,27.36,4.324,-36.04,-3.17,-0.89,3.785,CYLINDER_MISFIRE
3605.91,0.7437,890.39,439.19,182.5,25.13,47.12,14.22,30.39,3.503,-36.12,3.28,-1.93,2.671,CYLINDER_MISFIRE
4049.01,0.8817,1031.28,497.4,225.69,27.43,24.21,16.32,30.86,2.468,-0.2,-1.49,-26.19,1.503,LUBRICATION_ISSUE
3014.28,0.4727,732.21,319.94,164.51,21.47,17.73,10.04,28.86,2.38,-2.11,-0.65,-32.35,1.726,LUBRICATION_ISSUE
2844.1,0.4514,676.23,309.1,142.74,21.68,49.0,9.62,28.91,4.474,-36.78,1.29,-0.37,3.871,CYLINDER_MISFIRE
3691.78,0.695,897.48,419.84,181.85,25.15,48.58,13.3,32.06,0.873,-4.13,-1.13,-1.9,0.016,NORMAL
3694.41,0.6697,885.97,414.05,177.23,24.48,50.58,13.11,30.26,0.871,-0.59,2.12,-0.38,0.012,NORMAL
3111.56,0.4499,754.24,340.32,144.83,21.65,50.05,9.85,36.09,0.708,28.75,25.02,-1.08,0.024,OVERHEATING
2828.75,0.3258,633.99,262.04,127.37,19.33,53.33,8.23,27.43,0.6,-2.9,-0.1,1.8,0.001,NORMAL
2629.13,0.305,614.78,245.52,145.78,19.17,22.42,7.68,27.82,1.878,0.34,-3.15,-28.18,1.34,LUBRICATION_ISSUE
2801.12,0.3152,623.19,259.27,129.48,19.51,51.2,7.92,28.09,0.58,-6.02,1.75,-0.34,-0.01,NORMAL
3147.26,0.5214,840.17,345.02,157.63,22.38,50.99,5.84,29.94,0.712,69.95,2.89,0.92,0.018,FUEL_RESTRICTION
4158.13,0.9461,1024.5,525.21,201.48,28.44,50.4,17.05,32.57,4.127,-51.04,-0.11,-0.87,3.129,CYLINDER_MISFIRE
3563.97,0.6289,881.59,408.58,172.33,23.78,51.83,12.71,43.69,0.875,26.02,15.24,0.99,0.056,OVERHEATING
4121.88,0.8291,955.22,484.47,200.0,23.53,52.26,15.63,31.85,0.955,-48.32,2.34,1.28,-0.032,EXHAUST_LEAK
3756.67,0.6989,839.34,423.3,181.32,21.11,49.66,13.54,30.84,0.876,-67.84,-1.0,-1.18,-0.001,EXHAUST_LEAK
3909.61,0.7534,894.3,449.65,190.19,23.83,46.51,14.89,31.71,0.933,-53.23,1.13,-4.34,0.01,EXHAUST_LEAK
2841.88,0.3176,678.85,286.75,125.07,19.16,51.4,7.87,35.93,0.683,46.17,27.15,-0.35,0.08,OVERHEATING
3130.98,0.5387,834.46,346.65,155.9,22.59,53.25,8.06,29.96,0.672,54.68,-1.22,3.59,-0.018,FUEL_RESTRICTION
3943.19,0.7809,997.77,474.34,195.34,26.15,51.2,14.84,47.8,0.909,32.08,14.93,0.63,-0.024,OVERHEATING
4047.95,0.8772,1067.84,490.82,203.0,27.2,49.22,10.62,32.27,0.939,39.12,-6.42,-1.17,-0.025,FUEL_RESTRICTION
4325.44,0.9447,1038.42,535.01,200.31,24.45,51.27,17.41,32.04,1.024,-44.64,5.18,-1.33,-0.023,EXHAUST_LEAK
2970.61,0.4622,768.44,315.38,141.79,21.29,49.96,5.42,27.56,0.68,42.59,-0.13,-0.03,0.039,FUEL_RESTRICTION
3101.2,0.44,766.79,341.85,143.26,21.06,49.32,9.88,43.74,0.745,47.72,30.41,-1.91,0.065,OVERHEATING
3162.24,0.4554,733.71,317.2,143.73,21.49,51.58,10.21,28.08,0.729,2.36,-1.61,0.23,0.03,NORMAL
2705.1,0.3523,722.21,266.3,129.99,20.3,47.83,4.78,26.92,0.601,75.55,-1.69,-2.41,0.04,FUEL_RESTRICTION
3982.85,0.8559,1010.32,486.55,226.0,26.84,31.47,16.15,30.85,2.566,-2.38,-1.07,-18.39,1.621,LUBRICATION_ISSUE
3088.2,0.4277,705.41,307.44,143.53,21.11,51.27,9.68,28.56,0.609,-5.63,0.82,-0.1,-0.068,NORMAL
3361.6,0.6093,897.92,383.01,167.27,23.57,48.93,8.46,29.53,0.737,64.29,2.83,-0.95,-0.021,FUEL_RESTRICTION
3776.78,0.8101,934.3,467.31,194.97,26.19,50.33,14.93,31.85,3.747,-40.58,2.38,1.36,2.864,CYLINDER_MISFIRE
2929.9,0.3675,664.21,281.55,133.03,19.76,53.57,8.66,29.14,0.68,-2.8,1.35,2.14,0.051,NORMAL
3370.7,0.612,833.48,378.57,193.7,23.72,25.61,12.48,29.54,1.661,-2.26,-2.88,-24.29,0.899,LUBRICATION_ISSUE
3033.69,0.4151,700.09,301.88,140.86,20.8,50.23,9.2,27.96,0.694,-0.67,1.43,-1.02,0.034,NORMAL
3012.71,0.421,705.89,301.1,136.74,20.93,51.53,9.54,29.36,0.611,2.66,-0.84,0.52,-0.043,NORMAL
4060.91,0.8927,1088.75,503.42,198.24,27.42,51.92,11.91,32.13,0.963,50.06,0.21,1.44,-0.005,FUEL_RESTRICTION
3478.11,0.6099,844.54,385.38,167.36,23.66,51.14,12.14,29.87,0.754,4.7,1.48,0.51,-0.039,NORMAL
4308.33,0.9258,1068.95,521.21,199.1,28.03,51.27,17.14,33.54,1.056,-1.95,-1.32,-1.19,0.013,NORMAL
3264.19,0.6006,794.64,378.5,164.18,22.97,50.22,12.08,29.42,4.491,-28.94,4.35,0.82,3.762,CYLINDER_MISFIRE
3521.18,0.6641,931.42,404.28,175.39,24.21,52.14,8.83,29.69,0.8,56.92,-0.43,2.21,-0.006,FUEL_RESTRICTION
2833.55,0.3428,582.48,267.17,129.14,16.35,49.15,8.35,27.11,0.654,-64.84,-1.23,-2.1,0.053,EXHAUST_LEAK
2955.74,0.4423,714.7,308.77,173.95,21.17,13.73,9.78,29.15,1.807,1.55,0.89,-36.52,1.17,LUBRICATION_ISSUE
2695.2,0.3462,714.99,263.7,126.26,20.14,50.15,4.71,27.63,0.514,72.53,-1.78,-0.14,-0.045,FUEL_RESTRICTION
4074.48,0.8281,1001.92,479.82,200.83,26.21,50.08,15.88,31.01,0.948,1.35,-0.52,-0.52,-0.024,NORMAL
3996.97,0.7904,1017.81,490.19,195.52,25.93,49.68,14.89,39.84,1.012,43.7,25.72,-1.07,0.063,OVERHEATING
3287.62,0.611,796.68,378.43,164.35,23.36,48.72,12.37,29.91,3.45,-34.28,-0.15,-0.66,2.714,CYLINDER_MISFIRE
3382.08,0.6329,889.41,390.37,170.18,24.13,48.6,8.67,31.07,0.747,40.58,1.06,-1.0,-0.018,FUEL_RESTRICTION
3691.28,0.7475,1000.75,443.3,184.8,25.57,50.91,10.19,30.26,0.808,67.7,3.47,1.38,-0.05,FUEL_RESTRICTION
4012.75,0.8114,923.57,470.04,197.0,24.05,52.63,15.43,30.22,0.906,-63.88,-2.43,2.15,-0.048,EXHAUST_LEAK
4322.07,0.9204,989.98,520.81,201.28,26.28,54.72,16.93,31.31,1.059,-78.39,-0.22,2.14,0.012,EXHAUST_LEAK
2793.56,0.405,759.02,289.67,138.03,20.61,49.36,4.01,28.83,0.62,76.34,0.06,-0.51,0.032,FUEL_RESTRICTION
3181.91,0.4601,736.33,321.42,145.76,21.56,50.49,10.12,29.84,0.678,1.19,0.34,-0.91,-0.026,NORMAL
2788.62,0.3862,675.5,283.53,155.19,20.65,28.45,8.89,28.43,1.876,4.35,0.84,-21.73,1.29,LUBRICATION_ISSUE
3361.8,0.5565,829.17,383.34,160.68,22.92,49.04,11.7,43.04,0.679,27.18,22.14,-1.8,-0.08,OVERHEATING
3055.95,0.4139,746.1,321.59,140.26,20.89,51.38,9.15,43.13,0.715,44.96,20.91,-0.03,0.048,OVERHEATING
3911.96,0.8341,996.45,476.88,220.93,26.87,17.82,15.54,32.33,1.817,0.4,-0.76,-31.59,0.894,LUBRICATION_ISSUE
3624.89,0.7001,900.62,421.17,203.06,24.6,20.81,13.27,31.66,2.384,-0.71,0.37,-29.15,1.546,LUBRICATION_ISSUE
2666.44,0.3401,703.43,260.26,127.4,19.71,51.14,4.07,28.03,0.587,66.08,-2.15,0.93,0.037,FUEL_RESTRICTION
3997.64,0.8105,945.24,473.99,198.37,22.42,49.58,15.39,32.78,0.95,-40.96,2.27,-0.82,0.001,EXHAUST_LEAK
4019.63,0.8183,1020.01,500.03,198.63,26.29,52.04,15.09,47.04,0.936,28.03,24.84,1.65,-0.02,OVERHEATING
3080.02,0.5206,825.08,338.58,152.16,21.96,49.54,5.26,30.23,0.624,58.75,-1.22,-0.11,-0.05,FUEL_RESTRICTION
2530.84,0.3013,576.13,242.1,117.97,19.55,51.57,7.65,27.24,3.676,-31.22,-2.31,1.54,3.166,CYLINDER_MISFIRE
3110.44,0.5236,827.0,341.26,152.69,22.4,50.28,6.17,30.28,0.732,57.35,-0.53,0.49,0.049,FUEL_RESTRICTION
3822.57,0.7397,883.25,443.44,188.01,22.88,48.87,14.07,30.56,0.865,-51.73,2.45,-1.66,-0.032,EXHAUST_LEAK
3881.41,0.8312,1034.35,477.65,202.14,26.82,50.41,11.25,32.01,0.898,41.56,1.97,1.14,-0.016,FUEL_RESTRICTION
3780.14,0.7811,959.0,456.13,214.6,25.76,17.47,14.7,31.99,1.855,1.34,1.54,-32.04,0.971,LUBRICATION_ISSUE
3733.28,0.6916,944.55,436.0,179.5,24.69,52.41,13.56,46.46,0.941,42.93,15.03,1.6,0.071,OVERHEATING
4085.36,0.857,1020.67,491.79,200.51,26.94,49.22,15.83,32.42,0.976,2.19,0.7,-1.46,0.001,NORMAL
2816.15,0.3368,642.62,264.92,127.16,19.84,49.66,8.34,26.89,0.565,-0.29,-0.83,-1.58,-0.03,NORMAL
4107.89,0.9276,1014.28,516.02,199.42,27.71,50.84,17.0,31.41,5.225,-47.68,-1.15,-0.03,4.243,CYLINDER_MISFIRE
3033.45,0.5113,726.6,337.29,150.74,22.15,47.73,10.58,28.41,4.714,-31.84,2.23,-1.79,4.054,CYLINDER_MISFIRE
3943.21,0.8439,1053.54,483.16,199.32,27.13,47.86,12.77,31.53,0.945,50.06,1.08,-1.68,0.012,FUEL_RESTRICTION
3574.87,0.6302,814.45,392.93,168.16,19.68,52.4,12.78,29.97,0.829,-42.44,-1.2,1.51,0.006,EXHAUST_LEAK
3514.55,0.5977,829.54,378.95,166.71,23.04,50.88,12.43,29.8,0.814,-4.8,-1.66,-0.21,0.009,NORMAL
3623.18,0.7048,908.34,423.23,210.91,24.86,29.59,13.54,30.51,1.936,4.29,0.8,-20.27,1.099,LUBRICATION_ISSUE
3885.54,0.8084,976.77,470.75,218.47,26.26,17.02,15.33,31.62,2.283,-2.56,3.15,-32.69,1.367,LUBRICATION_ISSUE
3936.55,0.7778,970.81,457.3,191.78,26.25,48.82,14.58,31.32,0.931,7.32,-0.8,-1.77,-0.0,NORMAL
4078.63,0.9041,1102.97,505.11,200.65,27.74,50.27,12.42,33.25,0.958,56.55,-2.74,-0.36,-0.016,FUEL_RESTRICTION
4057.73,0.8289,945.72,478.07,198.36,25.16,49.19,15.48,30.83,0.914,-54.51,-2.07,-1.27,-0.053,EXHAUST_LEAK
4309.79,0.9146,995.0,513.48,199.47,24.27,52.7,16.79,31.72,0.965,-69.28,-5.09,0.22,-0.078,EXHAUST_LEAK
3000.5,0.4492,720.62,312.91,166.52,21.31,24.38,9.61,28.92,2.168,1.1,1.2,-26.03,1.518,LUBRICATION_ISSUE
3636.21,0.6459,902.62,421.47,176.12,23.99,48.77,12.9,46.52,0.889,33.28,19.87,-2.24,0.048,OVERHEATING
3202.67,0.5784,765.56,361.72,162.86,23.32,49.66,11.66,29.62,3.458,-41.62,-2.59,0.25,2.748,CYLINDER_MISFIRE
4374.83,0.9491,1090.55,531.1,199.97,28.24,52.48,17.44,31.69,1.104,2.35,-1.82,-0.51,0.041,NORMAL
3503.58,0.6885,926.72,413.75,175.91,24.9,50.7,8.75,30.85,0.779,38.46,0.79,1.32,-0.022,FUEL_RESTRICTION
4007.33,0.9118,1018.58,508.66,201.38,27.9,51.35,16.76,31.87,4.816,-28.88,0.19,1.29,3.863,CYLINDER_MISFIRE
3763.49,0.7911,917.48,456.49,189.73,26.09,50.26,14.74,30.92,5.369,-45.35,-1.21,1.04,4.49,CYLINDER_MISFIRE
4407.92,0.9499,1129.91,560.03,200.0,28.15,53.17,17.44,45.6,1.042,39.56,25.83,-0.09,-0.03,OVERHEATING
2614.9,0.3188,684.21,253.08,125.83,19.77,51.08,4.27,27.38,0.539,62.2,-0.13,0.82,0.005,FUEL_RESTRICTION
3214.46,0.4859,690.77,330.72,149.96,19.78,52.15,10.4,28.57,0.664,-61.5,-0.64,1.01,-0.05,EXHAUST_LEAK
4170.24,0.8786,1031.46,497.93,200.18,27.0,50.0,16.32,29.92,1.032,-4.24,-3.49,-1.36,0.031,NORMAL
4010.55,0.8037,1026.98,487.86,197.87,26.34,50.94,15.32,45.56,0.913,44.26,18.22,0.34,-0.04,OVERHEATING
4133.39,0.9196,1096.17,516.87,202.1,28.11,52.15,11.46,32.65,0.986,37.73,1.8,1.08,-0.004,FUEL_RESTRICTION
2836.53,0.3335,680.05,283.64,131.02,19.5,50.96,8.08,37.82,0.579,38.16,18.5,-0.47,-0.022,OVERHEATING
3269.16,0.5859,811.85,371.69,185.72,23.34,14.4,11.62,29.2,2.09,-3.12,2.7,-35.3,1.359,LUBRICATION_ISSUE
3236.12,0.5512,793.92,354.49,190.18,22.6,23.82,11.53,28.53,2.103,1.42,-1.01,-26.29,1.383,LUBRICATION_ISSUE
3807.78,0.7796,962.43,453.98,210.93,26.18,23.92,14.82,31.82,2.344,4.28,-0.91,-25.8,1.452,LUBRICATION_ISSUE
3624.42,0.6495,918.17,422.77,174.07,23.97,51.47,12.9,41.57,0.803,47.25,20.22,0.6,-0.034,OVERHEATING
3907.61,0.7795,990.52,479.55,191.35,25.77,50.6,14.8,43.34,0.916,27.43,21.7,0.23,-0.007,OVERHEATING
4069.85,0.8028,935.18,472.24,196.31,22.63,50.9,15.14,31.27,0.985,-49.98,1.15,-0.11,0.014,EXHAUST_LEAK
3107.0,0.4666,671.36,321.87,147.68,17.95,51.07,10.23,28.82,0.729,-63.97,0.67,0.27,0.047,EXHAUST_LEAK
2757.68,0.3878,630.53,278.67,131.47,20.14,46.67,9.09,28.2,3.94,-40.04,-3.67,-3.28,3.363,CYLINDER_MISFIRE
4373.76,0.946,1088.99,535.69,201.69,28.15,51.46,17.39,32.11,1.001,2.7,3.92,-1.53,-0.061,NORMAL
4326.17,0.9127,1064.95,520.84,198.83,27.65,52.24,16.62,32.41,0.972,1.03,2.49,-0.37,-0.075,NORMAL
3941.93,0.7705,883.54,456.06,194.5,22.23,49.63,14.78,31.03,0.969,-75.87,0.41,-1.13,0.036,EXHAUST_LEAK
3473.98,0.5861,873.98,391.4,165.16,23.36,51.08,11.74,48.08,0.712,48.63,16.19,0.05,-0.08,OVERHEATING
3408.26,0.61,833.66,379.44,190.47,23.68,15.59,12.13,29.76,2.374,-2.77,-2.42,-34.58,1.602,LUBRICATION_ISSUE
2643.43,0.3255,705.55,256.87,124.12,19.32,50.26,4.37,28.29,0.488,78.09,0.39,-0.06,-0.055,FUEL_RESTRICTION
3261.63,0.5717,874.96,360.23,161.41,22.78,50.99,6.4,30.86,0.715,68.87,-3.43,1.08,-0.013,FUEL_RESTRICTION
3453.44,0.5852,853.02,395.28,163.88,23.29,51.15,12.08,44.0,0.772,29.23,21.0,0.24,-0.014,OVERHEATING
3454.56,0.6593,917.97,401.4,173.32,24.29,50.4,7.86,30.57,0.798,49.68,0.43,0.81,0.011,FUEL_RESTRICTION
3944.55,0.7788,971.44,455.92,194.1,26.24,50.23,15.01,30.44,0.906,6.92,-2.8,-0.39,-0.027,NORMAL
3177.52,0.5275,770.91,346.04,177.53,22.28,30.26,11.09,30.09,1.821,-4.48,0.81,-19.9,1.118,LUBRICATION_ISSUE
4342.2,0.9471,1108.52,550.58,200.36,28.43,54.04,17.26,42.71,1.105,23.16,19.36,1.3,0.053,OVERHEATING
3166.93,0.5736,756.95,363.86,161.64,23.1,49.95,11.56,29.86,5.013,-45.53,2.37,0.69,4.312,CYLINDER_MISFIRE
2655.52,0.3322,712.13,256.62,124.05,19.41,52.17,3.23,27.03,0.551,80.03,-2.65,1.89,0.004,FUEL_RESTRICTION
3843.36,0.7199,921.91,436.59,184.77,25.23,51.08,13.77,28.26,0.911,-2.22,2.11,0.06,0.008,NORMAL
3629.32,0.6622,881.68,405.59,175.96,24.57,50.05,13.1,28.86,0.812,2.89,-1.68,-0.62,-0.027,NORMAL
3920.3,0.7757,897.38,455.61,192.89,23.58,50.73,14.85,30.44,0.934,-64.02,-1.23,0.21,0.008,EXHAUST_LEAK
2956.29,0.4632,773.93,313.88,146.38,21.35,49.04,6.46,29.21,0.655,48.19,-1.57,-0.84,0.018,FUEL_RESTRICTION
3430.15,0.6329,852.7,389.53,195.02,23.89,21.09,12.55,31.13,2.229,1.45,-1.22,-28.81,1.45,LUBRICATION_ISSUE
3377.68,0.5564,807.14,361.22,159.54,23.0,50.21,11.81,29.99,0.744,4.41,-0.42,-0.73,-0.02,NORMAL
2844.34,0.4461,664.68,309.03,139.15,21.13,49.2,9.81,28.8,3.344,-45.21,3.1,-0.26,2.74,CYLINDER_MISFIRE
3647.07,0.7638,898.34,444.95,188.12,25.59,51.44,14.5,30.59,4.027,-42.3,0.57,2.49,3.183,CYLINDER_MISFIRE
2943.96,0.4428,713.03,307.56,167.06,21.39,20.29,9.82,27.86,1.505,0.17,-0.16,-29.87,0.872,LUBRICATION_ISSUE
3241.92,0.5844,768.16,366.63,160.05,22.94,50.08,11.81,29.15,4.477,-44.56,-1.01,0.53,3.755,CYLINDER_MISFIRE
2912.38,0.3891,714.0,307.85,137.42,20.45,51.15,8.94,42.1,0.597,34.91,20.4,0.22,-0.027,OVERHEATING
3159.44,0.5266,838.91,341.81,154.95,22.49,48.06,5.66,28.66,0.663,64.98,-2.55,-2.0,-0.035,FUEL_RESTRICTION
2596.11,0.3276,624.78,257.24,156.87,19.33,18.46,7.85,26.64,1.594,-1.58,1.43,-31.52,1.065,LUBRICATION_ISSUE
3829.72,0.7899,967.1,459.95,218.83,26.25,27.69,14.76,30.55,2.195,1.69,0.7,-21.99,1.296,LUBRICATION_ISSUE
2987.98,0.4418,714.92,310.61,172.13,21.3,18.72,9.86,28.25,1.494,0.42,1.91,-31.75,0.847,LUBRICATION_ISSUE
3407.99,0.5796,812.69,369.7,164.19,23.23,50.6,11.84,29.97,0.763,-5.46,-1.2,-0.12,-0.009,NORMAL
4156.99,0.8595,969.63,495.07,199.26,24.09,51.32,16.06,32.19,0.977,-53.89,0.96,0.06,-0.02,EXHAUST_LEAK
3285.75,0.515,736.92,342.37,153.76,18.9,51.77,11.12,29.51,0.745,-36.38,-1.6,0.68,0.009,EXHAUST_LEAK
3262.0,0.5705,861.02,362.1,161.26,23.24,50.28,7.47,29.63,0.703,55.63,-1.13,0.35,-0.026,FUEL_RESTRICTION
3626.46,0.6514,875.74,403.05,170.93,23.86,51.24,13.01,30.75,0.807,3.58,-0.25,0.39,-0.031,NORMAL
3446.67,0.5606,748.37,365.81,160.34,20.66,48.76,11.57,29.7,0.799,-60.34,0.59,-2.55,0.015,EXHAUST_LEAK
3883.06,0.7328,968.3,458.74,185.18,25.18,50.09,14.14,43.08,0.984,34.48,18.44,-0.96,0.069,OVERHEATING
3439.22,0.6885,848.28,408.11,175.39,24.72,48.69,13.12,30.13,4.4,-36.79,-2.93,-0.27,3.618,CYLINDER_MISFIRE
2943.87,0.3814,676.37,287.63,135.61,20.31,52.43,8.79,27.99,0.673,0.33,2.0,1.16,0.04,NORMAL
3579.96,0.64,794.1,401.24,172.92,22.1,50.69,12.89,31.41,0.725,-68.91,3.43,-0.06,-0.099,EXHAUST_LEAK
3093.74,0.5381,732.9,350.4,155.81,22.32,50.85,10.98,28.36,3.461,-44.62,3.89,1.43,2.783,CYLINDER_MISFIRE
2855.84,0.3311,640.26,262.32,127.63,19.25,50.1,8.22,27.83,0.619,-1.17,-2.54,-1.5,0.012,NORMAL
3740.17,0.7463,929.13,442.34,213.67,25.0,26.46,14.06,29.39,2.549,-5.68,1.46,-23.42,1.677,LUBRICATION_ISSUE
3899.63,0.7403,937.67,442.91,188.25,25.4,52.53,14.32,31.85,0.949,-1.51,-0.6,1.51,0.029,NORMAL
3652.61,0.7722,907.85,446.67,190.63,25.77,48.19,14.31,30.93,4.527,-38.09,-0.9,-0.65,3.681,CYLINDER_MISFIRE
2553.41,0.3023,680.28,245.99,122.0,19.25,50.48,4.21,26.49,0.519,71.23,0.56,0.33,0.003,FUEL_RESTRICTION
3277.27,0.5761,807.31,366.81,187.57,23.06,17.42,11.73,28.17,2.385,-2.24,1.08,-32.51,1.651,LUBRICATION_ISSUE
2968.89,0.3714,598.36,281.22,133.13,16.7,51.31,8.46,28.36,0.618,-72.91,-1.55,-0.3,-0.022,EXHAUST_LEAK
4174.52,0.8648,1059.9,520.81,202.46,27.07,50.04,16.17,38.34,1.016,32.33,24.27,-1.35,0.013,OVERHEATING
3840.13,0.747,874.92,447.12,188.46,21.35,52.1,14.41,31.07,0.964,-65.28,3.01,1.59,0.062,EXHAUST_LEAK
3163.44,0.459,737.11,319.61,146.21,21.53,49.67,10.13,29.11,0.726,3.52,-0.55,-1.63,0.027,NORMAL
2532.33,0.325,579.43,254.22,124.57,19.48,49.22,7.62,25.91,4.749,-42.17,1.26,-0.39,4.24,CYLINDER_MISFIRE
4318.91,0.9163,1017.2,519.99,200.26,24.19,54.15,17.07,33.12,0.97,-48.51,0.56,1.6,-0.075,EXHAUST_LEAK
3445.12,0.5731,865.49,396.4,163.69,23.24,52.16,11.66,43.91,0.755,49.39,26.73,1.08,-0.028,OVERHEATING
3678.6,0.7494,998.99,439.45,185.54,25.44,49.28,9.26,31.34,0.893,65.4,-0.71,-0.14,0.04,FUEL_RESTRICTION
2873.88,0.3619,690.58,304.62,133.44,19.89,49.06,8.3,37.82,0.667,29.73,28.12,-2.11,0.054,OVERHEATING
3589.93,0.6332,859.71,396.77,171.35,23.91,51.6,12.68,30.61,0.83,0.26,1.1,0.67,0.003,NORMAL
3809.97,0.7235,965.67,457.53,183.38,25.13,49.14,14.04,49.36,0.926,41.05,22.76,-1.6,0.033,OVERHEATING
4084.5,0.8944,1076.52,504.84,199.16,27.31,48.9,12.46,32.56,1.023,35.67,0.33,-1.78,0.048,FUEL_RESTRICTION
3754.75,0.7205,848.75,433.14,185.09,22.44,52.15,13.88,29.92,0.853,-71.27,1.13,1.71,-0.023,EXHAUST_LEAK
3106.33,0.5316,740.06,344.89,155.07,22.67,49.5,11.15,30.12,5.075,-34.24,0.3,-0.12,4.393,CYLINDER_MISFIRE
3850.86,0.8265,951.33,475.65,196.69,26.58,48.03,15.21,31.24,5.154,-37.11,2.59,-1.12,4.249,CYLINDER_MISFIRE
3128.1,0.5142,765.2,338.62,177.26,22.21,17.43,10.92,27.89,2.429,0.31,-0.31,-32.64,1.741,LUBRICATION_ISSUE
3688.01,0.6666,916.8,442.65,175.09,24.5,51.96,13.07,46.03,0.866,32.47,32.06,0.98,0.009,OVERHEATING
2769.3,0.4041,643.3,292.06,138.49,21.04,48.21,8.94,27.5,4.404,-37.64,3.49,-1.51,3.823,CYLINDER_MISFIRE
2981.83,0.3992,687.25,295.27,138.89,20.49,51.04,9.09,27.06,0.61,-1.37,2.09,-0.15,-0.034,NORMAL
3567.04,0.6137,771.54,384.04,167.98,20.65,50.85,12.38,29.65,0.8,-75.04,-3.91,-0.29,-0.02,EXHAUST_LEAK
3570.86,0.6342,895.86,414.32,170.63,23.71,47.58,12.65,48.37,0.797,36.79,18.88,-3.22,-0.024,OVERHEATING
2881.28,0.4694,681.92,314.37,144.87,21.45,48.2,10.1,27.88,3.304,-43.77,-1.04,-1.08,2.689,CYLINDER_MISFIRE
3861.24,0.7452,977.92,462.62,184.57,25.45,49.74,14.26,44.87,0.903,37.75,18.53,-0.95,-0.005,OVERHEATING
3867.07,0.7474,938.34,445.08,187.64,25.44,51.17,14.24,30.69,0.838,-3.44,0.01,0.49,-0.072,NORMAL
3958.76,0.8636,1084.25,492.32,202.47,27.32,48.91,10.64,32.7,0.981,68.15,2.66,-0.76,0.043,FUEL_RESTRICTION
2772.25,0.4084,647.89,289.65,135.09,20.58,49.29,8.8,29.11,3.573,-35.74,-0.53,-0.38,2.991,CYLINDER_MISFIRE
3420.39,0.6312,846.17,385.97,191.87,23.92,32.02,12.52,29.08,2.094,-3.58,-3.88,-17.85,1.318,LUBRICATION_ISSUE
3511.75,0.6914,857.47,415.99,176.18,24.58,48.36,13.49,31.53,4.564,-32.95,1.73,-1.02,3.761,CYLINDER_MISFIRE
2768.99,0.3605,654.82,275.45,158.84,20.06,31.35,8.54,27.62,1.43,0.08,2.61,-19.16,0.849,LUBRICATION_ISSUE
3588.38,0.7289,885.44,424.89,184.65,25.18,49.89,13.91,31.86,3.379,-31.32,-5.16,0.68,2.553,CYLINDER_MISFIRE
3321.57,0.5219,811.27,373.51,157.95,22.69,51.51,10.65,40.51,0.784,32.05,25.98,0.31,0.037,OVERHEATING
3208.9,0.5815,772.21,363.9,162.66,23.08,49.62,11.63,31.18,5.091,-37.12,-1.7,0.23,4.378,CYLINDER_MISFIRE
3365.67,0.5309,820.3,375.74,157.53,22.57,53.14,11.31,47.08,0.786,33.47,23.65,1.82,0.027,OVERHEATING
4221.6,0.8914,990.04,510.0,200.61,25.47,50.74,16.63,32.53,0.955,-55.89,2.45,-1.03,-0.062,EXHAUST_LEAK
3395.9,0.6403,916.38,390.88,168.07,24.18,50.22,8.48,28.83,0.823,62.39,-1.52,0.67,0.054,FUEL_RESTRICTION
2898.41,0.359,601.92,274.56,131.12,17.95,48.98,8.46,26.59,0.617,-58.41,-1.64,-2.4,-0.002,EXHAUST_LEAK
2730.7,0.3528,646.18,268.7,158.59,19.92,26.91,8.36,27.25,2.241,-2.03,-0.23,-23.49,1.672,LUBRICATION_ISSUE
3533.65,0.7201,877.51,426.55,180.33,25.08,47.17,13.72,31.16,3.615,-31.25,1.28,-1.83,2.805,CYLINDER_MISFIRE
3316.38,0.5462,836.3,381.1,159.73,22.7,53.52,11.4,40.23,0.711,42.77,24.98,2.8,-0.034,OVERHEATING
2626.95,0.3629,611.36,271.79,130.88,20.06,48.05,8.36,28.62,4.288,-37.72,2.34,-1.49,3.749,CYLINDER_MISFIRE
4125.18,0.8922,1082.49,504.82,199.99,27.52,51.3,12.55,29.93,0.977,40.89,-0.14,0.3,-0.011,FUEL_RESTRICTION
4008.17,0.917,1004.66,511.82,203.16,27.42,51.03,16.57,32.67,4.43,-45.92,1.48,0.96,3.477,CYLINDER_MISFIRE
3749.32,0.6964,823.92,423.54,183.89,22.11,51.58,13.7,31.75,0.941,-81.4,0.35,0.74,0.067,EXHAUST_LEAK
3711.46,0.7341,922.32,433.08,212.69,25.57,26.44,13.8,30.69,2.059,-3.7,-2.52,-23.47,1.195,LUBRICATION_ISSUE
3843.43,0.7357,972.95,459.26,187.09,25.11,48.71,14.36,48.21,0.921,39.38,19.11,-2.03,0.018,OVERHEATING
4100.21,0.8476,952.97,490.61,199.74,24.8,49.08,15.77,31.22,1.029,-60.58,2.48,-1.72,0.049,EXHAUST_LEAK
2701.01,0.3689,709.83,273.53,133.34,20.09,48.22,4.96,28.15,0.548,53.46,-0.29,-1.7,-0.013,FUEL_RESTRICTION
3483.34,0.5779,823.17,371.52,162.05,22.92,50.47,11.92,29.68,0.849,2.29,-1.0,-0.77,0.054,NORMAL
3712.89,0.6691,921.31,439.81,176.78,24.15,53.4,13.4,48.11,0.815,34.19,27.54,2.31,-0.049,OVERHEATING
3037.62,0.4411,642.42,309.25,144.89,18.05,51.32,9.72,28.74,0.693,-74.11,-0.67,0.51,0.032,EXHAUST_LEAK
4075.6,0.8247,1039.09,495.1,200.56,26.31,53.45,15.78,42.63,1.007,40.51,15.96,2.8,0.035,OVERHEATING
3332.47,0.6017,879.21,375.31,164.12,23.8,47.6,6.58,29.71,0.717,51.55,-1.28,-2.23,-0.033,FUEL_RESTRICTION
3334.61,0.6117,893.75,379.32,168.36,23.42,48.68,6.15,30.03,0.757,60.02,-0.91,-0.99,0.006,FUEL_RESTRICTION
3068.12,0.4885,747.32,325.08,174.39,21.95,19.13,10.1,29.47,1.599,0.79,-2.85,-31.02,0.929,LUBRICATION_ISSUE
3530.64,0.6877,948.21,418.41,180.33,24.93,50.57,9.79,30.74,0.899,59.06,4.92,1.0,0.09,FUEL_RESTRICTION
3595.99,0.746,883.42,437.48,187.91,25.64,50.75,13.8,30.15,4.909,-43.99,1.02,1.8,4.08,CYLINDER_MISFIRE
4279.15,0.8922,973.93,508.31,200.25,24.17,52.5,16.71,31.9,1.004,-75.33,-1.25,0.26,-0.029,EXHAUST_LEAK
4045.61,0.8373,1034.57,499.44,199.83,26.84,48.89,15.66,49.77,0.916,29.94,16.66,-1.47,-0.048,OVERHEATING
3207.64,0.5827,764.29,364.97,159.94,23.09,48.92,11.71,30.73,4.472,-45.71,-1.04,-0.44,3.759,CYLINDER_MISFIRE
2902.93,0.3466,648.06,270.26,132.07,20.18,50.15,8.35,27.75,0.632,-5.05,-1.61,-1.48,0.011,NORMAL
3961.41,0.8514,1013.66,484.74,235.53,27.2,26.04,15.72,31.13,2.192,4.74,-0.61,-23.65,1.253,LUBRICATION_ISSUE
3289.85,0.5191,779.62,346.85,153.1,22.1,51.67,11.11,30.13,0.786,3.7,1.3,0.62,0.049,NORMAL
3181.15,0.4692,742.52,322.41,148.34,21.23,48.5,10.27,29.63,0.714,1.95,-1.93,-2.73,0.01,NORMAL
4116.55,0.8444,948.49,483.68,200.11,23.14,52.39,15.96,33.33,1.039,-63.97,-3.79,1.46,0.054,EXHAUST_LEAK
3116.04,0.4557,682.63,315.17,143.82,18.19,51.13,9.94,27.87,0.637,-46.56,-2.34,0.08,-0.048,EXHAUST_LEAK
3247.11,0.5049,692.38,341.98,153.78,18.69,51.45,10.71,28.9,0.756,-72.93,2.79,0.44,0.032,EXHAUST_LEAK
3804.59,0.7259,973.71,465.94,185.09,24.99,48.72,14.16,48.81,0.866,47.93,30.47,-1.94,-0.026,OVERHEATING
3540.99,0.613,880.25,406.12,170.05,23.85,49.76,12.43,43.69,0.83,35.43,19.23,-1.22,0.018,OVERHEATING
3272.07,0.5523,793.51,354.66,182.53,22.86,28.12,11.34,29.62,1.865,-1.47,-2.33,-22.2,1.133,LUBRICATION_ISSUE
3076.22,0.552,748.43,350.42,156.77,22.7,48.35,11.19,30.11,3.615,-36.58,-0.59,-0.71,2.942,CYLINDER_MISFIRE
2820.4,0.4189,646.34,292.52,138.03,21.1,50.16,9.53,27.22,4.59,-46.01,-2.89,0.37,3.994,CYLINDER_MISFIRE
3890.39,0.8515,968.28,482.6,199.34,26.78,50.1,15.77,32.04,5.045,-37.15,-0.66,0.98,4.128,CYLINDER_MISFIRE
3339.77,0.5104,721.15,338.8,155.5,19.11,50.74,11.05,29.94,0.803,-52.08,-5.13,-0.78,0.052,EXHAUST_LEAK
4251.52,0.9153,1110.18,542.29,199.82,27.79,51.87,17.02,45.49,1.042,48.42,25.23,-0.14,0.017,OVERHEATING
3611.12,0.6466,800.72,399.79,171.92,21.28,51.58,12.94,30.12,0.8,-67.77,-1.31,0.74,-0.033,EXHAUST_LEAK
2515.37,0.3314,601.27,255.79,122.77,19.86,50.73,7.96,28.09,5.014,-23.32,1.04,1.34,4.51,CYLINDER_MISFIRE
3629.31,0.6848,942.24,433.18,177.11,24.24,50.48,13.39,45.03,0.837,49.89,17.77,0.21,-0.002,OVERHEATING
4150.86,0.8643,1028.59,496.1,199.38,27.31,50.38,16.05,29.65,0.973,2.49,0.44,-0.83,-0.022,NORMAL
4069.57,0.8186,994.09,474.36,199.11,26.66,51.5,15.63,31.21,0.96,-0.58,-2.44,0.79,-0.011,NORMAL
3896.31,0.8029,976.33,467.83,216.45,26.41,16.46,14.98,31.72,2.59,-0.24,1.89,-33.41,1.671,LUBRICATION_ISSUE
2987.9,0.4913,698.65,326.62,151.34,21.8,47.83,10.3,28.58,4.054,-45.53,0.11,-1.74,3.407,CYLINDER_MISFIRE
2812.19,0.3917,679.46,286.81,163.07,20.57,18.02,8.81,26.94,1.679,3.86,1.45,-32.21,1.086,LUBRICATION_ISSUE
3859.66,0.7537,904.59,446.23,189.88,23.42,50.07,14.48,30.42,0.888,-40.64,-0.91,-0.46,-0.02,EXHAUST_LEAK
4017.38,0.8133,988.78,477.6,200.36,26.47,50.52,15.4,32.0,0.914,-0.07,4.28,0.05,-0.041,NORMAL
3790.71,0.7922,962.4,458.9,217.29,26.02,17.64,14.83,32.32,2.292,-2.43,0.0,-31.74,1.405,LUBRICATION_ISSUE
3438.82,0.6406,912.03,394.62,170.57,24.36,49.64,9.12,30.0,0.796,55.71,0.83,-0.18,0.014,FUEL_RESTRICTION
3513.91,0.6704,919.8,408.85,173.38,24.24,49.29,9.22,31.2,0.752,41.88,2.1,-0.48,-0.053,FUEL_RESTRICTION
3701.08,0.6967,934.59,443.86,180.13,24.75,51.8,13.45,43.67,0.861,31.53,22.02,1.28,0.001,OVERHEATING
3174.67,0.5667,749.63,357.45,156.41,22.73,50.26,11.45,29.08,4.979,-49.1,-1.79,0.82,4.276,CYLINDER_MISFIRE
2794.62,0.4219,661.61,294.59,138.56,20.57,51.42,9.13,26.84,4.193,-31.28,-1.14,1.85,3.605,CYLINDER_MISFIRE
3733.63,0.6974,949.8,445.38,180.8,24.75,51.54,13.48,46.87,0.835,44.7,22.32,0.82,-0.035,OVERHEATING
3748.31,0.677,899.27,419.43,180.16,24.35,52.17,13.41,31.47,0.919,5.66,3.26,0.99,0.045,NORMAL
3727.88,0.7403,927.21,438.41,214.38,25.14,28.61,14.32,30.77,2.565,-3.36,0.07,-21.3,1.697,LUBRICATION_ISSUE
3623.94,0.6562,922.93,430.26,178.03,24.35,51.56,12.91,41.7,0.846,48.03,25.33,0.82,0.009,OVERHEATING
3295.63,0.5861,815.3,373.04,188.29,22.98,27.37,11.88,29.51,1.86,-1.11,3.19,-22.5,1.121,LUBRICATION_ISSUE
3759.37,0.807,926.36,460.95,195.87,26.41,47.38,14.94,31.33,3.586,-45.8,-2.35,-1.53,2.708,CYLINDER_MISFIRE
3406.15,0.6455,927.69,393.58,170.04,23.96,49.28,8.88,31.32,0.702,70.08,-0.99,-0.24,-0.07,FUEL_RESTRICTION
4255.33,0.9438,1080.39,523.74,228.89,28.27,31.83,17.53,33.28,1.859,1.36,-3.68,-20.22,0.832,LUBRICATION_ISSUE
3643.87,0.7231,918.65,429.14,213.13,24.93,23.8,13.66,30.71,2.238,2.58,-0.51,-25.86,1.395,LUBRICATION_ISSUE
4170.7,0.8767,1078.7,527.62,197.5,27.45,51.23,16.28,47.69,1.076,44.12,26.87,-0.14,0.075,OVERHEATING
3606.24,0.7535,903.18,437.85,185.86,25.32,47.83,14.12,30.91,4.077,-29.22,-1.6,-1.05,3.245,CYLINDER_MISFIRE
3735.66,0.6945,860.65,422.35,177.59,22.72,51.32,13.6,31.76,0.894,-42.84,0.26,0.54,0.024,EXHAUST_LEAK
3625.92,0.6579,879.53,404.96,175.85,24.45,49.08,12.94,30.03,0.806,3.48,-0.67,-1.65,-0.031,NORMAL
3075.21,0.5343,731.86,344.32,154.42,22.51,51.15,10.99,27.55,3.618,-42.46,-0.27,1.78,2.945,CYLINDER_MISFIRE
2833.31,0.3975,676.93,289.3,153.73,20.69,15.71,8.9,28.0,1.709,-3.21,1.22,-34.55,1.109,LUBRICATION_ISSUE
3377.13,0.6246,841.4,385.87,203.49,23.68,18.05,12.37,30.38,1.953,-2.22,-0.3,-31.66,1.19,LUBRICATION_ISSUE
3034.98,0.4093,689.44,303.49,140.26,20.76,52.78,9.7,28.97,0.698,-7.87,5.1,1.42,0.038,NORMAL
4243.45,0.889,1044.76,503.33,200.95,27.2,52.02,16.6,33.2,0.971,-0.79,-4.01,0.07,-0.052,NORMAL
3252.77,0.5131,809.16,367.96,152.09,21.96,50.93,10.81,41.71,0.658,38.68,25.68,0.02,-0.068,OVERHEATING
3024.3,0.4268,736.95,329.91,139.38,21.06,51.61,9.2,43.45,0.63,29.67,25.54,0.63,-0.028,OVERHEATING
3513.71,0.5935,832.42,378.78,167.98,23.3,50.82,12.3,31.42,0.765,0.63,-0.29,-0.33,-0.039,NORMAL
3708.25,0.6755,893.94,413.47,178.0,24.72,49.4,13.14,29.94,0.904,3.25,-0.94,-1.54,0.042,NORMAL
4220.21,0.8863,1095.05,531.07,199.48,27.39,48.56,16.34,39.47,1.054,52.26,25.39,-3.21,0.038,OVERHEATING
3723.62,0.7532,938.08,442.85,220.19,25.58,23.31,14.37,30.36,1.745,-0.01,-0.01,-26.34,0.878,LUBRICATION_ISSUE
3084.73,0.427,761.06,327.99,139.97,21.03,53.42,9.61,43.73,0.707,50.6,21.71,2.06,0.031,OVERHEATING
3836.95,0.8293,953.8,470.55,198.1,26.94,49.61,15.2,32.65,4.71,-35.62,-3.1,0.59,3.809,CYLINDER_MISFIRE
3486.24,0.5939,881.21,400.83,166.3,23.72,50.84,12.09,39.44,0.778,50.55,22.44,-0.13,-0.018,OVERHEATING
3536.92,0.6255,846.0,390.12,172.01,23.91,51.83,12.41,31.3,0.772,-6.13,-1.16,1.1,-0.039,NORMAL
3443.4,0.5731,862.13,389.47,161.7,23.16,50.61,11.81,38.13,0.796,46.12,19.87,-0.46,0.013,OVERHEATING
3894.48,0.8547,973.91,480.79,200.83,26.74,48.05,15.85,31.06,4.984,-33.65,-3.74,-1.11,4.066,CYLINDER_MISFIRE
3044.29,0.424,646.93,308.46,143.67,18.6,52.2,9.6,27.86,0.68,-59.7,4.47,1.04,0.017,EXHAUST_LEAK
3763.06,0.7952,962.65,459.21,219.6,25.89,24.12,14.99,30.26,2.649,-2.64,0.04,-25.03,1.77,LUBRICATION_ISSUE
3261.99,0.6168,806.75,380.16,168.07,24.12,47.75,12.42,29.85,4.675,-26.45,0.24,-1.35,3.946,CYLINDER_MISFIRE
3357.13,0.5433,820.66,380.76,158.0,22.66,53.09,11.25,44.64,0.753,26.79,24.44,2.04,-0.004,OVERHEATING
3788.2,0.7187,920.21,431.48,184.13,25.18,48.95,13.63,30.31,0.838,-0.42,-0.9,-1.73,-0.049,NORMAL
3588.88,0.6192,891.77,409.05,173.24,23.41,51.25,12.26,41.47,0.839,40.82,18.48,0.07,0.012,OVERHEATING
3588.91,0.6121,781.96,384.36,172.24,19.8,50.67,12.27,28.88,0.813,-64.74,-3.66,-0.64,-0.014,EXHAUST_LEAK
3833.07,0.8222,1027.35,472.41,195.94,26.55,50.61,11.13,31.47,0.916,42.35,1.41,1.5,0.016,FUEL_RESTRICTION
3548.83,0.6693,879.45,410.44,201.13,24.72,17.17,13.1,30.49,1.815,0.44,3.03,-32.85,1.001,LUBRICATION_ISSUE
4170.98,0.8853,1072.96,521.84,199.66,27.35,54.05,16.56,50.45,0.981,33.25,18.01,2.68,-0.02,OVERHEATING
3742.68,0.7695,1016.48,449.63,189.55,26.04,48.49,9.31,30.32,0.833,67.68,0.35,-0.99,-0.04,FUEL_RESTRICTION
4071.06,0.8896,1076.83,502.88,199.74,27.23,51.17,10.85,32.46,0.994,39.52,0.49,0.6,0.022,FUEL_RESTRICTION
4296.91,0.9142,1060.55,518.97,199.82,27.85,52.27,16.88,32.7,1.023,-2.84,0.93,-0.1,-0.016,NORMAL
2911.67,0.3677,659.02,280.59,133.46,20.44,52.04,9.05,28.03,0.619,-7.21,0.85,0.73,-0.004,NORMAL
3816.08,0.7309,862.1,437.27,186.49,23.41,52.89,14.27,31.5,0.972,-67.23,-0.34,2.24,0.077,EXHAUST_LEAK
3178.08,0.5254,771.12,342.84,184.33,22.22,14.7,10.82,30.63,2.461,-3.02,-1.64,-35.5,1.757,LUBRICATION_ISSUE
2887.05,0.3509,592.19,276.45,131.3,18.19,50.73,8.41,27.39,0.605,-62.69,3.52,-0.72,-0.011,EXHAUST_LEAK
4282.09,0.9246,1078.05,519.11,199.53,27.61,52.9,17.06,33.01,0.965,9.19,-2.21,0.65,-0.07,NORMAL
2995.73,0.393,689.21,290.31,136.03,20.46,52.81,9.14,27.72,0.668,3.65,-1.03,1.42,0.019,NORMAL
3992.64,0.8741,1073.43,490.31,199.98,26.69,51.47,10.66,32.14,0.954,49.36,-4.13,1.53,0.006,FUEL_RESTRICTION
3512.53,0.6054,840.3,382.71,171.57,23.43,50.66,12.16,29.94,0.828,1.45,-0.6,-0.28,0.025,NORMAL
4136.01,0.9466,1028.93,525.63,201.36,28.36,50.37,17.22,32.81,4.093,-45.8,0.79,-0.72,3.102,CYLINDER_MISFIRE
3041.93,0.5194,727.97,341.89,150.46,22.34,48.93,10.8,30.21,4.704,-35.78,3.64,-0.49,4.042,CYLINDER_MISFIRE
2987.34,0.4697,803.63,318.8,147.2,21.75,47.57,6.86,29.51,0.635,72.41,0.07,-2.39,-0.011,FUEL_RESTRICTION
2998.04,0.4666,802.35,318.0,145.14,21.76,50.03,6.16,30.17,0.699,72.48,0.08,-0.06,0.05,FUEL_RESTRICTION
2865.14,0.3575,662.03,273.72,131.45,19.94,51.78,8.45,27.91,0.56,4.3,-0.92,0.59,-0.049,NORMAL
4184.71,0.9201,1060.28,516.52,222.18,27.71,20.79,17.05,31.92,1.889,-1.04,-0.27,-30.69,0.883,LUBRICATION_ISSUE
3979.33,0.8506,1088.34,486.46,199.85,26.97,50.56,12.09,32.18,0.929,78.98,0.85,0.72,-0.015,FUEL_RESTRICTION
2695.15,0.3603,604.51,270.76,130.07,19.84,48.06,8.45,27.16,4.788,-46.41,0.21,-1.97,4.23,CYLINDER_MISFIRE
3317.8,0.6389,825.11,386.58,171.44,23.69,50.07,12.72,31.61,5.174,-24.14,-2.96,1.0,4.428,CYLINDER_MISFIRE
3620.42,0.6351,868.37,396.98,174.08,23.68,51.84,12.6,29.58,0.913,6.27,-0.28,0.74,0.077,NORMAL
3995.21,0.8019,1029.13,482.17,195.0,26.17,49.4,15.14,45.56,0.965,48.2,13.61,-1.13,0.016,OVERHEATING
3867.37,0.76,948.91,449.7,190.75,25.64,48.51,14.49,31.26,0.944,-0.47,0.08,-1.95,0.034,NORMAL
4011.48,0.8953,995.1,502.34,201.6,27.52,50.93,16.39,32.47,4.525,-42.65,-0.31,0.84,3.572,CYLINDER_MISFIRE
3895.81,0.7794,961.19,456.91,190.47,25.73,49.09,14.72,31.21,0.928,-1.26,-0.56,-1.2,0.009,NORMAL
2951.97,0.3789,616.37,286.08,135.58,18.0,50.59,8.92,29.19,0.664,-58.57,1.11,-0.78,0.028,EXHAUST_LEAK
3585.24,0.6492,872.34,403.57,171.68,24.24,50.55,12.82,30.33,0.863,3.54,2.29,-0.06,0.038,NORMAL
3467.14,0.6689,838.37,405.01,174.28,24.65,48.49,13.15,31.15,4.767,-36.3,0.21,-1.0,3.976,CYLINDER_MISFIRE
2890.11,0.3579,661.75,275.58,133.87,19.71,49.75,8.24,27.3,0.623,2.53,0.05,-1.6,0.006,NORMAL
3903.29,0.8549,973.66,483.95,200.44,26.91,48.52,15.84,31.38,4.437,-34.44,-0.91,-0.71,3.516,CYLINDER_MISFIRE
3155.25,0.5194,843.19,341.71,153.62,22.45,52.63,6.64,27.53,0.716,73.81,0.09,2.47,0.019,FUEL_RESTRICTION
3509.82,0.6618,879.04,402.25,207.68,24.3,27.52,12.76,29.93,1.85,6.47,-1.29,-22.38,1.047,LUBRICATION_ISSUE
3924.92,0.8604,975.05,489.85,199.93,26.97,47.95,15.98,30.46,5.399,-37.45,2.35,-1.45,4.472,CYLINDER_MISFIRE
2887.23,0.4118,693.16,295.25,169.2,20.69,28.01,9.16,28.86,2.333,1.75,0.4,-22.34,1.717,LUBRICATION_ISSUE
3106.86,0.439,716.69,312.03,143.96,21.57,49.63,9.8,28.86,0.672,-2.03,0.79,-1.66,-0.01,NORMAL
2914.07,0.3571,660.85,274.97,134.56,19.79,51.18,8.42,27.87,0.688,0.91,-0.99,-0.33,0.064,NORMAL
4001.27,0.8693,1079.15,491.24,200.55,26.97,50.91,11.19,31.72,0.977,57.48,-1.76,0.9,0.027,FUEL_RESTRICTION
3196.79,0.5491,789.11,356.1,173.63,23.06,27.69,11.28,28.68,2.221,-0.16,2.53,-22.2,1.512,LUBRICATION_ISSUE
4150.9,0.915,1054.0,515.11,220.41,27.55,21.9,16.6,30.75,2.643,-2.53,1.19,-29.31,1.648,LUBRICATION_ISSUE
3308.26,0.5276,819.65,384.57,156.17,22.59,49.52,11.25,39.64,0.74,37.67,35.39,-1.49,-0.002,OVERHEATING
3043.2,0.4152,737.86,324.64,141.42,20.8,54.16,9.33,36.86,0.647,36.58,23.87,2.85,-0.016,OVERHEATING
3718.58,0.7639,1017.26,448.03,189.44,25.82,47.17,9.76,30.74,0.782,72.97,1.45,-2.25,-0.084,FUEL_RESTRICTION
2813.15,0.3141,672.22,278.08,125.53,19.31,53.3,8.23,39.75,0.564,43.11,20.61,1.67,-0.03,OVERHEATING
4165.99,0.9179,1122.14,512.8,200.91,27.82,52.36,13.49,30.86,0.966,63.08,-2.64,1.04,-0.033,FUEL_RESTRICTION
3448.79,0.6507,861.65,399.74,199.51,23.85,25.05,12.74,30.43,2.108,-1.2,2.03,-24.65,1.324,LUBRICATION_ISSUE
3972.84,0.7734,959.17,460.32,191.83,25.84,50.5,15.03,32.06,0.96,-3.54,2.69,-0.4,0.018,NORMAL
3197.32,0.5393,785.92,352.56,184.86,22.4,16.14,11.12,28.58,1.667,2.45,2.48,-33.93,0.958,LUBRICATION_ISSUE
3913.36,0.7807,1003.68,473.55,195.62,25.93,51.23,14.76,45.82,0.935,39.62,15.11,0.84,0.011,OVERHEATING
2686.54,0.3602,606.22,271.79,128.73,20.17,48.46,8.6,27.66,4.885,-44.23,1.52,-1.52,4.329,CYLINDER_MISFIRE
3453.0,0.6382,924.45,391.43,170.13,23.67,52.14,7.74,31.09,0.827,68.91,-1.89,2.19,0.041,FUEL_RESTRICTION
3327.27,0.5912,894.96,369.95,164.16,23.51,50.6,8.4,28.54,0.661,73.91,-2.68,0.62,-0.088,FUEL_RESTRICTION
3729.72,0.6842,827.72,418.99,181.52,22.0,52.92,13.48,30.57,0.916,-69.29,0.79,1.99,0.047,EXHAUST_LEAK
3030.73,0.4245,642.66,301.44,141.27,16.95,50.15,9.66,29.24,0.686,-63.58,-2.3,-0.91,0.027,EXHAUST_LEAK
3779.2,0.7849,1001.17,454.62,195.44,26.11,50.26,11.45,31.2,0.881,41.29,-1.31,0.82,-0.002,FUEL_RESTRICTION
2886.72,0.3605,620.26,276.89,131.65,16.51,49.7,8.57,29.25,0.642,-40.4,0.49,-1.58,0.026,EXHAUST_LEAK
3237.95,0.5879,787.27,367.35,161.1,23.26,49.51,11.77,30.9,3.274,-27.35,-1.43,0.04,2.553,CYLINDER_MISFIRE
2677.79,0.3398,635.21,264.62,154.98,19.82,29.65,8.0,27.84,2.223,-2.58,1.94,-20.64,1.67,LUBRICATION_ISSUE
3229.27,0.4824,751.45,328.8,149.3,22.02,52.43,10.29,29.79,0.716,0.54,-1.74,1.12,-0.003,NORMAL
3572.97,0.7013,945.66,420.59,180.81,24.47,49.11,8.89,30.26,0.782,46.22,0.92,-0.49,-0.04,FUEL_RESTRICTION
3952.48,0.828,1001.06,478.71,224.93,26.73,16.52,15.23,31.1,2.544,6.64,2.06,-33.26,1.608,LUBRICATION_ISSUE
2710.51,0.3231,631.35,259.51,156.89,19.85,30.97,7.89,28.13,2.019,1.95,1.87,-19.83,1.456,LUBRICATION_ISSUE
3196.33,0.5249,776.22,342.98,173.05,22.44,14.71,11.15,28.42,2.372,1.46,-1.87,-35.62,1.663,LUBRICATION_ISSUE
3474.77,0.5789,818.78,374.1,162.66,23.23,49.59,11.79,30.2,0.835,-2.3,1.46,-1.58,0.043,NORMAL
3409.85,0.6603,817.45,399.26,174.16,24.11,50.65,12.83,31.44,3.296,-49.21,-0.74,1.37,2.523,CYLINDER_MISFIRE
3293.57,0.5872,816.27,368.77,184.43,23.24,28.34,11.96,28.93,1.522,-0.73,-1.44,-21.5,0.784,LUBRICATION_ISSUE
3077.91,0.5538,760.7,354.16,157.91,22.49,48.85,11.03,30.96,5.002,-25.49,2.45,-0.19,4.329,CYLINDER_MISFIRE
3731.69,0.7466,931.55,441.53,220.27,25.53,27.02,14.24,30.8,1.875,-2.97,0.82,-22.8,1.005,LUBRICATION_ISSUE
3874.66,0.8194,1027.74,472.48,197.24,26.09,49.08,11.62,30.98,0.925,42.4,1.27,-0.36,0.012,FUEL_RESTRICTION
3760.27,0.8072,944.07,464.74,194.62,26.16,49.16,15.2,31.46,4.815,-28.29,1.33,0.25,3.937,CYLINDER_MISFIRE
2917.07,0.3587,613.37,274.41,133.94,17.89,50.81,8.47,27.85,0.632,-47.7,-2.24,-0.69,0.007,EXHAUST_LEAK
3739.74,0.6822,894.63,420.32,179.58,24.8,51.72,13.24,31.85,0.874,-1.68,2.54,0.69,0.002,NORMAL
4048.91,0.8182,1043.28,489.35,198.79,26.72,48.43,15.6,46.56,0.942,49.94,13.34,-2.16,-0.022,OVERHEATING
3483.39,0.6681,952.5,409.15,176.73,24.22,49.11,7.87,30.16,0.816,77.45,4.12,-0.51,0.021,FUEL_RESTRICTION
2740.5,0.3038,622.43,249.9,122.96,19.37,51.35,7.83,27.62,0.591,3.14,-1.68,0.0,0.019,NORMAL
2808.12,0.3308,596.72,263.88,127.64,15.8,53.73,8.1,26.87,0.605,-42.15,0.55,2.43,0.013,EXHAUST_LEAK
4031.0,0.8736,1027.99,500.45,222.53,27.06,27.93,16.17,30.89,2.354,2.3,5.04,-22.31,1.395,LUBRICATION_ISSUE
3544.25,0.6869,958.7,415.41,177.86,24.6,48.88,9.88,29.83,0.83,69.35,1.8,-0.79,0.017,FUEL_RESTRICTION
2709.19,0.3475,647.99,265.69,157.52,19.79,25.49,8.37,28.22,1.8,4.01,-0.7,-24.87,1.237,LUBRICATION_ISSUE
3520.39,0.6072,784.05,385.49,168.14,19.71,51.78,12.18,29.74,0.831,-56.32,1.27,0.83,0.025,EXHAUST_LEAK
3039.08,0.4147,698.93,299.37,139.2,21.04,52.99,9.34,27.65,0.681,-1.87,-1.11,1.7,0.019,NORMAL
3914.21,0.8015,977.79,466.55,218.34,26.01,27.42,15.35,30.97,2.216,1.16,0.57,-22.59,1.291,LUBRICATION_ISSUE
3945.79,0.7595,990.79,479.63,190.13,25.65,50.86,14.39,45.67,0.944,37.8,27.83,-0.11,0.01,OVERHEATING
2818.25,0.433,656.97,300.0,137.86,20.9,50.39,9.49,29.04,3.592,-43.73,-0.42,0.87,2.997,CYLINDER_MISFIRE
3423.89,0.641,910.49,393.4,172.22,24.27,50.65,7.5,29.27,0.745,54.71,-0.07,0.94,-0.032,FUEL_RESTRICTION
3272.66,0.5653,806.9,362.29,191.78,22.71,24.06,11.65,29.76,2.144,4.11,0.62,-26.04,1.413,LUBRICATION_ISSUE
3621.0,0.6508,868.87,403.28,175.19,24.08,52.51,12.83,29.98,0.848,-2.65,0.37,1.68,0.012,NORMAL
3679.06,0.7266,913.59,434.57,209.74,25.08,19.97,13.89,30.75,2.548,-6.31,2.63,-29.87,1.695,LUBRICATION_ISSUE
3473.0,0.5895,750.2,378.66,165.74,19.48,53.19,11.77,30.43,0.788,-77.17,2.24,2.23,-0.004,EXHAUST_LEAK
2627.2,0.324,625.26,258.5,145.51,19.47,27.39,8.11,28.47,2.284,-0.51,3.04,-22.85,1.746,LUBRICATION_ISSUE
4150.31,0.8672,1067.49,519.92,199.14,27.17,52.69,16.5,49.87,1.07,39.67,23.23,1.48,0.075,OVERHEATING
2589.88,0.3168,616.98,253.08,150.65,19.51,26.04,7.82,28.41,1.325,-2.61,1.33,-24.09,0.798,LUBRICATION_ISSUE
3624.86,0.7151,905.06,424.94,214.38,24.82,33.48,13.78,30.12,2.339,-5.22,-1.23,-16.21,1.501,LUBRICATION_ISSUE
3500.92,0.6808,943.73,409.88,176.44,24.24,50.51,8.86,29.93,0.818,60.2,-0.24,1.01,0.017,FUEL_RESTRICTION
3946.83,0.8056,980.73,470.15,194.13,26.43,50.62,15.39,30.89,0.974,0.02,1.72,0.47,0.04,NORMAL
3148.43,0.5662,755.0,361.25,159.15,22.88,49.59,11.52,29.1,4.901,-42.12,2.98,0.32,4.207,CYLINDER_MISFIRE
3813.31,0.7839,962.84,457.52,220.08,25.72,25.79,14.93,30.95,2.611,1.86,0.93,-23.89,1.717,LUBRICATION_ISSUE
3387.72,0.613,834.24,381.23,195.05,23.74,23.44,12.59,28.95,1.766,-2.92,-1.07,-26.54,1.0,LUBRICATION_ISSUE
3846.0,0.8502,971.82,481.02,200.67,27.01,48.13,15.67,31.7,3.803,-30.58,-0.42,-0.63,2.899,CYLINDER_MISFIRE
2962.93,0.4347,712.27,305.63,171.89,20.86,24.1,9.67,27.49,1.585,3.33,0.26,-26.34,0.946,LUBRICATION_ISSUE
2875.83,0.4369,676.14,302.86,141.1,21.39,47.94,9.28,26.7,3.461,-29.8,-0.71,-1.89,2.849,CYLINDER_MISFIRE
4126.14,0.8602,1058.72,511.56,201.82,26.84,50.86,16.01,48.16,0.967,36.27,18.08,-0.15,-0.021,OVERHEATING
3575.5,0.6801,887.42,412.7,200.86,24.52,21.29,13.36,30.52,1.838,0.62,0.62,-28.71,1.016,LUBRICATION_ISSUE
3155.48,0.5284,849.58,345.88,155.14,22.26,50.37,5.51,29.82,0.716,74.75,0.98,0.37,0.019,FUEL_RESTRICTION
3482.77,0.6618,948.98,401.96,176.24,23.89,50.78,8.01,30.59,0.812,77.74,-0.78,1.06,0.017,FUEL_RESTRICTION
3813.36,0.7202,924.53,432.24,186.46,24.89,50.69,13.93,29.97,0.924,1.71,-1.45,-0.14,0.03,NORMAL
3336.48,0.5852,817.89,370.88,180.56,23.16,22.03,11.85,29.71,1.98,-0.08,0.1,-28.12,1.229,LUBRICATION_ISSUE
3325.01,0.5861,893.63,369.77,165.37,22.9,49.33,8.27,28.18,0.726,75.75,-0.96,-0.74,-0.021,FUEL_RESTRICTION
3397.8,0.5663,812.9,364.69,164.33,23.17,51.23,11.73,29.76,0.776,3.23,-1.11,0.34,0.006,NORMAL
3586.63,0.6276,892.98,418.1,170.08,23.62,53.11,12.6,45.64,0.812,37.07,24.56,2.09,-0.014,OVERHEATING
3433.27,0.6469,911.09,400.25,174.61,24.0,48.8,8.63,31.18,0.698,51.26,4.35,-0.87,-0.082,FUEL_RESTRICTION
3887.5,0.788,973.31,461.69,217.74,26.25,27.25,14.85,31.84,2.467,6.13,1.38,-22.83,1.55,LUBRICATION_ISSUE
2678.81,0.3636,608.71,274.02,131.14,19.76,50.43,8.43,27.4,3.685,-43.4,2.75,0.56,3.131,CYLINDER_MISFIRE
3115.66,0.4616,771.63,333.34,145.47,21.42,50.25,10.4,40.58,0.702,38.91,13.71,-0.69,0.018,OVERHEATING
3530.86,0.6094,842.23,382.37,167.71,23.24,51.81,12.46,28.49,0.863,0.02,-2.96,0.83,0.053,NORMAL
3373.36,0.6128,836.7,385.02,200.68,23.38,26.65,11.92,30.01,2.485,0.33,3.2,-23.24,1.723,LUBRICATION_ISSUE
2937.68,0.3583,711.57,307.58,129.42,20.1,53.71,8.16,38.44,0.625,49.7,30.46,2.07,-0.006,OVERHEATING
4207.76,0.8908,1043.0,507.81,200.49,27.23,52.19,16.51,30.67,0.995,-1.85,0.9,0.53,-0.017,NORMAL
3637.6,0.7575,898.23,444.2,188.71,25.92,48.23,14.09,31.39,3.596,-38.16,2.37,-0.78,2.755,CYLINDER_MISFIRE
2804.57,0.4206,649.88,297.01,138.22,20.89,50.77,9.09,29.29,4.043,-42.68,1.48,1.11,3.452,CYLINDER_MISFIRE
2982.05,0.4375,790.03,304.69,142.97,21.25,52.58,6.14,28.67,0.622,78.4,-2.28,2.07,-0.022,FUEL_RESTRICTION
3972.41,0.8574,1063.4,485.98,201.12,26.68,47.48,10.47,31.04,0.946,50.35,-1.85,-2.3,0.004,FUEL_RESTRICTION
3577.66,0.6324,898.87,421.67,172.16,23.62,50.48,12.78,41.36,0.834,40.57,26.69,-0.39,0.01,OVERHEATING
3251.37,0.4826,792.65,362.52,151.67,21.72,51.11,10.71,43.87,0.728,40.55,31.26,-0.34,0.003,OVERHEATING
3489.17,0.5883,777.54,374.73,167.67,20.94,50.17,11.99,30.84,0.823,-49.91,-1.75,-0.92,0.027,EXHAUST_LEAK
4049.3,0.8993,1099.85,503.35,200.39,27.6,48.42,11.91,32.43,0.966,57.8,-1.89,-1.98,0.002,FUEL_RESTRICTION
3856.81,0.8374,955.36,475.58,200.37,26.2,48.28,15.61,32.86,3.503,-39.93,-1.59,-0.72,2.596,CYLINDER_MISFIRE
3182.4,0.473,672.21,325.0,150.03,19.17,49.15,10.19,28.23,0.696,-70.74,-0.76,-2.02,-0.009,EXHAUST_LEAK
2653.6,0.358,620.5,267.47,129.72,20.25,50.76,8.37,27.09,4.859,-26.97,-1.02,0.96,4.313,CYLINDER_MISFIRE
3759.21,0.799,929.18,456.41,191.51,26.16,50.91,15.17,32.18,3.472,-38.21,-4.02,1.86,2.595,CYLINDER_MISFIRE
3296.27,0.627,802.82,384.25,170.49,23.87,48.5,12.4,29.8,4.141,-38.2,-0.36,-0.64,3.402,CYLINDER_MISFIRE
2823.83,0.3313,586.76,264.39,128.77,17.22,51.19,8.1,28.55,0.545,-53.21,0.4,-0.2,-0.052,EXHAUST_LEAK
3738.14,0.7745,899.5,450.11,192.29,25.94,49.63,14.67,32.21,3.773,-52.1,-0.85,0.27,2.902,CYLINDER_MISFIRE
3078.72,0.4836,744.54,323.31,170.16,21.91,29.58,10.34,29.72,2.04,0.43,-3.16,-20.73,1.367,LUBRICATION_ISSUE
3346.73,0.6417,806.64,389.48,172.45,24.13,49.26,12.57,29.35,3.625,-45.69,-1.92,0.06,2.871,CYLINDER_MISFIRE
3520.56,0.6731,880.15,409.02,198.55,24.49,24.3,13.09,31.32,2.068,0.27,1.09,-25.47,1.262,LUBRICATION_ISSUE
3792.51,0.7356,964.58,458.48,186.67,25.35,49.6,13.85,42.97,0.876,33.61,19.9,-0.82,-0.011,OVERHEATING
3871.36,0.7449,874.52,445.54,190.23,23.67,47.59,14.27,30.41,0.896,-66.0,1.23,-3.16,-0.016,EXHAUST_LEAK
4051.23,0.8905,1100.72,502.85,201.34,27.58,50.36,10.31,32.79,1.021,63.85,0.73,-0.05,0.055,FUEL_RESTRICTION
3819.74,0.733,961.63,453.49,189.89,25.18,50.24,14.15,47.05,0.865,30.83,15.01,-0.39,-0.031,OVERHEATING
3719.11,0.6818,942.38,437.29,176.67,24.92,52.26,13.23,47.15,0.862,47.35,20.26,1.36,-0.004,OVERHEATING
3168.38,0.5227,821.5,346.17,155.42,22.2,52.69,7.61,28.92,0.74,49.45,2.94,2.5,0.039,FUEL_RESTRICTION
3457.41,0.6378,929.48,395.01,170.28,24.18,49.51,8.81,29.38,0.836,73.95,1.7,-0.48,0.049,FUEL_RESTRICTION
3473.89,0.5907,829.27,375.16,164.41,23.59,50.64,12.16,28.98,0.79,1.13,-1.72,-0.31,-0.002,NORMAL
2995.76,0.5011,725.04,330.71,148.75,21.93,48.37,10.12,28.38,3.235,-25.4,0.45,-1.08,2.586,CYLINDER_MISFIRE
3208.63,0.49,783.94,357.03,150.53,21.91,51.34,10.41,40.96,0.687,29.5,24.36,0.3,-0.026,OVERHEATING
3262.6,0.5068,695.13,338.68,154.44,18.41,50.75,10.9,29.23,0.732,-72.09,-1.65,-0.34,0.003,EXHAUST_LEAK
3607.99,0.7103,960.08,425.98,183.33,24.85,48.91,10.57,28.88,0.87,53.52,2.04,-0.76,0.037,FUEL_RESTRICTION
3923.35,0.7554,996.87,476.7,191.54,25.41,51.66,14.47,47.29,0.946,47.44,27.04,0.76,0.019,OVERHEATING
2827.42,0.351,653.48,272.91,128.59,19.85,50.49,8.32,29.22,0.614,1.51,1.73,-0.57,0.016,NORMAL
3693.79,0.6658,916.49,440.08,177.1,24.05,49.87,13.04,39.0,0.851,32.32,29.58,-1.15,-0.007,OVERHEATING
3673.75,0.751,889.25,441.44,183.15,25.4,49.93,14.43,30.5,5.004,-45.04,0.87,0.57,4.152,CYLINDER_MISFIRE
2802.6,0.3088,654.16,284.27,127.5,19.28,52.77,7.94,39.28,0.558,28.72,29.0,1.12,-0.032,OVERHEATING
4053.5,0.9246,1033.22,512.88,199.48,27.97,51.03,16.85,32.56,4.009,-24.21,-1.58,0.61,3.043,CYLINDER_MISFIRE
4120.8,0.9212,1121.8,516.48,200.89,28.03,51.87,12.52,31.74,1.004,63.02,1.2,0.91,0.018,FUEL_RESTRICTION
4131.91,0.8636,1027.03,494.27,199.91,27.19,51.4,15.83,31.01,1.027,2.28,-0.58,0.35,0.037,NORMAL
3664.27,0.7419,931.81,436.45,216.36,25.29,26.44,14.12,29.71,1.945,3.44,-0.56,-23.02,1.095,LUBRICATION_ISSUE
3763.04,0.7097,864.71,429.97,182.67,23.35,48.53,13.69,30.4,0.839,-49.26,1.58,-2.16,-0.04,EXHAUST_LEAK
3655.86,0.7367,1002.76,432.12,186.65,25.29,51.22,9.81,30.66,0.801,77.95,-2.77,1.72,-0.045,FUEL_RESTRICTION
3100.43,0.5139,757.27,338.95,174.8,22.28,16.44,10.87,29.05,2.027,-6.11,0.93,-33.46,1.346,LUBRICATION_ISSUE
3794.71,0.7178,846.66,433.71,181.73,23.14,49.96,13.86,30.29,0.861,-73.73,1.48,-0.79,-0.027,EXHAUST_LEAK
2806.91,0.44,670.6,305.45,143.66,21.45,52.22,9.54,29.16,3.784,-33.73,2.85,2.9,3.191,CYLINDER_MISFIRE
3258.28,0.5765,857.39,368.75,162.6,22.92,51.45,6.41,30.06,0.746,48.61,3.48,1.65,0.019,FUEL_RESTRICTION
3853.09,0.8067,1052.0,468.49,196.04,25.91,50.47,9.14,31.3,0.86,75.33,2.49,0.95,-0.046,FUEL_RESTRICTION
3463.84,0.6673,823.75,404.3,173.52,24.39,51.99,13.11,30.43,3.389,-49.81,0.17,2.49,2.6,CYLINDER_MISFIRE
3296.54,0.5328,833.13,368.96,158.03,22.68,50.58,11.09,46.48,0.737,48.65,18.27,-0.25,-0.002,OVERHEATING
3127.4,0.5557,750.45,355.74,156.53,22.98,49.87,11.19,29.17,3.933,-39.31,1.88,0.54,3.245,CYLINDER_MISFIRE
3840.0,0.8125,1036.69,468.51,195.84,26.18,48.37,12.25,32.76,0.931,57.17,0.8,-0.96,0.029,FUEL_RESTRICTION
3775.48,0.8077,1033.94,467.11,193.59,26.3,48.2,9.44,31.3,0.831,60.57,3.09,-0.81,-0.051,FUEL_RESTRICTION
3635.29,0.6519,869.37,406.89,174.96,24.08,52.37,12.82,29.52,0.79,-3.54,3.15,1.47,-0.05,NORMAL
3474.87,0.5863,826.26,376.11,168.84,23.15,50.65,12.02,30.55,0.732,0.75,0.8,-0.38,-0.06,NORMAL
3183.41,0.4776,745.04,324.54,150.58,21.91,48.76,10.5,28.17,0.739,-0.66,-2.88,-2.34,0.034,NORMAL
3991.3,0.8635,1061.47,489.24,200.31,27.31,50.23,10.87,31.51,0.984,43.79,-1.37,0.3,0.036,FUEL_RESTRICTION
2979.62,0.385,607.02,284.03,135.75,18.02,52.12,9.01,28.52,0.646,-72.94,-3.95,0.68,0.003,EXHAUST_LEAK
2574.2,0.3389,597.35,258.91,126.89,19.95,50.24,8.12,27.21,4.814,-34.7,-0.31,0.61,4.292,CYLINDER_MISFIRE
4072.78,0.8149,996.08,475.32,198.9,26.54,49.44,15.64,32.91,1.018,3.48,-0.23,-1.37,0.047,NORMAL
4238.42,0.915,1006.42,515.57,199.32,25.0,52.7,16.68,31.77,1.039,-54.52,-0.99,0.79,0.018,EXHAUST_LEAK
4121.71,0.8962,1103.81,506.46,200.28,27.63,52.66,11.18,32.46,0.989,60.0,0.17,1.69,0.002,FUEL_RESTRICTION
4402.32,0.9462,1008.74,532.07,201.61,26.14,50.96,17.53,30.82,1.089,-79.08,-0.62,-2.26,0.018,EXHAUST_LEAK
3100.08,0.5173,722.53,338.04,154.61,22.22,50.32,10.85,29.34,3.676,-42.83,-1.17,0.48,2.996,CYLINDER_MISFIRE
4324.53,0.9255,1069.17,522.99,197.95,28.1,53.22,17.17,32.41,1.064,-2.37,0.07,0.62,0.017,NORMAL
2817.21,0.4266,661.45,293.83,140.48,20.75,49.2,9.34,28.41,4.404,-35.35,-4.25,-0.43,3.809,CYLINDER_MISFIRE
3880.51,0.8117,979.54,467.43,226.01,26.53,25.23,15.13,31.15,1.99,-1.49,-1.19,-24.38,1.076,LUBRICATION_ISSUE
4007.08,0.8738,1018.75,494.85,220.34,27.22,29.93,15.93,31.37,2.592,-5.88,0.08,-20.13,1.64,LUBRICATION_ISSUE
2977.61,0.4579,777.01,312.67,144.61,21.29,48.04,6.35,28.9,0.539,53.42,-1.49,-2.07,-0.104,FUEL_RESTRICTION
3262.9,0.508,770.53,340.24,152.67,22.49,52.34,10.54,28.71,0.777,2.56,-0.54,1.28,0.048,NORMAL
3160.68,0.4637,736.87,322.88,146.2,21.75,49.3,10.0,29.74,0.722,0.63,1.14,-1.9,0.024,NORMAL
3585.78,0.7288,868.19,427.03,182.78,25.29,49.89,13.77,30.79,4.468,-48.34,-2.89,0.7,3.642,CYLINDER_MISFIRE
3516.2,0.6735,937.6,409.58,177.59,24.18,50.7,9.13,30.85,0.778,57.71,1.65,0.97,-0.027,FUEL_RESTRICTION
3675.79,0.6522,903.15,421.59,174.87,23.87,52.03,12.86,41.6,0.839,28.03,16.51,0.88,-0.014,OVERHEATING
2900.32,0.4265,697.21,302.62,168.34,21.12,28.03,9.46,28.46,2.244,-3.72,2.06,-22.14,1.624,LUBRICATION_ISSUE
2710.81,0.3599,654.75,269.76,160.89,20.32,17.06,8.41,28.75,2.015,3.25,-1.14,-33.08,1.451,LUBRICATION_ISSUE
3256.52,0.5793,767.1,365.29,163.26,22.93,49.5,11.59,29.74,3.479,-43.33,-0.97,-0.23,2.752,CYLINDER_MISFIRE
4055.53,0.8225,1033.47,499.01,197.81,26.86,51.18,15.54,47.34,0.978,37.18,21.24,0.62,0.011,OVERHEATING
3826.64,0.8227,954.77,472.25,200.27,26.55,52.13,15.04,30.8,4.058,-30.21,1.26,3.06,3.16,CYLINDER_MISFIRE
3851.53,0.8124,982.41,469.36,225.29,26.8,17.07,15.36,32.72,2.035,2.37,1.33,-32.34,1.13,LUBRICATION_ISSUE
3302.33,0.6304,797.22,386.06,168.44,23.64,48.1,12.62,29.62,4.784,-46.14,0.05,-1.01,4.043,CYLINDER_MISFIRE
3616.39,0.7075,907.83,420.66,204.63,24.84,27.38,13.92,30.5,1.966,2.53,-2.52,-22.39,1.131,LUBRICATION_ISSUE
3174.11,0.4512,764.78,333.61,146.82,21.26,50.71,9.93,41.56,0.711,35.36,15.96,-0.8,0.009,OVERHEATING
3566.41,0.7226,886.31,425.04,180.14,24.93,48.81,13.66,29.79,4.634,-25.59,-2.1,-0.37,3.814,CYLINDER_MISFIRE
3510.69,0.6063,843.21,383.39,164.5,23.39,52.1,12.37,29.18,0.781,3.92,-0.18,1.19,-0.023,NORMAL
3653.48,0.6533,871.39,405.33,176.96,24.31,52.46,13.19,29.81,0.87,-3.24,0.55,1.47,0.024,NORMAL
2565.89,0.3278,591.73,258.15,125.05,19.37,51.08,7.88,26.6,4.884,-33.25,3.16,1.3,4.365,CYLINDER_MISFIRE
2816.39,0.3952,757.19,284.9,135.64,20.79,52.23,5.15,27.14,0.582,79.25,-1.86,2.03,-0.012,FUEL_RESTRICTION
3146.03,0.5222,769.26,348.63,170.65,22.3,23.87,10.87,27.79,2.038,-1.36,6.26,-26.18,1.345,LUBRICATION_ISSUE
3566.34,0.6136,783.87,390.01,170.34,20.33,51.25,12.52,29.73,0.833,-62.63,2.12,0.11,0.013,EXHAUST_LEAK
3700.84,0.6741,881.46,414.68,176.4,24.35,51.7,13.39,30.39,0.899,-8.03,0.98,0.78,0.039,NORMAL
3049.24,0.4609,727.23,315.64,170.26,21.64,31.37,9.89,29.01,1.7,-1.76,-1.75,-19.15,1.035,LUBRICATION_ISSUE
2911.67,0.4243,772.99,298.93,141.44,21.16,49.71,4.94,27.94,0.573,72.84,-1.16,-0.58,-0.05,FUEL_RESTRICTION
3759.83,0.7048,938.59,447.33,183.55,24.92,50.43,14.02,39.33,0.891,27.71,20.8,-0.32,0.013,OVERHEATING
3625.13,0.696,897.91,418.09,211.18,24.86,18.5,13.83,32.02,2.357,-0.95,-1.22,-31.54,1.519,LUBRICATION_ISSUE
3663.38,0.7247,917.56,430.53,211.04,24.96,16.2,13.71,30.22,2.266,-0.45,-0.27,-33.56,1.417,LUBRICATION_ISSUE
3835.21,0.7283,863.79,436.3,185.12,21.96,50.93,14.4,29.37,0.875,-64.95,-0.95,0.11,-0.025,EXHAUST_LEAK
3086.01,0.5224,735.28,339.73,153.03,22.13,48.2,11.08,30.31,3.454,-32.44,-0.9,-1.46,2.778,CYLINDER_MISFIRE
3115.93,0.5335,774.67,346.57,185.87,22.49,16.33,11.13,29.08,2.123,-1.21,1.04,-33.32,1.438,LUBRICATION_ISSUE
2859.29,0.452,672.85,305.36,142.13,21.19,48.44,9.8,28.71,3.227,-41.3,-3.13,-1.01,2.619,CYLINDER_MISFIRE
3258.26,0.5696,803.39,361.09,180.37,22.95,28.03,11.8,29.66,2.314,-1.29,-1.72,-21.89,1.587,LUBRICATION_ISSUE
3564.21,0.6414,910.77,413.39,173.67,24.25,50.51,13.1,39.54,0.836,47.73,15.56,-0.11,0.017,OVERHEATING
2964.02,0.4558,791.01,315.58,144.67,21.42,48.35,3.93,28.79,0.612,69.36,2.59,-1.71,-0.027,FUEL_RESTRICTION
3235.39,0.5765,851.72,362.34,161.36,22.8,50.3,6.88,29.71,0.699,44.02,-2.27,0.64,-0.021,FUEL_RESTRICTION
4328.31,0.8996,1055.62,512.99,201.77,27.47,52.68,16.78,31.8,0.994,-0.55,-0.71,0.05,-0.055,NORMAL
4027.3,0.8886,1036.54,504.19,220.38,27.78,24.21,16.44,31.69,2.422,2.03,3.49,-26.0,1.464,LUBRICATION_ISSUE
3790.22,0.7881,1041.6,457.15,192.33,25.89,47.05,11.29,30.8,0.807,79.25,-0.26,-2.4,-0.08,FUEL_RESTRICTION
3144.29,0.5296,851.47,346.0,152.9,22.41,50.91,6.69,29.39,0.61,76.49,1.02,1.0,-0.083,FUEL_RESTRICTION
3841.43,0.8343,943.38,477.37,202.3,26.7,49.81,15.55,29.59,4.977,-49.28,1.78,0.86,4.075,CYLINDER_MISFIRE
3268.91,0.5715,865.08,363.37,162.99,22.97,50.89,8.47,29.11,0.724,58.74,-0.43,0.93,-0.007,FUEL_RESTRICTION
4232.28,0.8947,1074.16,532.31,199.5,27.5,50.38,16.55,47.54,1.043,25.74,23.26,-1.48,0.023,OVERHEATING
2888.58,0.3981,681.85,287.4,161.21,20.4,29.49,9.29,28.35,2.191,-1.42,-2.56,-21.12,1.574,LUBRICATION_ISSUE
3554.45,0.6778,943.94,415.2,173.82,24.45,52.01,8.94,31.36,0.777,59.52,4.54,2.11,-0.039,FUEL_RESTRICTION
2975.69,0.3902,639.9,287.1,136.14,18.02,51.54,9.04,28.72,0.685,-42.99,-2.64,0.22,0.043,EXHAUST_LEAK
2806.17,0.3238,680.25,284.58,127.26,19.59,49.09,8.02,44.36,0.75,45.68,23.83,-2.32,0.158,OVERHEATING
4063.09,0.8681,1025.42,494.67,235.63,27.1,29.06,15.85,32.66,2.507,1.41,0.26,-21.45,1.538,LUBRICATION_ISSUE
4026.91,0.8334,1044.45,509.56,198.13,26.65,51.27,15.65,40.65,0.942,43.05,28.73,1.06,-0.016,OVERHEATING
3258.56,0.4893,800.18,366.64,151.78,21.64,51.82,10.52,41.54,0.726,43.64,32.72,0.44,-0.002,OVERHEATING
3370.5,0.5556,836.54,385.14,159.61,22.89,51.02,11.5,40.13,0.728,34.63,24.0,0.11,-0.033,OVERHEATING
3299.15,0.5624,799.01,362.39,194.92,22.8,21.53,11.77,29.26,1.713,-3.41,0.94,-28.79,0.974,LUBRICATION_ISSUE
3763.01,0.7387,933.32,440.79,215.93,25.38,32.05,14.14,31.28,2.617,1.95,1.97,-18.11,1.738,LUBRICATION_ISSUE
3100.47,0.5002,808.62,333.01,151.27,22.11,50.8,5.45,29.04,0.677,53.45,-0.09,0.65,-0.003,FUEL_RESTRICTION
2975.07,0.3752,712.94,305.24,135.75,20.18,52.65,9.24,36.32,0.675,39.06,20.91,1.07,0.032,OVERHEATING
3624.36,0.6563,872.38,405.44,175.11,24.51,53.09,12.91,30.25,0.845,-2.61,0.44,2.34,0.008,NORMAL
3593.77,0.6124,849.61,388.26,168.91,23.45,48.98,12.19,31.42,0.891,2.47,-0.03,-2.36,0.063,NORMAL
3110.1,0.5003,757.62,335.73,179.73,22.17,25.9,10.37,30.21,1.974,1.91,2.3,-24.31,1.291,LUBRICATION_ISSUE
4075.45,0.8311,1054.06,500.42,201.93,26.62,49.57,15.77,48.9,0.997,51.61,18.95,-1.03,0.025,OVERHEATING
3965.86,0.8467,1004.26,482.65,230.54,26.95,23.31,15.8,31.07,1.939,-2.04,-1.12,-26.42,1.0,LUBRICATION_ISSUE
2881.23,0.4117,689.0,296.78,159.97,20.73,23.19,9.28,28.4,2.236,-2.08,2.13,-27.13,1.622,LUBRICATION_ISSUE
4014.41,0.8357,946.97,478.57,201.92,25.13,50.09,15.7,32.49,0.939,-55.18,-2.72,-0.02,-0.015,EXHAUST_LEAK
3081.41,0.4945,752.41,329.48,171.03,21.51,34.64,10.63,28.59,1.804,1.62,-0.99,-15.49,1.13,LUBRICATION_ISSUE
3296.96,0.5208,700.52,349.59,155.62,18.79,50.75,10.98,30.83,0.75,-76.83,3.18,-0.3,0.01,EXHAUST_LEAK
3572.96,0.7229,879.65,426.24,180.42,25.01,49.65,13.77,31.74,3.356,-32.72,-1.18,0.43,2.534,CYLINDER_MISFIRE
3324.06,0.5348,818.47,379.74,155.54,22.64,50.2,11.19,42.21,0.768,31.39,27.49,-0.78,0.02,OVERHEATING
2903.02,0.4559,775.87,310.93,146.39,21.43,47.98,5.36,28.7,0.595,57.18,-0.29,-1.69,-0.026,FUEL_RESTRICTION
2999.77,0.3942,625.47,291.79,137.63,18.35,53.22,9.32,28.31,0.648,-61.05,-0.12,1.81,-0.002,EXHAUST_LEAK
2683.07,0.3327,698.09,258.87,127.6,19.62,51.43,4.42,27.49,0.579,64.35,-1.37,0.97,0.024,FUEL_RESTRICTION
4333.64,0.9392,1113.95,546.92,200.03,28.3,52.43,17.13,50.17,1.107,33.73,18.79,-0.24,0.057,OVERHEATING
3484.63,0.5812,850.0,395.93,165.91,23.25,51.92,11.86,43.46,0.797,27.07,22.18,0.74,0.002,OVERHEATING
3381.16,0.6384,923.83,389.59,168.91,23.98,50.14,7.16,30.87,0.788,71.74,-1.66,0.66,0.023,FUEL_RESTRICTION
3688.79,0.6703,915.96,431.11,176.99,24.05,51.49,13.05,41.75,0.866,29.34,19.13,0.57,0.01,OVERHEATING
4191.02,0.9431,1075.24,526.82,218.64,28.08,19.95,17.21,32.01,1.988,-0.19,1.56,-31.58,0.981,LUBRICATION_ISSUE
3135.34,0.5298,838.43,345.78,154.57,22.43,47.79,5.25,30.58,0.619,63.79,0.99,-2.05,-0.071,FUEL_RESTRICTION
2988.85,0.4512,792.91,310.95,143.65,21.31,50.1,5.56,26.86,0.628,72.77,-1.14,-0.2,-0.018,FUEL_RESTRICTION
3243.96,0.4831,753.24,329.64,151.72,21.62,49.05,10.59,30.18,0.746,1.19,-1.59,-2.34,0.022,NORMAL
3702.35,0.7511,1018.56,439.42,187.79,25.49,50.7,9.47,31.06,0.861,82.8,-2.03,1.15,-0.0,FUEL_RESTRICTION
2793.43,0.3064,668.91,278.58,121.91,19.3,52.82,7.73,41.32,0.581,45.38,24.46,1.17,-0.007,OVERHEATING
2889.54,0.3591,695.77,297.56,134.49,20.28,50.25,8.73,45.61,0.678,35.82,21.59,-1.06,0.061,OVERHEATING
3692.08,0.7246,916.68,432.35,205.91,24.67,18.86,13.97,29.27,1.903,-2.65,0.75,-31.1,1.045,LUBRICATION_ISSUE
3257.49,0.4969,787.54,362.72,149.42,21.82,51.02,10.49,37.38,0.715,26.5,26.1,-0.2,-0.012,OVERHEATING
3447.85,0.5694,850.97,397.87,159.78,23.04,51.95,11.56,41.62,0.78,36.93,29.44,0.78,-0.004,OVERHEATING
3569.34,0.7047,970.39,422.0,182.24,24.52,49.95,7.52,30.27,0.821,69.1,1.23,0.43,0.0,FUEL_RESTRICTION
3638.16,0.6535,879.78,406.96,173.88,24.07,49.53,12.88,28.7,0.838,5.8,2.57,-1.36,-0.003,NORMAL
3926.99,0.7606,989.31,481.47,190.56,25.91,51.51,14.38,49.16,0.959,36.59,29.84,0.68,0.031,OVERHEATING
2736.73,0.3046,572.77,251.22,125.23,16.61,52.57,7.65,28.99,0.568,-46.82,-0.53,1.27,-0.003,EXHAUST_LEAK
3871.44,0.8066,977.65,464.78,214.61,26.41,22.42,15.02,33.55,2.569,0.11,-1.74,-27.23,1.658,LUBRICATION_ISSUE
3604.78,0.6627,812.47,405.44,173.78,21.35,51.88,13.13,30.21,0.867,-65.39,-1.28,1.38,0.036,EXHAUST_LEAK
3984.55,0.7939,932.89,469.42,194.76,23.4,50.92,15.25,31.56,0.951,-42.7,4.07,0.31,0.005,EXHAUST_LEAK
3931.58,0.8789,986.46,491.2,201.07,27.3,50.39,16.01,31.15,4.264,-37.44,-3.14,0.93,3.335,CYLINDER_MISFIRE
2602.11,0.3134,619.1,253.28,148.98,19.64,28.94,7.78,27.8,1.755,0.95,2.39,-21.33,1.224,LUBRICATION_ISSUE
3236.55,0.5704,876.89,363.14,162.1,22.67,49.82,7.8,31.0,0.724,72.8,0.68,0.05,0.003,FUEL_RESTRICTION
3837.56,0.811,1028.51,466.59,194.81,26.08,48.49,10.06,30.73,0.886,50.0,-0.51,-0.85,-0.015,FUEL_RESTRICTION
2999.39,0.5003,704.61,331.9,151.58,22.02,49.39,10.35,28.53,4.638,-45.53,1.81,-0.1,3.988,CYLINDER_MISFIRE
3707.35,0.7822,909.16,454.46,190.01,25.75,49.66,14.59,31.72,4.114,-45.51,1.66,0.65,3.252,CYLINDER_MISFIRE
3712.65,0.7772,1017.84,451.05,190.57,25.9,50.29,9.45,31.59,0.919,65.87,-0.13,1.15,0.055,FUEL_RESTRICTION
4091.58,0.9446,1041.65,523.08,198.79,28.35,52.91,16.92,33.06,4.523,-29.66,0.29,2.18,3.546,CYLINDER_MISFIRE
3722.82,0.6822,929.11,438.12,179.76,24.54,50.41,13.51,39.61,0.939,33.62,20.83,-0.51,0.072,OVERHEATING
3805.91,0.802,1028.94,463.19,196.05,26.31,49.86,10.02,31.21,0.883,57.42,0.27,0.56,-0.009,FUEL_RESTRICTION
3642.16,0.7373,921.94,433.07,203.06,25.26,14.07,14.03,31.09,1.995,-2.56,-1.63,-35.33,1.152,LUBRICATION_ISSUE
4194.44,0.8603,1059.75,523.91,203.26,27.33,49.55,16.21,44.86,1.041,33.84,28.36,-2.01,0.033,OVERHEATING
2732.8,0.3926,630.87,282.21,134.09,20.65,48.16,8.84,27.36,3.941,-41.35,-1.13,-1.54,3.372,CYLINDER_MISFIRE
3744.52,0.6905,897.56,419.79,180.23,24.84,53.22,13.5,30.57,0.905,-3.96,-1.12,2.31,0.032,NORMAL
4091.58,0.9025,1083.19,506.94,200.53,27.42,51.04,10.87,32.25,1.018,37.13,-0.7,0.31,0.041,FUEL_RESTRICTION
3416.73,0.6192,882.54,385.28,172.26,24.09,51.2,8.88,31.05,0.704,40.19,-0.13,1.14,-0.071,FUEL_RESTRICTION
2753.13,0.3078,658.55,270.31,123.73,19.44,51.02,7.75,38.72,0.594,36.22,16.91,-0.33,0.019,OVERHEATING
3917.73,0.7713,916.92,451.55,195.07,21.73,49.73,14.86,31.37,0.991,-41.72,-3.64,-0.85,0.066,EXHAUST_LEAK
3531.78,0.6311,858.0,394.16,174.49,23.63,50.35,12.6,30.84,0.789,2.74,1.0,-0.25,-0.02,NORMAL
4225.35,0.944,1123.46,527.45,200.19,27.9,51.02,12.29,32.64,1.066,45.79,0.85,-0.78,0.048,FUEL_RESTRICTION
2720.69,0.3347,635.02,260.39,149.18,19.88,27.59,8.15,27.96,1.656,-1.82,-1.72,-23.07,1.09,LUBRICATION_ISSUE
3698.56,0.7591,906.78,444.61,187.44,26.06,50.0,14.69,31.19,3.62,-33.61,0.37,0.62,2.76,CYLINDER_MISFIRE
3048.87,0.4243,741.6,328.08,141.8,21.1,50.49,9.46,42.4,0.704,34.55,23.85,-0.69,0.039,OVERHEATING
3040.66,0.4179,634.53,305.19,140.91,17.33,50.92,9.66,29.31,0.712,-68.24,3.53,-0.32,0.05,EXHAUST_LEAK
2845.78,0.3246,640.85,264.32,127.92,19.76,51.59,8.2,27.43,0.561,3.82,2.11,-0.07,-0.042,NORMAL
3133.81,0.5381,785.49,347.22,176.78,22.77,27.47,10.95,29.12,2.04,5.93,-0.52,-22.22,1.35,LUBRICATION_ISSUE
3598.06,0.7428,876.37,436.22,185.39,25.41,48.49,14.24,31.22,4.166,-49.24,0.86,-0.52,3.336,CYLINDER_MISFIRE
2774.2,0.3851,680.57,281.51,167.0,20.67,21.16,8.77,27.68,1.977,10.81,-0.35,-28.94,1.395,LUBRICATION_ISSUE
3028.47,0.4116,699.1,297.35,140.01,20.69,51.67,9.46,29.26,0.658,0.71,-1.68,0.39,-0.001,NORMAL
2997.92,0.4217,747.33,328.64,139.3,21.1,50.94,9.41,38.43,0.669,44.44,26.9,0.04,0.02,OVERHEATING
2976.35,0.3862,632.01,289.73,136.26,17.58,50.17,8.99,28.71,0.647,-48.55,1.39,-1.22,0.004,EXHAUST_LEAK
3609.86,0.7079,901.05,426.72,212.47,25.05,21.24,13.35,30.36,2.295,-4.18,3.58,-28.48,1.462,LUBRICATION_ISSUE
2941.6,0.4759,705.07,322.05,146.64,21.76,48.17,10.12,28.4,4.342,-27.56,2.47,-1.39,3.71,CYLINDER_MISFIRE
3134.54,0.4587,674.01,321.56,146.89,18.77,51.6,10.23,28.27,0.67,-57.92,2.4,0.48,-0.021,EXHAUST_LEAK
3218.58,0.4751,782.99,348.03,150.39,21.86,49.84,10.52,43.61,0.678,36.98,20.42,-1.53,-0.038,OVERHEATING
3301.63,0.5045,775.14,343.56,152.82,22.1,51.06,10.75,28.94,0.792,7.39,2.9,-0.32,0.051,NORMAL
3104.21,0.4461,647.32,312.58,146.42,18.32,50.98,9.83,28.75,0.718,-75.55,-1.14,-0.17,0.037,EXHAUST_LEAK
4339.37,0.9463,1114.7,551.48,199.47,28.41,52.01,17.21,46.16,1.104,29.93,20.62,-0.71,0.053,OVERHEATING
2803.08,0.3627,653.46,278.05,164.53,20.52,29.13,8.52,27.33,1.646,-4.34,3.37,-21.56,1.055,LUBRICATION_ISSUE
3621.07,0.6606,880.86,409.21,175.03,23.73,50.21,13.07,29.48,0.816,3.46,2.77,-0.43,-0.021,NORMAL
3156.97,0.5587,745.17,357.84,160.5,22.72,49.14,11.29,30.29,4.885,-47.9,1.99,-0.32,4.187,CYLINDER_MISFIRE
3104.9,0.5058,753.5,332.5,183.75,21.89,16.34,10.58,29.71,1.689,-5.19,-2.71,-33.74,1.007,LUBRICATION_ISSUE
3656.07,0.7261,984.08,433.53,184.02,25.16,49.97,8.6,32.52,0.873,65.6,2.44,0.27,0.026,FUEL_RESTRICTION
2955.8,0.3848,708.75,301.48,136.21,20.47,50.15,8.98,39.67,0.692,30.08,14.28,-1.14,0.056,OVERHEATING
3296.48,0.5256,712.86,347.69,154.32,19.62,53.2,11.03,28.5,0.748,-67.32,-0.42,2.24,0.009,EXHAUST_LEAK
3022.9,0.4091,720.28,312.17,138.49,20.57,52.07,9.18,39.57,0.687,23.67,14.2,0.78,0.03,OVERHEATING
3974.86,0.8754,995.88,494.32,198.37,27.58,49.37,15.91,32.04,3.636,-28.1,-0.07,-0.43,2.693,CYLINDER_MISFIRE
2638.2,0.319,624.09,254.68,156.25,19.72,17.44,7.63,27.46,2.179,0.77,0.69,-32.97,1.638,LUBRICATION_ISSUE
3745.65,0.7871,911.05,459.15,187.29,25.7,47.11,14.65,32.24,3.489,-48.47,3.44,-2.07,2.615,CYLINDER_MISFIRE
3428.6,0.5668,811.23,367.37,162.71,22.79,50.45,11.79,29.7,0.86,-0.25,0.47,-0.64,0.082,NORMAL
4181.71,0.8668,976.33,495.72,199.92,25.35,52.16,16.12,31.99,1.008,-52.85,-1.79,0.71,0.004,EXHAUST_LEAK
4271.09,0.9165,994.34,521.63,199.58,25.0,53.13,16.99,32.7,1.059,-69.14,3.54,0.96,0.028,EXHAUST_LEAK
3596.25,0.6369,783.04,400.57,173.56,20.46,49.86,12.89,30.87,0.773,-78.9,3.41,-1.05,-0.055,EXHAUST_LEAK
3679.12,0.674,829.14,412.94,176.54,21.85,51.77,13.2,31.14,0.844,-59.21,-0.07,0.99,-0.01,EXHAUST_LEAK
3944.35,0.7682,1000.73,480.92,191.61,25.75,50.19,14.99,45.13,0.937,42.62,26.06,-0.62,0.004,OVERHEATING
4249.63,0.8782,1082.07,532.68,200.16,27.17,51.94,16.47,47.21,0.966,42.64,29.02,-0.06,-0.059,OVERHEATING
3115.13,0.4329,741.22,334.16,144.38,21.39,51.4,9.7,42.89,0.706,25.72,24.86,-0.05,0.021,OVERHEATING
3623.53,0.7067,903.04,419.37,204.62,24.63,27.47,13.91,31.14,2.158,-2.18,-3.76,-22.36,1.321,LUBRICATION_ISSUE
2593.11,0.347,605.08,264.77,128.79,19.93,47.0,8.32,27.29,3.675,-32.77,2.07,-2.61,3.147,CYLINDER_MISFIRE
3428.51,0.6121,841.11,386.42,195.11,23.45,24.91,12.23,30.43,1.924,2.44,3.21,-25.35,1.146,LUBRICATION_ISSUE
3394.29,0.5602,742.3,366.35,164.52,19.55,51.73,11.39,30.12,0.705,-63.53,2.85,0.76,-0.063,EXHAUST_LEAK
3765.52,0.7943,927.84,457.1,191.59,25.76,49.62,14.74,31.89,5.296,-37.03,-1.83,0.45,4.416,CYLINDER_MISFIRE
2766.53,0.3451,648.04,265.38,148.46,19.8,17.72,8.65,28.75,1.717,2.64,-1.86,-33.05,1.137,LUBRICATION_ISSUE
3088.65,0.4371,720.33,309.14,142.83,21.01,49.86,9.87,30.25,0.661,3.62,-0.88,-1.34,-0.015,NORMAL
3147.35,0.5109,762.88,336.96,180.84,22.21,28.64,10.65,29.15,1.981,-1.05,-1.4,-21.62,1.287,LUBRICATION_ISSUE
2953.86,0.3697,616.99,281.83,135.07,17.64,52.43,8.74,27.9,0.636,-52.51,0.13,0.88,0.0,EXHAUST_LEAK
3465.17,0.6091,865.32,408.11,169.16,23.6,51.27,12.33,42.31,0.838,26.62,24.89,0.71,0.048,OVERHEATING
3004.37,0.4746,802.29,320.6,145.13,21.61,50.01,4.77,26.89,0.667,67.32,-0.37,0.02,0.016,FUEL_RESTRICTION
3605.36,0.6587,912.47,425.56,174.4,24.11,50.75,12.96,41.08,0.876,36.97,20.27,0.17,0.045,OVERHEATING
3015.55,0.3944,623.38,291.73,137.03,18.16,49.59,9.11,29.42,0.663,-64.06,-0.73,-1.91,0.009,EXHAUST_LEAK
3474.19,0.5946,829.06,378.84,166.41,23.32,50.36,12.17,29.02,0.744,-1.44,0.54,-0.52,-0.048,NORMAL
3848.38,0.7568,989.51,466.21,190.87,25.66,52.33,14.69,47.45,0.833,43.04,18.33,1.93,-0.072,OVERHEATING
3625.26,0.7128,913.7,426.68,203.03,25.06,18.2,13.9,31.59,2.291,4.73,1.3,-31.53,1.453,LUBRICATION_ISSUE
3760.67,0.7617,941.71,442.34,211.7,25.74,28.83,14.6,31.5,2.595,-3.36,-4.7,-20.9,1.717,LUBRICATION_ISSUE
2956.47,0.3857,603.46,284.45,136.61,16.82,51.09,8.8,26.87,0.633,-75.81,-3.11,-0.18,-0.004,EXHAUST_LEAK
3392.37,0.6636,815.61,402.47,174.26,24.16,48.21,12.84,30.54,5.144,-52.17,1.81,-0.9,4.377,CYLINDER_MISFIRE
3231.58,0.5394,787.55,352.38,174.47,22.58,24.53,11.33,29.19,1.575,2.35,1.26,-25.77,0.856,LUBRICATION_ISSUE
3295.76,0.5818,813.72,370.13,188.39,23.07,25.12,11.53,29.84,2.108,-0.14,1.82,-24.83,1.369,LUBRICATION_ISSUE
3298.97,0.513,798.78,364.78,154.09,22.14,50.83,10.95,43.23,0.799,26.05,21.14,-0.38,0.059,OVERHEATING
3634.87,0.6415,865.57,395.53,175.38,23.76,52.59,12.99,29.41,0.795,-1.05,-4.44,1.51,-0.045,NORMAL
3612.32,0.7065,904.78,423.8,208.37,24.98,23.72,13.91,30.85,2.463,0.24,1.08,-26.04,1.629,LUBRICATION_ISSUE
3022.67,0.4767,790.84,320.72,148.62,21.48,51.33,5.94,29.16,0.617,53.7,-1.56,1.27,-0.039,FUEL_RESTRICTION
3493.53,0.6573,861.69,400.66,194.13,23.9,20.34,12.75,30.63,1.938,-7.35,-0.76,-29.53,1.14,LUBRICATION_ISSUE
3838.63,0.8488,964.14,479.92,201.0,26.93,48.37,15.83,33.49,5.165,-37.05,-0.79,-0.34,4.264,CYLINDER_MISFIRE
3072.96,0.5161,731.2,339.16,150.69,22.19,49.54,10.73,29.2,5.065,-32.14,1.16,-0.14,4.393,CYLINDER_MISFIRE
4223.64,0.8734,1079.06,520.15,200.05,27.45,52.7,16.63,44.58,0.989,43.82,19.01,0.91,-0.028,OVERHEATING
3755.56,0.8001,927.66,461.58,193.03,26.39,49.94,15.09,30.28,4.933,-40.17,0.88,0.93,4.056,CYLINDER_MISFIRE
3313.48,0.5401,834.18,374.15,158.45,22.62,51.29,11.35,41.72,0.695,44.47,20.33,0.47,-0.049,OVERHEATING
3971.35,0.875,969.65,493.92,200.95,27.13,48.12,15.95,32.28,4.331,-53.91,-0.21,-1.65,3.389,CYLINDER_MISFIRE
3095.05,0.4892,753.24,327.27,181.33,21.85,16.77,10.59,27.93,1.916,4.97,-1.7,-33.54,1.238,LUBRICATION_ISSUE
3730.2,0.6829,942.56,447.75,176.99,24.48,48.83,13.36,48.69,0.889,46.31,30.0,-2.13,0.02,OVERHEATING
2885.89,0.4355,703.79,305.09,164.39,21.27,31.07,9.68,28.21,1.547,-1.81,1.73,-18.85,0.931,LUBRICATION_ISSUE
3701.76,0.7284,980.47,431.87,184.55,25.26,49.31,10.86,30.76,0.904,58.36,-1.4,-0.64,0.044,FUEL_RESTRICTION
2859.54,0.3416,597.08,271.6,128.49,17.67,51.51,8.24,27.63,0.545,-50.83,2.84,0.07,-0.063,EXHAUST_LEAK
3847.23,0.7297,884.26,437.67,187.27,22.82,52.19,14.18,30.54,0.834,-45.91,-0.43,1.31,-0.071,EXHAUST_LEAK
3660.49,0.6577,922.62,424.58,173.87,24.45,50.3,13.1,40.34,0.825,44.96,17.99,-0.65,-0.024,OVERHEATING
3571.89,0.629,787.54,393.2,173.89,20.96,50.27,12.64,28.59,0.864,-68.42,-0.38,-0.63,0.042,EXHAUST_LEAK
3965.01,0.7981,980.01,465.8,196.55,26.23,49.27,15.19,30.59,0.914,2.89,-0.47,-1.14,-0.025,NORMAL
4225.84,0.892,1048.34,508.58,198.49,27.18,53.65,16.79,30.15,0.999,1.85,0.69,1.84,-0.018,NORMAL
3389.59,0.5545,804.08,360.75,160.76,22.6,51.9,11.51,29.21,0.752,1.93,-0.54,0.84,-0.014,NORMAL
3371.16,0.6395,909.5,390.92,169.84,24.09,50.9,7.71,30.11,0.808,57.26,-0.43,1.5,0.046,FUEL_RESTRICTION
3930.22,0.8816,1000.9,498.1,198.79,27.12,50.58,16.19,32.31,5.064,-24.58,2.81,1.14,4.135,CYLINDER_MISFIRE
3010.18,0.4165,702.65,300.47,142.7,20.78,51.58,9.3,28.1,0.657,2.23,0.22,0.51,0.004,NORMAL
3823.69,0.8436,960.0,480.47,199.58,26.45,48.8,15.76,30.65,4.782,-37.33,2.07,0.13,3.885,CYLINDER_MISFIRE
3890.2,0.8103,980.73,468.54,216.54,26.36,20.13,15.2,31.69,2.706,0.04,0.12,-29.57,1.789,LUBRICATION_ISSUE
2967.95,0.3655,667.26,280.28,133.59,20.13,51.19,8.93,26.99,0.612,-0.43,-0.33,-0.52,-0.029,NORMAL
3432.95,0.5898,852.87,395.54,165.76,23.46,52.76,12.09,46.98,0.774,27.33,20.22,2.07,-0.006,OVERHEATING
2772.25,0.379,746.15,279.62,130.09,20.03,50.87,2.64,28.43,0.55,80.15,0.02,0.67,-0.031,FUEL_RESTRICTION
4182.88,0.8763,985.8,499.98,198.46,25.22,52.55,16.4,31.88,1.069,-49.13,-0.98,1.09,0.064,EXHAUST_LEAK
2514.77,0.3244,574.14,250.09,124.61,19.62,49.74,7.74,28.06,4.394,-46.23,-2.14,0.23,3.89,CYLINDER_MISFIRE
3779.03,0.7162,842.47,428.58,187.1,23.25,49.28,14.04,29.97,0.868,-76.19,-2.62,-1.39,-0.016,EXHAUST_LEAK
2905.65,0.3336,650.97,269.99,130.33,19.67,52.41,8.43,27.17,0.604,5.53,2.73,0.53,-0.018,NORMAL
3704.31,0.662,926.37,427.78,175.45,24.16,50.45,12.99,38.24,0.828,43.97,18.34,-0.71,-0.033,OVERHEATING
3515.96,0.724,865.02,427.55,181.85,25.26,49.12,13.74,30.55,4.101,-45.17,1.44,0.3,3.296,CYLINDER_MISFIRE
2917.37,0.4539,768.8,311.6,145.11,21.19,50.12,6.04,27.91,0.544,50.58,0.66,0.32,-0.081,FUEL_RESTRICTION
4177.15,0.8643,1024.68,496.4,203.01,27.29,51.79,16.11,31.97,1.011,-2.75,-0.06,0.37,0.008,NORMAL
2946.57,0.4351,709.67,308.75,163.51,21.0,22.52,9.4,27.44,1.717,1.29,3.72,-27.8,1.083,LUBRICATION_ISSUE
4120.24,0.9324,1142.62,519.42,202.32,28.34,49.82,12.75,31.88,0.98,77.17,0.15,-1.14,-0.006,FUEL_RESTRICTION
3679.92,0.6734,888.38,411.64,178.49,24.36,50.42,13.38,31.22,0.766,0.34,-1.19,-0.38,-0.088,NORMAL
3924.53,0.7722,1009.54,484.4,193.24,25.78,49.26,15.03,47.27,0.908,49.97,28.66,-1.35,-0.019,OVERHEATING
3509.25,0.5971,838.32,383.37,166.32,23.61,49.92,12.04,27.9,0.87,4.62,3.14,-1.14,0.067,NORMAL
3697.47,0.7494,1004.39,441.83,190.26,25.9,50.52,8.56,31.15,0.843,69.87,1.11,0.98,-0.016,FUEL_RESTRICTION
3682.6,0.6664,909.84,439.06,176.56,24.32,51.52,13.53,48.3,0.851,25.86,28.67,0.58,-0.004,OVERHEATING
3831.96,0.7172,959.44,455.4,182.28,24.82,51.33,14.35,41.96,0.89,37.52,22.24,0.33,-0.01,OVERHEATING
4280.29,0.9121,1057.44,518.99,201.62,27.51,53.28,16.94,31.48,0.986,-3.83,2.23,1.04,-0.048,NORMAL
2572.18,0.3092,676.18,250.02,122.98,19.2,48.77,4.05,26.3,0.457,62.05,1.54,-1.39,-0.064,FUEL_RESTRICTION
4074.16,0.85,975.65,489.69,199.29,23.29,51.3,15.76,30.85,1.025,-38.09,1.45,0.71,0.053,EXHAUST_LEAK
4171.21,0.8914,1090.29,527.94,199.98,27.47,52.03,16.6,39.39,0.976,46.88,21.89,0.66,-0.026,OVERHEATING
3816.5,0.7249,925.5,435.77,185.61,25.09,50.97,13.84,30.86,0.914,-0.25,0.32,0.21,0.019,NORMAL
3982.24,0.7893,917.52,461.76,194.76,23.11,51.29,14.89,31.92,0.942,-55.2,-1.87,0.61,-0.002,EXHAUST_LEAK
3848.95,0.8209,1027.05,474.45,197.59,26.39,49.11,9.82,31.7,0.906,42.08,3.47,-0.13,0.001,FUEL_RESTRICTION
3358.16,0.5249,819.23,374.65,156.52,22.25,51.02,11.25,46.37,0.782,36.38,24.94,-0.36,0.024,OVERHEATING
2868.62,0.3639,581.73,275.77,133.79,17.47,50.39,8.48,27.2,0.601,-80.02,-1.28,-0.71,-0.01,EXHAUST_LEAK
3039.89,0.4036,655.46,298.23,138.51,17.46,51.14,9.28,28.55,0.64,-38.72,1.72,-0.35,-0.022,EXHAUST_LEAK
3424.94,0.5634,762.64,364.25,164.36,19.35,51.2,11.87,29.81,0.797,-46.64,-1.32,0.08,0.019,EXHAUST_LEAK
3153.18,0.5339,840.54,344.75,155.02,22.36,51.05,5.48,28.22,0.704,62.54,-2.05,1.16,0.008,FUEL_RESTRICTION
3180.79,0.5521,826.6,353.76,157.72,22.93,48.55,7.9,28.45,0.657,36.28,-0.43,-1.19,-0.047,FUEL_RESTRICTION
3905.58,0.7436,968.69,467.92,188.83,25.49,51.1,14.43,41.62,0.962,27.25,23.06,0.1,0.04,OVERHEATING
3526.93,0.6669,875.75,408.42,200.03,24.45,29.42,13.13,30.07,1.597,-0.74,2.53,-20.5,0.788,LUBRICATION_ISSUE
3489.22,0.6561,923.59,401.93,173.31,24.22,49.81,9.74,30.97,0.8,55.49,1.07,-0.06,0.003,FUEL_RESTRICTION
4038.49,0.8692,1025.97,493.84,222.06,27.12,19.03,16.22,31.92,2.233,2.52,-0.23,-31.28,1.272,LUBRICATION_ISSUE
3134.4,0.5007,752.17,335.02,181.03,21.61,20.55,10.32,28.42,2.457,-4.97,0.74,-29.82,1.766,LUBRICATION_ISSUE
3692.31,0.755,1003.0,446.49,189.25,25.7,47.34,9.5,31.78,0.806,65.38,3.91,-2.07,-0.052,FUEL_RESTRICTION
3221.1,0.5619,865.12,358.28,155.78,23.11,48.73,5.63,28.9,0.708,66.93,-0.63,-1.09,-0.008,FUEL_RESTRICTION
3137.28,0.4518,667.81,318.54,144.85,18.47,49.54,10.14,29.34,0.712,-60.11,1.78,-1.72,0.021,EXHAUST_LEAK
2846.63,0.3946,681.16,287.51,164.67,20.51,23.65,9.13,27.14,2.241,2.08,0.06,-26.75,1.637,LUBRICATION_ISSUE
3738.57,0.7202,847.26,431.08,183.97,21.77,51.25,13.86,31.04,0.87,-71.78,-0.34,0.91,-0.001,EXHAUST_LEAK
3537.98,0.6643,873.95,406.3,195.92,24.32,21.22,12.96,31.31,1.902,-1.51,1.03,-28.82,1.091,LUBRICATION_ISSUE
3955.28,0.8412,1001.67,484.99,226.74,26.48,17.04,15.8,32.29,2.374,-0.83,3.49,-32.6,1.437,LUBRICATION_ISSUE
2698.27,0.3563,705.68,269.82,128.29,19.8,52.16,4.86,27.51,0.632,57.0,0.61,2.04,0.073,FUEL_RESTRICTION
3963.21,0.8628,1090.42,488.87,198.15,27.02,49.38,11.69,32.3,0.956,74.59,-0.63,-0.33,0.017,FUEL_RESTRICTION
3966.08,0.7711,960.4,455.7,194.36,25.83,52.14,14.58,31.38,0.975,-0.56,-0.88,1.24,0.036,NORMAL
3704.49,0.6642,915.76,430.44,175.92,24.34,49.12,13.26,46.12,0.902,32.03,20.21,-2.0,0.041,OVERHEATING
2885.75,0.3524,703.42,294.0,131.03,19.78,52.46,8.6,37.09,0.588,47.7,20.56,1.04,-0.028,OVERHEATING
4095.92,0.8275,937.32,483.35,201.97,24.06,50.71,15.78,32.04,0.974,-63.95,2.59,-0.05,-0.005,EXHAUST_LEAK
2892.86,0.3673,585.85,276.25,133.42,18.07,50.59,9.09,27.33,0.588,-79.16,-2.76,-0.61,-0.03,EXHAUST_LEAK
3118.41,0.4602,762.96,339.62,146.69,21.83,52.08,10.29,42.77,0.646,30.91,20.39,1.1,-0.039,OVERHEATING
3140.22,0.4615,676.1,321.69,147.61,18.99,51.32,10.21,29.4,0.66,-57.82,1.34,0.21,-0.032,EXHAUST_LEAK
4005.87,0.8533,1069.69,487.44,199.04,27.04,50.02,10.35,32.2,1.012,57.44,0.08,-0.03,0.06,FUEL_RESTRICTION
2798.25,0.3866,740.42,280.62,130.9,20.62,50.46,4.59,26.55,0.542,68.54,-2.51,0.23,-0.047,FUEL_RESTRICTION
4399.59,0.9478,1144.29,557.81,202.51,28.11,53.62,17.56,45.75,1.073,55.66,24.63,0.42,0.004,OVERHEATING
2685.79,0.3451,693.3,267.28,125.54,20.26,50.29,4.33,27.47,0.492,51.98,2.49,0.05,-0.064,FUEL_RESTRICTION
4016.96,0.8549,1016.62,487.76,226.01,27.27,28.61,15.84,32.82,2.83,2.81,-0.52,-21.53,1.875,LUBRICATION_ISSUE
4037.97,0.8233,930.61,475.75,201.09,24.13,51.81,15.75,31.92,0.973,-65.26,-1.77,1.39,0.012,EXHAUST_LEAK
4003.14,0.9046,1016.63,507.36,199.88,27.33,49.15,16.52,32.13,5.351,-26.3,1.61,-0.87,4.4,CYLINDER_MISFIRE
2670.59,0.3565,706.67,269.37,126.2,19.81,50.87,2.68,27.73,0.515,59.22,0.9,0.93,-0.036,FUEL_RESTRICTION
4032.29,0.7824,962.96,463.32,193.69,25.94,50.68,15.13,32.16,0.971,-8.11,0.68,-0.44,0.011,NORMAL
4110.95,0.9211,1056.42,514.83,215.74,28.0,27.92,16.61,31.5,1.902,-1.79,-0.09,-22.96,0.918,LUBRICATION_ISSUE
2587.43,0.3372,580.72,258.96,127.49,19.77,49.54,7.71,28.55,4.442,-50.98,-0.06,-0.21,3.916,CYLINDER_MISFIRE
3084.52,0.5532,755.84,353.15,159.11,22.77,48.99,11.12,30.02,4.068,-30.33,1.45,-0.1,3.392,CYLINDER_MISFIRE
3944.14,0.7692,1009.04,474.63,190.23,25.42,50.26,14.68,47.04,0.943,50.29,19.38,-0.53,0.01,OVERHEATING
4196.32,0.892,1040.99,510.56,200.48,27.21,51.04,16.56,33.5,0.965,-4.05,3.54,-0.53,-0.044,NORMAL
3931.6,0.8478,1071.25,481.12,200.1,26.89,51.28,11.96,32.23,0.917,65.97,-2.05,1.83,-0.012,FUEL_RESTRICTION
3095.95,0.5242,737.36,341.86,152.94,22.23,49.73,10.85,29.11,4.416,-31.94,0.28,0.04,3.737,CYLINDER_MISFIRE
4051.21,0.8187,1018.08,495.63,198.52,26.22,50.83,15.64,41.71,0.976,24.28,19.35,0.23,0.011,OVERHEATING
3500.19,0.5744,768.59,370.04,162.77,20.8,51.17,11.68,30.01,0.759,-51.04,-1.73,-0.24,-0.041,EXHAUST_LEAK
3658.24,0.6604,807.79,406.11,175.27,21.85,53.63,13.09,30.14,0.844,-71.34,-1.37,2.73,-0.003,EXHAUST_LEAK
3768.25,0.7042,956.41,449.62,183.95,24.96,51.57,13.69,43.54,0.917,45.49,23.06,0.76,0.036,OVERHEATING
3301.3,0.6236,799.43,387.14,167.16,24.06,48.03,11.8,30.6,3.692,-39.79,3.61,-1.21,2.951,CYLINDER_MISFIRE
3251.32,0.6025,796.03,371.94,165.59,23.71,47.21,11.68,29.58,3.289,-28.05,-2.51,-2.07,2.564,CYLINDER_MISFIRE
3514.87,0.6913,938.32,411.25,177.06,24.52,49.78,8.53,30.41,0.789,47.76,-3.08,0.38,-0.015,FUEL_RESTRICTION
3094.7,0.5059,834.97,335.46,153.08,21.86,50.33,6.06,29.92,0.636,76.71,0.51,0.32,-0.042,FUEL_RESTRICTION
4242.11,0.8903,1050.64,509.36,200.47,27.84,53.27,16.56,31.15,0.983,4.33,1.57,1.33,-0.04,NORMAL
3785.09,0.7762,948.88,451.36,215.99,25.81,26.88,14.79,31.43,2.559,-6.08,-1.62,-22.75,1.673,LUBRICATION_ISSUE
2630.8,0.3507,593.2,263.52,127.41,19.92,51.17,8.05,27.61,3.223,-48.77,-1.66,1.38,2.684,CYLINDER_MISFIRE
3665.15,0.7381,930.17,435.64,206.51,25.49,15.95,13.95,30.28,2.415,4.03,-0.05,-33.58,1.565,LUBRICATION_ISSUE
2964.52,0.4599,723.36,313.19,168.87,21.9,31.67,10.02,28.94,2.029,-0.84,-1.33,-18.32,1.39,LUBRICATION_ISSUE
3592.86,0.6385,911.34,426.01,173.58,23.91,50.76,12.79,39.86,0.805,48.59,28.36,-0.1,-0.023,OVERHEATING
3968.12,0.7997,907.38,469.44,195.28,24.58,49.42,15.14,31.76,0.817,-70.86,2.5,-0.97,-0.123,EXHAUST_LEAK
4224.09,0.8923,963.02,509.5,198.94,24.5,50.98,16.5,32.49,1.003,-83.56,1.55,-0.82,-0.014,EXHAUST_LEAK
4005.7,0.8093,921.2,469.94,197.91,23.03,48.5,15.26,32.13,0.946,-64.64,-1.57,-1.97,-0.006,EXHAUST_LEAK
2533.19,0.3259,680.79,250.68,125.59,19.32,50.3,2.99,26.86,0.49,58.59,-2.64,0.7,-0.02,FUEL_RESTRICTION
4130.48,0.8497,958.32,489.52,200.75,23.53,50.34,15.88,31.64,1.04,-58.03,-0.3,-0.7,0.051,EXHAUST_LEAK
2619.88,0.3271,698.11,255.35,125.96,19.48,49.44,4.66,27.83,0.585,70.83,-1.02,-0.7,0.049,FUEL_RESTRICTION
4127.41,0.8565,946.47,494.56,200.3,24.02,52.57,16.2,31.26,1.036,-73.77,2.42,1.55,0.048,EXHAUST_LEAK
3734.11,0.6998,941.95,446.16,179.99,24.77,50.03,13.76,43.5,0.825,35.35,22.2,-0.65,-0.046,OVERHEATING
2835.44,0.329,673.23,281.52,130.73,19.59,51.33,8.0,45.55,0.656,34.04,18.0,-0.18,0.055,OVERHEATING
3195.87,0.5429,861.06,350.87,154.65,22.7,49.06,7.71,29.86,0.692,75.51,-0.46,-0.94,-0.017,FUEL_RESTRICTION
3922.36,0.8234,1058.29,473.78,196.94,26.04,48.12,10.62,31.56,0.866,68.15,-0.3,-1.56,-0.061,FUEL_RESTRICTION
3609.34,0.7309,974.84,428.62,183.25,25.43,49.04,10.14,31.14,0.824,55.85,-2.78,-0.27,-0.009,FUEL_RESTRICTION
3065.08,0.5093,814.44,335.65,150.15,22.16,49.59,4.91,28.06,0.705,55.59,0.34,-0.16,0.036,FUEL_RESTRICTION
3475.26,0.6902,853.77,412.65,178.38,24.82,47.75,13.31,30.54,4.743,-34.1,-0.07,-1.42,3.951,CYLINDER_MISFIRE
4028.04,0.8678,1019.41,495.1,225.73,27.1,26.56,16.23,33.23,2.347,-2.67,1.86,-23.67,1.388,LUBRICATION_ISSUE
2775.97,0.319,581.88,260.74,125.76,16.15,52.27,7.98,27.65,0.481,-48.3,2.63,0.96,-0.102,EXHAUST_LEAK
2894.98,0.3719,669.29,287.03,135.23,20.19,52.39,8.6,27.36,0.615,1.42,6.3,1.26,-0.003,NORMAL
2895.97,0.4307,757.75,303.08,142.79,21.05,49.0,5.39,28.71,0.652,54.55,1.16,-1.08,0.033,FUEL_RESTRICTION
3241.14,0.4855,783.85,356.15,151.2,21.88,49.81,10.69,34.85,0.756,30.47,24.11,-1.52,0.033,OVERHEATING
3258.34,0.603,791.96,376.46,164.14,23.56,48.59,11.9,29.73,3.803,-32.77,1.63,-0.74,3.075,CYLINDER_MISFIRE
3983.22,0.773,989.68,476.6,193.86,25.81,49.35,14.91,41.15,0.936,26.74,18.84,-1.63,-0.009,OVERHEATING
3896.25,0.7789,990.45,486.74,193.61,25.77,52.31,14.94,45.6,0.92,28.31,29.45,2.0,0.001,OVERHEATING
4115.42,0.8582,1021.25,490.35,200.65,26.86,50.75,16.17,32.5,0.984,0.55,-2.07,-0.17,-0.001,NORMAL
3758.67,0.735,927.36,439.64,183.19,25.05,50.52,14.53,29.79,0.822,-1.56,2.29,0.32,-0.056,NORMAL
2739.87,0.3079,621.63,249.11,127.43,19.07,51.22,7.96,26.77,0.48,-0.09,-3.92,-0.05,-0.092,NORMAL
3959.49,0.7883,972.33,465.6,192.76,26.39,51.67,14.98,32.21,0.894,1.4,3.04,1.12,-0.044,NORMAL
4047.78,0.83,1046.98,506.09,198.59,26.73,51.84,15.7,46.31,0.977,46.61,25.86,1.46,0.012,OVERHEATING
3817.94,0.7414,983.99,460.69,187.38,25.57,47.99,14.25,44.42,0.867,48.27,19.26,-2.49,-0.028,OVERHEATING
3542.7,0.6141,840.72,387.93,168.28,23.31,50.35,12.34,30.74,0.77,-4.88,0.58,-0.62,-0.043,NORMAL
3794.1,0.7828,1014.37,458.02,193.39,26.04,48.49,8.7,31.05,0.846,55.02,2.41,-1.08,-0.042,FUEL_RESTRICTION
2952.86,0.3718,668.38,282.3,131.87,20.33,53.62,9.22,28.05,0.667,-2.32,-0.12,2.12,0.032,NORMAL
3834.2,0.8455,961.97,479.77,201.67,27.01,47.89,15.95,30.14,3.79,-37.05,0.36,-0.81,2.89,CYLINDER_MISFIRE
4259.04,0.9411,1074.81,521.89,223.66,28.42,19.19,17.3,33.13,2.024,-2.78,-4.67,-32.88,0.996,LUBRICATION_ISSUE
3196.0,0.5557,864.22,355.75,158.27,22.69,50.53,7.86,29.8,0.704,70.97,-0.19,0.75,-0.004,FUEL_RESTRICTION
2644.99,0.3327,686.27,261.07,126.53,19.55,50.34,2.75,27.57,0.561,54.41,1.96,0.14,0.017,FUEL_RESTRICTION
3824.95,0.8069,1027.02,468.32,196.0,26.45,50.52,10.42,33.3,0.911,51.62,3.08,1.18,0.013,FUEL_RESTRICTION
2824.95,0.3288,674.6,287.01,126.32,20.09,51.41,8.32,38.02,0.502,36.06,23.89,-0.04,-0.096,OVERHEATING
3787.62,0.7683,948.76,450.44,224.6,25.91,20.15,14.69,30.66,2.408,-1.57,0.24,-29.64,1.521,LUBRICATION_ISSUE
2723.28,0.3922,637.2,282.0,135.14,20.54,49.48,9.1,27.82,4.308,-34.25,-0.87,-0.17,3.741,CYLINDER_MISFIRE
3246.89,0.4821,792.61,354.84,150.44,21.73,50.64,10.39,43.61,0.677,41.01,23.88,-0.78,-0.047,OVERHEATING
2866.27,0.3549,606.43,273.7,129.93,18.06,51.48,8.63,28.31,0.616,-49.79,-0.04,0.24,0.007,EXHAUST_LEAK
2870.64,0.4173,691.99,297.17,161.81,21.05,19.38,9.08,28.87,2.369,-1.94,0.81,-30.76,1.758,LUBRICATION_ISSUE
2875.41,0.4672,685.53,310.94,144.25,21.67,50.64,9.83,29.55,3.549,-38.59,-3.53,1.36,2.936,CYLINDER_MISFIRE
2937.08,0.4863,711.37,324.61,147.78,21.79,48.03,10.13,28.8,4.732,-27.29,1.41,-1.3,4.101,CYLINDER_MISFIRE
3563.4,0.6867,891.53,414.4,202.7,24.37,14.55,13.68,29.41,2.283,1.34,0.29,-35.25,1.464,LUBRICATION_ISSUE
3224.82,0.4919,682.07,332.07,150.54,20.46,49.78,10.5,29.78,0.694,-74.28,-1.74,-1.33,-0.023,EXHAUST_LEAK
3130.62,0.5023,757.72,334.33,176.85,22.17,17.93,10.61,28.85,1.495,-0.18,-0.41,-32.38,0.806,LUBRICATION_ISSUE
3120.17,0.4509,729.04,317.73,145.46,21.14,51.51,9.98,29.06,0.651,2.47,1.78,0.34,-0.035,NORMAL
3935.67,0.7674,951.95,458.49,190.99,25.76,50.98,14.82,29.92,0.93,-5.26,4.16,0.21,-0.0,NORMAL
4126.75,0.8583,1022.39,495.02,199.56,27.26,48.91,16.39,31.91,1.031,1.04,2.21,-2.11,0.043,NORMAL
3677.06,0.7321,916.97,436.49,208.59,25.21,27.53,14.25,32.37,1.808,-6.15,2.61,-22.19,0.955,LUBRICATION_ISSUE
4069.04,0.9068,1051.85,511.03,217.94,27.57,20.14,16.62,31.48,2.046,4.32,2.51,-30.41,1.075,LUBRICATION_ISSUE
3838.93,0.797,1017.83,462.99,194.9,26.46,50.75,10.21,31.27,0.812,47.7,0.9,1.15,-0.09,FUEL_RESTRICTION
3064.0,0.4122,700.51,300.23,141.23,20.37,51.9,9.37,27.63,0.639,-0.01,-0.08,0.4,-0.03,NORMAL
3605.43,0.7523,884.51,437.3,187.7,25.56,48.02,14.22,30.72,3.834,-47.16,-1.7,-0.87,3.003,CYLINDER_MISFIRE
4011.94,0.9047,993.37,503.89,199.0,27.73,51.25,16.38,32.12,4.126,-50.04,-2.16,1.15,3.172,CYLINDER_MISFIRE
3533.05,0.6738,884.6,409.05,210.69,24.36,33.43,13.25,30.45,2.059,3.64,0.47,-16.41,1.249,LUBRICATION_ISSUE
3970.29,0.8944,993.53,498.34,197.58,27.38,50.62,16.53,31.78,3.763,-41.64,-2.76,0.85,2.822,CYLINDER_MISFIRE
3550.87,0.7014,870.42,421.16,180.57,24.89,49.88,13.73,30.48,3.506,-27.94,2.15,0.43,2.69,CYLINDER_MISFIRE
2806.53,0.3421,595.76,270.3,127.23,18.4,51.5,8.18,29.37,0.638,-49.84,2.95,0.41,0.046,EXHAUST_LEAK
4271.75,0.908,983.01,517.4,198.18,25.53,53.47,16.67,32.22,1.029,-75.4,2.36,1.29,-0.002,EXHAUST_LEAK
3344.06,0.5358,750.19,353.57,158.23,20.44,49.08,11.35,30.34,0.782,-38.47,0.38,-2.01,0.029,EXHAUST_LEAK
3126.51,0.5339,829.48,349.4,154.14,22.4,49.67,6.98,28.7,0.695,52.79,3.39,-0.04,0.007,FUEL_RESTRICTION
4199.03,0.8831,1041.82,505.53,199.61,27.17,50.46,16.57,30.83,1.077,2.03,1.65,-1.13,0.067,NORMAL
3609.66,0.6902,896.17,418.1,208.06,24.61,20.36,13.47,29.83,1.853,1.6,1.35,-29.68,1.02,LUBRICATION_ISSUE
3315.09,0.5413,752.04,354.82,160.81,20.4,47.97,11.41,30.12,0.773,-38.48,0.5,-2.84,0.028,EXHAUST_LEAK
3803.31,0.7641,945.21,452.87,217.02,25.64,26.89,14.67,31.57,2.468,-3.43,3.69,-23.08,1.577,LUBRICATION_ISSUE
3798.05,0.8107,932.04,466.62,194.65,26.22,49.49,14.68,31.88,4.299,-44.29,0.83,0.39,3.409,CYLINDER_MISFIRE
3058.41,0.4215,747.44,329.84,139.26,20.64,48.64,9.65,46.31,0.701,41.62,26.34,-2.66,0.034,OVERHEATING
2578.79,0.3117,618.97,250.94,143.51,19.35,25.0,7.72,28.15,1.518,3.02,1.37,-25.15,0.995,LUBRICATION_ISSUE
2939.44,0.4479,773.53,312.33,143.03,21.02,49.51,5.25,28.71,0.562,57.82,2.9,-0.54,-0.07,FUEL_RESTRICTION
3156.44,0.5415,852.82,349.67,160.1,22.97,49.52,6.8,29.59,0.65,70.1,0.04,-0.25,-0.047,FUEL_RESTRICTION
3692.69,0.6854,932.97,437.57,177.2,24.57,49.8,13.29,44.28,0.889,37.12,20.06,-0.86,0.031,OVERHEATING
2732.7,0.3416,687.28,264.85,128.85,19.65,49.21,4.53,27.89,0.596,45.72,-0.09,-1.4,0.026,FUEL_RESTRICTION
4074.65,0.8998,1114.15,510.4,199.34,27.52,53.12,13.18,32.06,0.941,70.54,4.23,2.53,-0.031,FUEL_RESTRICTION
3534.6,0.6277,850.81,389.81,170.51,23.67,51.06,12.68,30.49,0.794,-2.54,-2.2,0.38,-0.016,NORMAL
2681.73,0.3424,695.62,265.49,127.6,20.28,50.2,2.27,28.01,0.538,56.09,1.77,-0.07,-0.017,FUEL_RESTRICTION
3054.45,0.4253,646.31,304.91,140.4,16.78,52.01,9.61,27.91,0.66,-61.6,0.16,0.81,-0.006,EXHAUST_LEAK
3762.55,0.712,840.32,427.72,183.06,22.92,49.76,13.69,31.09,0.894,-74.99,-1.46,-0.88,0.016,EXHAUST_LEAK
3196.93,0.5686,769.3,360.66,160.94,23.01,50.64,11.77,29.09,4.517,-31.69,0.06,1.09,3.808,CYLINDER_MISFIRE
3349.13,0.5244,812.39,366.03,156.43,22.55,51.81,11.11,42.28,0.717,30.3,16.78,0.48,-0.038,OVERHEATING
3442.94,0.6366,856.17,390.12,189.96,23.78,20.16,12.85,30.35,2.142,2.07,-2.34,-29.76,1.359,LUBRICATION_ISSUE
4103.08,0.9201,1118.92,512.49,199.98,27.56,52.38,13.58,31.58,1.03,61.71,-1.83,1.56,0.049,FUEL_RESTRICTION
2876.56,0.3425,606.24,270.59,132.17,17.55,51.49,8.43,28.39,0.675,-43.1,0.98,-0.04,0.062,EXHAUST_LEAK
3568.03,0.625,900.05,415.35,167.58,23.76,51.56,12.48,40.83,0.795,46.63,23.3,0.62,-0.025,OVERHEATING
3665.5,0.7282,914.22,431.15,204.08,24.89,13.66,13.9,30.25,1.848,-6.0,-0.98,-36.06,0.998,LUBRICATION_ISSUE
3831.17,0.8024,1025.22,464.11,193.35,26.16,48.28,11.13,31.31,0.908,52.23,0.32,-1.18,0.009,FUEL_RESTRICTION
2816.1,0.383,673.12,278.54,154.21,20.17,29.03,8.77,27.65,1.421,2.5,-3.83,-21.38,0.826,LUBRICATION_ISSUE
3044.18,0.537,750.64,343.7,154.52,22.86,49.64,11.11,29.24,3.607,-23.79,-0.96,0.52,2.944,CYLINDER_MISFIRE
4402.22,0.942,1033.14,532.93,199.99,24.12,52.94,17.28,30.14,1.064,-52.16,1.75,-0.27,-0.006,EXHAUST_LEAK
2899.88,0.4681,694.17,315.09,145.67,21.43,49.59,9.81,28.82,4.7,-31.7,-0.43,0.17,4.08,CYLINDER_MISFIRE
3743.2,0.7106,949.93,447.55,183.19,24.84,53.03,14.11,44.65,0.951,36.41,19.44,2.49,0.078,OVERHEATING
2715.9,0.3541,696.09,270.04,128.09,20.0,49.13,2.06,26.7,0.556,47.81,1.07,-1.14,-0.009,FUEL_RESTRICTION
2964.88,0.3954,619.12,289.91,136.26,18.73,53.15,9.1,28.07,0.653,-66.36,-1.37,2.0,0.013,EXHAUST_LEAK
4063.12,0.8924,1039.68,500.77,218.04,27.81,27.25,16.56,31.76,2.024,1.11,-2.37,-23.25,1.055,LUBRICATION_ISSUE
2813.97,0.4031,645.2,295.34,137.67,20.41,50.35,9.07,28.58,4.263,-37.33,5.82,0.31,3.669,CYLINDER_MISFIRE
3236.8,0.5785,780.97,365.02,161.0,23.01,50.66,11.37,30.04,5.158,-28.0,-0.36,1.04,4.437,CYLINDER_MISFIRE
3200.96,0.5463,787.21,351.97,183.55,22.39,31.08,10.92,29.64,1.723,-0.64,-0.73,-18.89,1.012,LUBRICATION_ISSUE
3790.78,0.7881,1011.24,457.65,192.81,26.04,48.78,10.85,32.09,0.882,48.85,0.21,-0.68,-0.005,FUEL_RESTRICTION
3515.81,0.6866,957.17,414.11,176.94,24.57,51.56,9.24,29.99,0.79,69.39,1.44,2.07,-0.014,FUEL_RESTRICTION
3390.31,0.5516,751.54,360.04,162.4,19.29,49.34,11.25,28.54,0.794,-48.95,-0.25,-1.77,0.027,EXHAUST_LEAK
3960.65,0.7742,963.47,455.47,192.4,26.03,51.76,15.06,31.46,1.073,0.89,-2.08,0.95,0.135,NORMAL
2852.77,0.3829,672.57,278.08,168.27,20.61,17.0,9.02,26.73,1.539,0.17,-5.36,-33.65,0.934,LUBRICATION_ISSUE
2844.64,0.3416,642.42,268.39,129.27,19.47,50.63,8.4,26.82,0.554,-4.79,0.07,-0.71,-0.05,NORMAL
3316.29,0.5121,816.2,371.27,153.9,22.21,52.82,10.97,42.02,0.727,43.14,27.44,1.48,-0.018,OVERHEATING
3068.93,0.4431,656.31,314.83,143.84,18.87,50.56,9.68,28.58,0.703,-63.0,3.24,-0.41,0.032,EXHAUST_LEAK
3249.7,0.6047,780.76,376.5,164.17,23.48,49.46,12.04,29.32,3.244,-44.54,1.32,0.23,2.519,CYLINDER_MISFIRE
3445.29,0.6941,838.91,408.99,177.16,24.59,51.37,13.37,30.39,3.835,-49.81,-4.25,2.47,3.052,CYLINDER_MISFIRE
2922.77,0.4448,752.55,307.57,141.68,21.32,50.56,4.49,28.88,0.659,39.56,-0.23,0.57,0.032,FUEL_RESTRICTION
3504.36,0.6861,885.18,413.97,205.84,24.53,25.1,13.18,31.61,1.898,-1.72,1.83,-24.33,1.097,LUBRICATION_ISSUE
2936.9,0.4314,757.45,304.98,140.88,20.96,50.84,3.48,27.95,0.674,51.77,1.57,0.51,0.043,FUEL_RESTRICTION
2677.97,0.3573,605.99,268.47,131.15,20.06,51.78,8.17,27.76,3.891,-42.28,-0.49,1.8,3.338,CYLINDER_MISFIRE
3619.4,0.651,902.83,425.1,175.67,24.04,51.66,12.85,42.1,0.784,31.28,22.17,0.86,-0.052,OVERHEATING
3218.85,0.5014,696.18,339.77,152.12,18.59,51.34,10.73,28.08,0.689,-65.58,2.71,0.44,-0.026,EXHAUST_LEAK
4210.35,0.9491,1080.03,528.47,222.12,28.05,20.54,17.03,32.41,2.419,0.03,0.47,-31.14,1.406,LUBRICATION_ISSUE
3840.1,0.7317,976.64,455.72,187.24,25.38,51.02,14.19,42.4,0.811,45.59,17.09,0.23,-0.091,OVERHEATING
3888.7,0.8262,1044.73,474.29,200.03,26.64,48.53,12.18,32.32,0.867,54.55,0.19,-0.88,-0.05,FUEL_RESTRICTION
3060.94,0.4262,733.71,324.37,142.98,20.74,53.09,9.39,42.16,0.737,24.96,19.12,1.86,0.069,OVERHEATING
3905.1,0.7692,914.48,452.55,192.24,22.4,49.75,14.92,30.31,0.943,-42.3,-1.51,-0.79,0.021,EXHAUST_LEAK
2902.88,0.4368,708.63,306.14,173.02,20.87,15.81,9.45,26.98,2.361,1.43,1.81,-34.19,1.74,LUBRICATION_ISSUE
3981.71,0.8805,1000.09,499.36,198.36,26.95,48.59,16.26,32.38,5.078,-27.3,2.93,-1.26,4.134,CYLINDER_MISFIRE
3455.99,0.6729,931.85,411.79,175.62,24.49,49.3,7.53,29.89,0.8,55.32,5.88,-0.05,0.013,FUEL_RESTRICTION
2701.25,0.339,640.68,259.91,146.18,19.69,24.64,8.06,27.63,1.88,2.21,-3.18,-25.81,1.32,LUBRICATION_ISSUE
3186.84,0.5303,781.87,348.72,188.11,22.5,21.06,10.89,28.51,2.042,4.38,2.23,-29.11,1.336,LUBRICATION_ISSUE
3512.52,0.666,868.46,404.49,201.07,24.16,23.53,12.77,30.43,1.982,-6.77,-0.65,-26.31,1.178,LUBRICATION_ISSUE
4255.89,0.9008,1100.9,538.01,199.31,27.68,52.46,16.79,47.82,0.97,47.65,26.06,0.41,-0.057,OVERHEATING
3289.36,0.5206,802.64,368.93,152.95,22.3,50.33,11.14,45.97,0.715,25.78,22.82,-0.68,-0.022,OVERHEATING
3182.38,0.5356,832.71,347.95,155.15,22.77,50.88,6.81,29.57,0.717,52.24,-0.33,0.83,0.012,FUEL_RESTRICTION
3123.29,0.518,715.53,338.96,155.3,22.34,50.93,10.73,29.92,4.782,-51.41,-1.2,0.96,4.095,CYLINDER_MISFIRE
3414.71,0.5704,744.03,364.7,161.35,19.2,51.27,11.87,30.4,0.79,-68.97,-3.1,0.34,0.016,EXHAUST_LEAK
3455.75,0.5489,728.73,360.55,159.81,20.73,50.29,11.63,30.09,0.813,-73.42,-0.74,-1.29,0.027,EXHAUST_LEAK
3438.62,0.584,822.83,373.74,164.53,23.29,50.14,11.94,30.13,0.778,0.47,0.33,-0.7,-0.003,NORMAL
3422.73,0.6826,832.75,410.3,173.44,24.6,47.23,13.11,30.59,3.919,-47.96,1.87,-1.73,3.142,CYLINDER_MISFIRE
3423.24,0.5408,794.71,356.13,155.84,22.74,50.33,11.39,30.1,0.738,-0.93,-1.25,-1.19,-0.039,NORMAL
3416.1,0.5703,814.27,368.25,160.7,22.91,52.02,11.75,30.09,0.845,1.26,0.44,1.08,0.071,NORMAL
4368.12,0.9271,1115.66,554.68,200.36,27.88,52.91,17.05,40.46,0.967,40.97,29.87,-0.03,-0.093,OVERHEATING
3679.97,0.7437,1005.19,441.23,185.0,25.24,51.31,10.54,30.95,0.919,74.98,3.1,1.78,0.065,FUEL_RESTRICTION
4047.4,0.9281,1033.86,512.93,197.82,28.21,51.12,16.86,32.16,3.692,-25.38,-2.62,0.74,2.728,CYLINDER_MISFIRE
3525.45,0.7072,871.39,420.04,182.61,24.99,48.97,13.66,30.47,4.647,-29.23,-0.33,-0.21,3.839,CYLINDER_MISFIRE
2654.91,0.3375,632.35,261.45,146.24,19.52,18.38,8.06,26.45,2.253,-2.91,0.3,-31.8,1.707,LUBRICATION_ISSUE
2714.39,0.3492,695.81,268.23,129.47,19.8,49.6,4.12,27.23,0.498,50.57,1.09,-0.76,-0.067,FUEL_RESTRICTION
3106.66,0.4315,710.94,306.96,142.29,20.76,51.45,9.84,27.73,0.743,-3.27,-1.57,0.02,0.061,NORMAL
4270.67,0.9068,1088.27,541.53,197.87,27.77,52.46,16.71,47.94,0.964,30.67,26.97,0.29,-0.067,OVERHEATING
3565.64,0.679,887.23,412.24,199.3,24.32,20.45,13.24,29.73,1.647,1.57,0.85,-29.51,0.827,LUBRICATION_ISSUE
3585.43,0.7357,876.7,432.08,183.98,25.3,48.53,13.93,30.27,4.831,-44.01,-0.35,-0.53,4.006,CYLINDER_MISFIRE
3704.75,0.6528,922.4,431.0,177.66,23.95,53.34,13.03,45.91,0.861,45.46,24.84,2.01,-0.0,OVERHEATING
3186.23,0.4847,745.76,331.95,146.68,21.88,49.94,10.37,28.16,0.764,-4.39,1.87,-1.04,0.058,NORMAL
3884.93,0.743,968.11,473.66,187.47,25.33,51.11,14.27,43.52,0.886,28.04,29.61,0.23,-0.03,OVERHEATING
3465.42,0.5776,856.36,391.85,165.4,23.18,51.58,12.0,41.07,0.774,36.51,19.94,0.45,-0.015,OVERHEATING
3269.41,0.5294,711.92,348.37,156.13,20.41,49.51,11.03,30.07,0.765,-69.21,-0.3,-1.21,0.034,EXHAUST_LEAK
3747.51,0.7594,947.37,440.21,209.7,25.77,18.06,14.41,30.16,2.053,4.37,-5.59,-31.63,1.179,LUBRICATION_ISSUE
3636.07,0.7092,903.62,423.39,205.54,25.06,21.84,13.97,30.67,2.114,-3.71,-1.0,-28.03,1.274,LUBRICATION_ISSUE
3145.75,0.5568,751.32,355.29,159.5,22.53,49.61,11.39,29.74,4.055,-40.06,0.46,0.18,3.361,CYLINDER_MISFIRE
4375.09,0.9241,1108.35,546.53,198.81,27.65,54.77,17.4,42.47,1.114,35.16,22.61,1.77,0.052,OVERHEATING
4104.03,0.8358,960.06,482.46,198.45,25.42,50.49,15.74,31.51,0.923,-46.62,-1.55,-0.34,-0.058,EXHAUST_LEAK
3244.54,0.5037,765.22,339.05,154.16,22.02,51.49,10.73,29.24,0.7,0.79,0.39,0.47,-0.023,NORMAL
3444.67,0.5768,820.02,369.7,160.43,23.0,52.19,11.8,31.0,0.801,1.7,-1.3,1.18,0.017,NORMAL
4107.02,0.8383,1054.94,513.06,199.52,26.77,52.24,15.95,49.19,1.013,46.63,28.07,1.39,0.031,OVERHEATING
2879.13,0.4129,752.63,292.96,138.94,21.1,50.4,4.59,29.78,0.653,60.91,-2.07,0.12,0.04,FUEL_RESTRICTION
3474.92,0.6521,923.97,400.69,174.29,24.15,50.02,7.79,31.1,0.804,58.97,1.69,0.17,0.011,FUEL_RESTRICTION
2922.22,0.3825,699.27,305.42,135.96,20.33,50.31,8.47,40.61,0.655,23.65,20.05,-0.8,0.029,OVERHEATING
4179.7,0.9342,1073.4,522.82,223.8,28.23,17.1,16.97,33.11,2.297,3.93,1.13,-34.33,1.293,LUBRICATION_ISSUE
3923.41,0.8309,1063.62,475.49,201.46,26.48,48.6,10.53,31.29,0.933,68.9,-1.34,-0.95,0.006,FUEL_RESTRICTION
2732.43,0.3568,693.13,270.22,129.63,20.04,52.14,4.9,28.36,0.482,42.45,-0.19,1.81,-0.088,FUEL_RESTRICTION
4328.67,0.9383,1082.33,528.42,202.32,28.15,51.38,17.43,32.05,1.06,2.9,0.76,-1.24,0.012,NORMAL
2888.79,0.3608,689.51,298.64,133.38,19.85,51.09,8.59,37.46,0.625,28.61,22.1,-0.19,0.008,OVERHEATING
3968.39,0.8506,1007.99,485.3,234.92,26.9,20.35,15.89,32.2,2.681,-0.81,0.03,-29.4,1.74,LUBRICATION_ISSUE
2610.53,0.3135,620.44,252.69,152.9,19.22,30.13,7.59,27.46,1.826,1.83,1.53,-20.19,1.293,LUBRICATION_ISSUE
3617.07,0.6618,875.28,406.0,175.93,24.39,50.34,12.96,31.0,0.864,-2.63,-0.76,-0.26,0.029,NORMAL
4146.52,0.8583,959.3,493.48,199.64,25.27,51.43,16.19,32.99,1.048,-62.99,0.11,0.26,0.054,EXHAUST_LEAK
3759.44,0.7013,839.32,425.6,177.99,22.8,50.83,13.96,32.05,0.872,-69.46,0.34,0.02,-0.006,EXHAUST_LEAK
2686.41,0.3294,633.07,260.66,145.13,19.5,26.51,8.29,26.4,2.113,1.14,1.51,-24.03,1.557,LUBRICATION_ISSUE
3180.04,0.5437,785.38,346.69,182.41,22.44,31.0,11.4,29.32,2.543,0.18,-4.43,-18.88,1.839,LUBRICATION_ISSUE
3757.37,0.6949,925.57,441.97,178.26,24.63,51.43,13.66,44.61,0.921,20.76,19.08,0.51,0.043,OVERHEATING
3787.98,0.7911,1004.36,461.33,194.03,26.24,49.66,10.21,31.89,0.802,40.28,2.88,0.28,-0.084,FUEL_RESTRICTION
3709.68,0.7765,1031.03,450.59,187.7,26.11,49.18,11.12,29.99,0.884,79.64,-0.24,0.04,0.021,FUEL_RESTRICTION
4046.7,0.882,1087.08,500.77,199.05,27.3,50.43,11.34,32.11,0.925,55.53,1.85,0.06,-0.039,FUEL_RESTRICTION
2985.51,0.4678,805.5,319.9,143.95,21.21,49.69,5.52,28.8,0.598,75.52,1.91,-0.29,-0.047,FUEL_RESTRICTION
2656.35,0.3136,674.91,249.85,123.74,19.37,51.76,3.58,28.37,0.562,53.95,-2.73,1.14,0.015,FUEL_RESTRICTION
4085.29,0.9154,1012.92,512.79,200.14,27.59,49.01,16.9,31.15,3.989,-40.6,0.67,-1.68,3.013,CYLINDER_MISFIRE
4202.04,0.8521,955.68,493.56,195.66,24.88,51.87,16.08,31.79,1.014,-65.7,0.73,0.25,0.004,EXHAUST_LEAK
4071.29,0.8698,1024.79,493.38,223.79,27.19,28.76,16.24,32.03,1.848,-0.64,-1.87,-21.81,0.877,LUBRICATION_ISSUE
2945.51,0.3649,698.65,293.58,133.96,19.85,53.69,8.77,44.55,0.624,32.42,13.84,2.11,-0.01,OVERHEATING
4015.11,0.8627,1060.12,488.89,202.43,26.86,48.71,11.43,32.59,0.888,41.76,-2.12,-1.41,-0.067,FUEL_RESTRICTION
2672.92,0.3425,640.8,265.47,152.12,19.86,21.5,8.18,28.37,1.604,1.65,1.98,-28.71,1.052,LUBRICATION_ISSUE
3451.52,0.5794,848.36,385.04,164.32,22.85,51.2,12.1,43.82,0.739,28.14,12.91,0.2,-0.047,OVERHEATING
3613.44,0.6332,857.61,395.01,172.89,23.9,51.51,12.8,30.57,0.878,-3.0,-1.36,0.42,0.044,NORMAL
3581.78,0.7074,953.33,425.58,181.86,24.83,49.74,7.82,31.4,0.722,49.8,3.46,0.19,-0.102,FUEL_RESTRICTION
3194.27,0.5628,849.21,360.73,156.59,22.77,50.47,6.35,30.71,0.735,51.83,2.3,0.84,0.027,FUEL_RESTRICTION
3883.66,0.8301,1034.49,473.03,196.48,27.22,49.85,10.04,30.97,0.965,42.27,-2.3,0.55,0.05,FUEL_RESTRICTION
3842.03,0.8523,975.94,483.09,199.42,26.51,47.78,15.75,32.53,3.73,-27.56,0.99,-0.96,2.827,CYLINDER_MISFIRE
2954.3,0.4569,777.45,313.5,145.93,21.27,51.48,5.03,29.79,0.591,55.57,0.37,1.5,-0.046,FUEL_RESTRICTION
4177.34,0.8576,1066.58,513.9,199.6,26.95,52.09,15.93,43.17,1.013,43.13,19.83,0.67,0.01,OVERHEATING
3092.11,0.4401,648.68,312.49,145.67,19.06,53.34,10.0,28.02,0.633,-69.98,1.29,2.17,-0.045,EXHAUST_LEAK
3914.45,0.762,884.75,454.46,191.74,24.14,49.96,14.76,30.07,0.835,-68.15,2.72,-0.77,-0.089,EXHAUST_LEAK
3983.24,0.8412,1005.96,482.44,232.75,26.42,23.39,15.63,32.97,1.78,2.07,0.1,-26.48,0.835,LUBRICATION_ISSUE
3324.99,0.5128,723.51,342.99,155.65,19.47,51.06,11.24,28.67,0.733,-50.43,-1.37,-0.33,-0.014,EXHAUST_LEAK
4141.37,0.9339,1124.09,518.79,200.58,28.27,52.57,11.6,32.85,1.007,56.67,-1.66,1.44,0.015,FUEL_RESTRICTION
4235.86,0.8798,1041.3,509.28,200.14,27.04,51.85,16.29,32.82,1.022,1.61,5.47,-0.04,0.002,NORMAL
3325.27,0.5435,793.29,355.96,159.98,22.49,50.2,11.23,28.61,0.643,0.96,0.56,-0.63,-0.105,NORMAL
2669.78,0.3492,641.42,266.35,153.54,19.91,26.17,8.06,28.01,2.168,-1.58,0.56,-23.9,1.617,LUBRICATION_ISSUE
4107.64,0.8517,1052.63,517.78,199.07,26.81,50.24,16.16,41.15,0.956,36.24,27.95,-0.62,-0.027,OVERHEATING
3889.41,0.8538,978.76,481.31,201.15,27.04,48.22,15.46,31.99,3.811,-28.02,-2.76,-0.9,2.895,CYLINDER_MISFIRE
2813.54,0.3965,755.59,292.49,135.24,20.38,51.1,4.06,27.13,0.549,77.01,5.34,0.95,-0.045,FUEL_RESTRICTION
4185.01,0.8693,971.12,499.9,198.72,23.9,48.54,16.47,31.99,1.081,-59.72,1.39,-2.94,0.075,EXHAUST_LEAK
4164.58,0.8515,1017.47,491.8,200.86,27.08,52.06,15.96,32.69,0.994,-1.67,0.32,0.75,-0.005,NORMAL
3551.75,0.686,943.97,415.47,176.85,24.8,49.22,8.88,31.0,0.853,54.81,1.97,-0.51,0.038,FUEL_RESTRICTION
3582.74,0.6308,795.28,390.95,171.21,21.02,50.5,12.44,31.37,0.773,-62.37,-3.64,-0.43,-0.051,EXHAUST_LEAK
2895.24,0.3674,700.21,303.4,133.11,20.31,51.86,8.65,42.93,0.612,35.01,24.28,0.66,-0.006,OVERHEATING
3530.19,0.6388,809.17,397.36,169.94,22.35,50.25,12.62,30.42,0.769,-50.6,1.5,-0.19,-0.04,EXHAUST_LEAK
3527.95,0.6752,931.6,408.47,177.05,24.5,50.77,8.47,32.24,0.793,50.09,-0.44,0.99,-0.016,FUEL_RESTRICTION
4382.72,0.9379,1078.86,527.68,198.73,27.73,53.22,17.23,31.92,1.028,-3.03,-1.46,0.16,-0.037,NORMAL
3931.67,0.7697,988.75,470.33,191.66,25.99,51.85,14.99,43.69,0.966,30.34,15.28,1.15,0.036,OVERHEATING
3077.3,0.4926,816.13,327.46,148.74,21.88,50.68,5.59,28.38,0.675,66.7,-2.19,0.54,0.001,FUEL_RESTRICTION
3993.12,0.8028,1026.8,487.72,194.78,26.47,50.32,15.31,49.75,0.973,45.46,18.92,-0.19,0.026,OVERHEATING
3222.71,0.56,801.61,354.72,191.1,23.14,16.86,11.37,30.48,2.101,4.5,-3.55,-33.01,1.384,LUBRICATION_ISSUE
3068.74,0.5427,732.89,347.76,158.22,22.77,48.81,11.26,30.17,3.898,-46.15,0.33,-0.37,3.228,CYLINDER_MISFIRE
4059.06,0.9284,1021.44,516.54,202.15,28.01,49.49,16.58,31.44,3.8,-38.53,0.57,-0.98,2.833,CYLINDER_MISFIRE
3286.89,0.4976,702.11,339.39,154.57,18.77,51.21,10.88,28.34,0.675,-60.81,1.64,-0.2,-0.061,EXHAUST_LEAK
4019.43,0.8819,1102.1,501.72,200.13,27.65,48.78,10.55,30.34,1.035,72.01,3.66,-1.38,0.079,FUEL_RESTRICTION
2975.05,0.4544,690.03,311.97,145.93,21.53,49.81,9.91,29.88,4.687,-31.34,-0.85,-0.35,4.044,CYLINDER_MISFIRE
3651.99,0.7653,894.08,444.13,190.11,25.68,48.65,14.63,29.56,4.927,-47.71,-0.95,-0.32,4.081,CYLINDER_MISFIRE
3081.15,0.509,824.88,335.45,150.23,22.29,51.93,6.77,28.46,0.71,65.45,-0.21,2.06,0.036,FUEL_RESTRICTION
3391.11,0.6363,909.31,393.28,170.52,23.76,49.09,8.03,30.96,0.79,57.95,2.46,-0.5,0.023,FUEL_RESTRICTION
3581.44,0.6261,807.19,390.01,170.73,20.61,50.63,12.55,31.46,0.889,-47.54,-2.82,-0.38,0.064,EXHAUST_LEAK
3707.37,0.7701,982.76,446.64,188.36,25.58,50.72,10.28,30.19,0.812,35.34,-1.81,1.48,-0.051,FUEL_RESTRICTION
4107.63,0.9489,1046.13,523.2,200.43,27.87,50.51,17.04,32.52,4.316,-28.58,-1.63,-0.35,3.333,CYLINDER_MISFIRE
3080.97,0.4253,707.23,307.31,140.7,20.83,50.11,9.7,28.36,0.635,-2.02,1.76,-1.26,-0.039,NORMAL
3539.08,0.5904,861.93,392.04,164.75,23.21,53.72,12.13,43.89,0.832,30.76,13.34,2.34,0.02,OVERHEATING
3171.82,0.4619,783.04,347.91,146.05,21.62,50.2,10.27,45.07,0.7,47.33,26.48,-1.1,-0.002,OVERHEATING
2775.38,0.3877,749.66,281.93,134.49,20.48,49.77,4.44,29.1,0.595,78.25,-0.92,-0.29,0.012,FUEL_RESTRICTION
4028.08,0.8077,1026.97,493.47,195.81,26.16,51.27,15.5,39.83,0.973,40.96,21.86,0.63,0.014,OVERHEATING
3134.95,0.4815,680.85,328.3,147.48,19.29,50.06,10.33,28.64,0.637,-64.81,0.9,-0.65,-0.053,EXHAUST_LEAK
3764.94,0.7083,869.52,429.75,179.85,22.78,50.07,13.61,29.95,0.854,-43.71,1.81,-0.66,-0.026,EXHAUST_LEAK
4290.88,0.9259,1077.45,523.52,200.19,27.86,53.47,16.95,31.71,1.105,7.38,1.48,1.14,0.068,NORMAL
4201.86,0.944,1076.69,526.35,229.26,28.11,25.16,17.09,32.23,2.404,0.2,0.46,-26.45,1.393,LUBRICATION_ISSUE
3506.86,0.6828,945.72,410.91,179.52,24.77,48.33,7.31,30.32,0.835,60.69,-0.11,-1.18,0.032,FUEL_RESTRICTION
3428.43,0.5839,867.96,397.19,167.68,23.22,50.95,11.88,40.73,0.834,46.18,24.12,0.18,0.055,OVERHEATING
3328.66,0.6114,895.57,382.7,167.51,23.58,46.15,9.16,29.82,0.706,62.27,2.72,-3.48,-0.043,FUEL_RESTRICTION
2691.77,0.3928,640.56,283.75,134.69,20.78,49.09,9.07,27.62,3.422,-29.74,1.57,-0.34,2.864,CYLINDER_MISFIRE
4138.99,0.8818,1082.78,519.96,198.12,27.05,51.11,16.63,47.52,1.014,46.73,18.33,-0.0,0.023,OVERHEATING
2542.1,0.3253,574.29,249.36,123.38,19.66,47.69,7.88,29.46,3.395,-47.99,-4.0,-1.98,2.883,CYLINDER_MISFIRE
3940.33,0.8752,975.32,494.79,199.92,27.34,49.16,16.06,33.26,4.63,-46.82,1.51,-0.36,3.698,CYLINDER_MISFIRE
3003.43,0.4735,796.91,320.66,147.77,21.78,49.91,4.43,28.95,0.623,62.64,0.1,-0.08,-0.028,FUEL_RESTRICTION
3828.71,0.7509,937.98,442.61,188.13,25.23,52.02,14.48,31.49,0.835,-4.02,-2.59,1.65,-0.064,NORMAL
3390.65,0.6307,922.51,387.01,172.71,23.79,51.0,6.86,28.24,0.777,74.54,-1.78,1.32,0.01,FUEL_RESTRICTION
2934.67,0.3798,717.51,312.27,135.8,20.4,51.21,8.96,37.46,0.697,42.9,27.5,-0.03,0.066,OVERHEATING
3530.76,0.676,885.77,408.3,203.88,24.3,27.09,13.05,29.95,1.903,3.65,-0.97,-22.69,1.094,LUBRICATION_ISSUE
2691.28,0.3463,690.47,262.53,127.1,19.71,48.03,3.52,27.96,0.536,48.1,-2.89,-2.23,-0.022,FUEL_RESTRICTION
3116.64,0.4654,676.91,322.7,146.11,18.37,51.75,10.36,28.41,0.628,-58.14,1.67,0.87,-0.057,EXHAUST_LEAK
2852.46,0.3557,698.01,296.87,132.02,20.01,50.35,8.63,37.37,0.637,41.99,23.26,-0.79,0.032,OVERHEATING
3285.35,0.6057,799.38,373.73,163.27,23.47,48.77,11.9,29.52,3.915,-28.32,-2.89,-0.68,3.18,CYLINDER_MISFIRE
4134.47,0.85,1014.19,491.4,199.35,26.73,50.5,15.95,32.87,0.913,-2.52,1.37,-0.57,-0.077,NORMAL
3316.42,0.5973,888.2,378.25,166.64,23.52,47.39,8.33,29.61,0.763,63.97,3.72,-2.41,0.019,FUEL_RESTRICTION
3428.94,0.5724,765.17,371.17,163.39,21.36,49.84,11.77,29.85,0.715,-49.72,2.23,-1.15,-0.063,EXHAUST_LEAK
3424.06,0.623,842.99,388.43,191.28,23.87,27.26,12.53,30.4,1.735,-2.04,1.41,-22.78,0.958,LUBRICATION_ISSUE
3524.06,0.5931,874.69,396.14,165.32,23.09,53.04,12.33,39.14,0.782,42.64,16.92,1.81,-0.026,OVERHEATING
3467.86,0.6806,843.72,410.25,177.0,24.67,49.41,13.25,30.18,4.094,-38.02,1.2,0.12,3.304,CYLINDER_MISFIRE
4277.52,0.9267,1103.57,550.04,199.7,28.05,51.03,16.92,42.71,1.06,33.67,28.1,-1.19,0.027,OVERHEATING
2692.64,0.3507,706.25,262.71,129.69,19.79,52.11,4.58,27.87,0.537,61.17,-4.33,1.92,-0.021,FUEL_RESTRICTION
3447.38,0.6691,841.65,405.11,175.77,24.26,51.2,12.95,30.6,4.428,-32.15,0.83,1.84,3.643,CYLINDER_MISFIRE
3481.88,0.6514,862.76,400.14,202.73,24.38,30.61,13.0,31.14,2.123,-2.18,1.17,-19.3,1.328,LUBRICATION_ISSUE
4170.6,0.8576,1047.96,513.84,199.39,26.82,51.91,15.91,45.2,1.035,24.89,20.0,0.54,0.034,OVERHEATING
2930.49,0.447,711.93,306.75,171.5,21.19,30.94,9.58,29.38,2.249,-2.82,-2.1,-19.06,1.62,LUBRICATION_ISSUE
4201.99,0.8851,1043.22,504.01,201.76,27.46,51.49,16.53,30.82,0.966,2.09,-0.67,-0.13,-0.045,NORMAL
4193.26,0.8555,1049.0,521.65,202.27,27.13,50.06,16.0,43.78,1.014,26.04,27.88,-1.49,0.006,OVERHEATING
3804.65,0.709,918.66,426.01,182.68,24.9,49.02,13.83,31.37,0.876,3.04,-3.36,-1.94,-0.016,NORMAL
3257.14,0.578,810.62,366.77,182.99,22.83,23.73,11.59,29.97,1.61,0.96,0.97,-26.03,0.883,LUBRICATION_ISSUE
3190.23,0.4683,791.23,345.08,146.66,21.63,49.98,10.32,43.93,0.694,50.71,20.77,-1.33,-0.013,OVERHEATING
3473.15,0.6049,834.38,381.33,168.23,23.46,51.64,12.44,30.69,0.811,-2.21,-0.62,0.95,0.019,NORMAL
2514.0,0.3043,551.12,246.25,121.85,19.21,48.71,7.46,26.36,4.094,-57.13,1.3,-1.16,3.59,CYLINDER_MISFIRE
3621.43,0.7099,907.74,421.51,203.72,24.94,27.19,13.68,31.53,1.77,0.76,-2.68,-22.58,0.934,LUBRICATION_ISSUE
3238.01,0.6058,797.17,378.03,166.51,23.41,50.41,11.75,30.51,5.162,-28.19,2.81,1.27,4.44,CYLINDER_MISFIRE
3833.53,0.7513,970.14,456.94,190.83,25.47,52.99,14.55,48.02,0.877,27.69,11.47,2.6,-0.023,OVERHEATING
4133.52,0.8534,1018.98,491.04,201.38,26.89,51.39,16.05,31.29,1.03,0.25,-0.2,0.32,0.04,NORMAL
2863.84,0.3414,651.5,269.34,130.57,19.91,54.7,8.06,27.18,0.668,3.49,0.53,3.23,0.059,NORMAL
3457.91,0.6718,832.8,405.35,174.52,24.2,50.39,13.25,30.78,3.629,-43.16,-0.23,1.0,2.842,CYLINDER_MISFIRE
3573.72,0.6235,789.52,392.8,172.3,21.15,49.92,12.7,30.07,0.864,-63.28,1.12,-1.09,0.042,EXHAUST_LEAK
3335.35,0.5356,704.24,353.25,158.1,19.6,51.49,11.18,29.61,0.795,-83.87,0.39,0.45,0.044,EXHAUST_LEAK
3034.01,0.4511,719.35,311.93,177.69,21.21,30.77,9.79,28.3,1.798,-3.0,-1.47,-19.84,1.138,LUBRICATION_ISSUE
4152.34,0.855,976.59,490.74,199.09,23.22,50.77,15.88,32.65,1.002,-44.03,-1.63,-0.45,0.006,EXHAUST_LEAK
4124.23,0.9215,1104.17,516.14,198.32,27.77,50.57,13.64,32.65,0.986,45.07,0.68,-0.43,-0.001,FUEL_RESTRICTION
3952.52,0.868,1018.53,490.25,231.59,27.15,17.3,15.91,33.23,2.016,0.11,-0.8,-32.32,1.08,LUBRICATION_ISSUE
3854.79,0.826,1053.01,472.57,198.54,26.91,48.14,11.37,32.77,0.895,64.68,-0.43,-1.04,-0.012,FUEL_RESTRICTION
3781.84,0.7696,954.24,445.16,220.7,25.63,23.06,14.67,31.03,2.386,3.42,-5.34,-26.67,1.501,LUBRICATION_ISSUE
3142.64,0.4566,733.33,320.48,145.73,21.07,49.96,9.97,27.66,0.738,2.21,1.81,-1.25,0.046,NORMAL
3754.79,0.72,958.5,458.58,184.48,24.98,50.12,13.89,39.1,0.893,38.75,26.73,-0.33,0.017,OVERHEATING
3391.29,0.6511,895.64,393.17,170.9,23.98,48.39,7.06,29.85,0.713,35.43,-2.95,-0.93,-0.054,FUEL_RESTRICTION
2644.83,0.3414,703.25,262.71,128.91,19.68,49.97,2.74,27.32,0.522,66.19,0.47,-0.07,-0.021,FUEL_RESTRICTION
3414.2,0.63,845.69,392.19,197.94,23.12,20.66,12.63,30.37,2.505,-3.05,2.95,-29.2,1.731,LUBRICATION_ISSUE
4068.43,0.9182,1018.87,510.63,199.85,27.92,50.94,16.72,31.84,4.61,-35.49,-1.99,0.39,3.639,CYLINDER_MISFIRE
3748.34,0.7797,955.66,453.02,208.42,25.93,23.22,14.55,30.29,2.273,0.42,-0.13,-26.11,1.398,LUBRICATION_ISSUE
2929.9,0.3955,716.86,317.61,138.55,20.68,51.24,9.07,35.7,0.542,33.08,27.35,0.32,-0.087,OVERHEATING
3069.41,0.3984,690.9,291.92,140.74,20.41,51.35,9.08,27.9,0.637,-1.63,-3.59,-0.43,-0.034,NORMAL
3983.24,0.7692,919.34,455.06,193.73,22.61,49.99,14.79,30.92,0.982,-41.32,-1.33,-1.06,0.037,EXHAUST_LEAK
3016.48,0.4692,729.67,316.93,175.3,21.9,16.25,10.16,29.16,2.447,-2.66,-2.46,-33.91,1.792,LUBRICATION_ISSUE
3364.9,0.5385,790.7,354.56,158.43,22.48,51.94,11.24,27.76,0.753,-0.66,-0.25,0.76,-0.006,NORMAL
3924.13,0.8399,1080.05,477.78,198.29,26.58,46.98,11.43,31.71,0.838,79.88,-2.32,-2.41,-0.089,FUEL_RESTRICTION
3045.17,0.4231,706.23,304.57,143.43,20.82,51.35,9.66,27.23,0.743,0.13,0.9,0.17,0.08,NORMAL
3039.0,0.4009,641.18,299.45,139.8,17.72,49.91,8.9,27.17,0.594,-51.31,3.96,-1.63,-0.067,EXHAUST_LEAK
3369.96,0.6398,922.2,390.81,172.23,23.74,48.73,9.21,30.38,0.751,69.8,-0.63,-0.66,-0.01,FUEL_RESTRICTION
3895.71,0.764,981.2,475.73,190.02,25.77,51.4,14.53,44.52,0.977,28.02,23.82,0.83,0.058,OVERHEATING
3033.28,0.4319,648.85,309.44,142.55,17.34,51.27,9.71,28.71,0.669,-61.96,2.96,0.32,0.009,EXHAUST_LEAK
4148.75,0.9442,1026.83,523.19,200.4,28.0,50.49,16.96,32.58,5.063,-47.11,-1.18,-0.7,4.069,CYLINDER_MISFIRE
4181.0,0.8782,1086.27,528.17,200.79,27.48,49.55,16.39,47.54,1.071,50.27,26.57,-1.9,0.067,OVERHEATING
2622.14,0.3066,697.47,250.99,123.94,19.56,49.07,2.93,28.3,0.53,82.43,1.97,-1.46,-0.006,FUEL_RESTRICTION
3158.02,0.5525,755.55,354.42,155.41,22.7,49.89,11.18,30.04,3.52,-33.83,0.79,0.31,2.822,CYLINDER_MISFIRE
2951.85,0.3826,676.1,285.63,134.91,19.94,52.49,9.36,28.3,0.59,-1.04,-0.65,1.19,-0.045,NORMAL
2804.75,0.3157,658.97,281.57,125.21,19.48,50.77,8.09,41.31,0.659,29.32,23.78,-0.78,0.067,OVERHEATING
3071.34,0.4267,640.8,309.8,143.65,18.81,50.39,9.7,28.24,0.612,-68.78,4.05,-0.9,-0.059,EXHAUST_LEAK
2666.26,0.3742,613.06,271.87,131.48,20.24,52.09,8.54,28.69,4.052,-44.76,-2.82,2.49,3.502,CYLINDER_MISFIRE
2939.03,0.3739,673.04,284.0,131.39,20.25,50.81,8.7,29.07,0.606,1.76,1.24,-0.56,-0.026,NORMAL
3010.28,0.4024,638.92,294.05,140.04,18.94,52.01,9.27,27.88,0.749,-53.06,-1.14,0.69,0.096,EXHAUST_LEAK
2556.29,0.301,689.88,246.39,121.42,19.58,50.32,2.69,26.64,0.461,81.46,1.33,0.12,-0.056,FUEL_RESTRICTION
2802.12,0.3829,729.49,281.52,131.73,20.15,47.29,4.97,28.6,0.619,59.65,-0.39,-3.03,0.029,FUEL_RESTRICTION
3227.26,0.4805,675.38,331.82,150.86,17.36,52.61,10.45,29.04,0.638,-74.29,2.01,1.29,-0.08,EXHAUST_LEAK
3153.8,0.5763,761.93,361.87,163.05,22.85,48.68,11.29,29.64,3.835,-41.55,-0.21,-0.45,3.138,CYLINDER_MISFIRE
4315.01,0.932,1108.18,544.59,200.07,28.29,51.84,17.24,49.57,1.046,33.25,19.63,-0.68,0.002,OVERHEATING
3369.6,0.6493,822.22,396.35,171.26,24.1,50.1,12.8,30.28,5.092,-35.85,1.51,0.89,4.332,CYLINDER_MISFIRE
2737.43,0.3133,626.97,254.05,126.03,19.61,52.59,7.61,26.95,0.593,2.14,-0.84,1.44,0.022,NORMAL
2996.99,0.3946,719.35,316.41,136.58,20.26,52.51,9.13,38.09,0.667,32.74,24.44,1.13,0.018,OVERHEATING
2623.71,0.3091,667.63,251.77,124.54,19.17,49.85,3.1,28.27,0.527,50.98,1.78,-0.64,-0.01,FUEL_RESTRICTION
3702.7,0.6785,921.14,442.53,179.43,24.24,52.6,13.35,45.44,0.883,28.89,27.18,1.75,0.022,OVERHEATING
3276.05,0.5741,808.01,363.97,191.14,23.11,14.7,11.84,29.98,1.67,-0.24,-0.98,-35.26,0.937,LUBRICATION_ISSUE
3984.68,0.8938,1006.18,500.98,200.45,27.5,48.89,16.32,31.88,4.373,-29.35,-0.34,-0.99,3.428,CYLINDER_MISFIRE
3071.7,0.4953,813.17,330.78,150.11,21.93,50.02,5.64,28.99,0.712,62.41,0.32,-0.03,0.041,FUEL_RESTRICTION
4229.57,0.8837,1040.0,503.94,199.95,27.26,50.98,16.49,31.87,1.079,-1.72,-1.09,-0.86,0.06,NORMAL
3780.7,0.7724,1030.37,451.68,189.86,25.52,47.37,9.59,31.06,0.857,77.87,0.18,-2.3,-0.027,FUEL_RESTRICTION
2605.32,0.3196,695.35,255.22,124.73,19.62,50.76,1.67,28.62,0.523,73.32,2.0,0.58,-0.009,FUEL_RESTRICTION
3544.45,0.6706,879.42,409.14,207.44,24.28,20.35,13.11,29.32,1.79,-0.18,1.38,-29.62,0.977,LUBRICATION_ISSUE
2816.84,0.4265,665.45,297.26,140.52,21.18,48.85,9.34,29.42,4.139,-31.26,-0.77,-0.78,3.544,CYLINDER_MISFIRE
3311.25,0.621,899.54,383.55,169.08,23.64,48.87,8.02,29.38,0.717,61.35,0.64,-0.47,-0.026,FUEL_RESTRICTION
3162.11,0.4821,746.07,329.06,149.17,21.79,52.36,10.31,30.73,0.729,-1.32,0.62,1.48,0.03,NORMAL
3938.45,0.7693,999.76,470.81,190.23,25.74,52.16,14.75,43.24,0.871,41.28,15.73,1.4,-0.061,OVERHEATING
3161.69,0.4603,782.43,344.98,147.23,21.36,50.43,10.16,41.57,0.717,48.16,24.42,-0.84,0.018,OVERHEATING
3372.43,0.6259,805.84,384.64,171.35,23.84,51.02,12.73,29.25,3.737,-38.29,-1.84,1.36,2.975,CYLINDER_MISFIRE
3009.84,0.4496,724.97,311.64,167.94,21.01,16.84,9.65,28.95,2.064,4.74,-0.49,-33.64,1.411,LUBRICATION_ISSUE
2924.32,0.4467,780.21,305.07,143.42,21.35,50.61,4.82,28.54,0.579,65.96,-3.48,0.65,-0.048,FUEL_RESTRICTION
4045.78,0.884,1028.13,497.42,221.26,27.02,17.06,16.0,32.35,2.656,-4.53,-2.18,-33.31,1.692,LUBRICATION_ISSUE
2670.41,0.3449,682.51,264.16,125.95,19.93,50.46,4.77,28.82,0.518,42.07,-0.1,0.31,-0.033,FUEL_RESTRICTION
4045.14,0.811,936.84,473.83,197.35,23.86,52.8,15.55,30.68,1.003,-52.04,0.51,2.1,0.039,EXHAUST_LEAK
2856.78,0.4121,688.6,293.03,160.09,20.55,22.71,9.32,28.44,2.239,-1.47,-1.01,-27.44,1.632,LUBRICATION_ISSUE
3128.34,0.5173,771.01,339.62,176.31,22.34,21.99,10.76,29.25,2.128,4.24,-0.44,-28.03,1.44,LUBRICATION_ISSUE
3309.3,0.6082,781.48,378.34,168.67,23.47,50.07,11.68,30.21,4.116,-48.88,0.13,0.51,3.373,CYLINDER_MISFIRE
3828.87,0.8495,949.67,480.82,198.17,26.86,49.89,15.87,32.02,3.757,-51.44,0.15,1.26,2.858,CYLINDER_MISFIRE
4031.18,0.8757,1093.1,496.86,199.08,27.35,47.89,11.62,31.45,1.036,66.14,0.69,-2.36,0.076,FUEL_RESTRICTION
3518.75,0.6133,868.08,410.69,167.56,23.62,51.11,12.58,43.11,0.803,24.18,24.35,0.27,-0.002,OVERHEATING
3827.78,0.7379,939.0,439.85,188.82,25.05,51.3,14.14,29.77,0.907,4.84,-0.64,0.7,0.009,NORMAL
3486.16,0.6125,841.77,383.53,167.56,23.76,51.55,12.61,29.65,0.77,-0.02,-1.54,0.91,-0.026,NORMAL
2515.21,0.3073,566.94,249.75,123.04,19.42,48.69,7.83,29.71,4.253,-43.22,3.65,-1.13,3.748,CYLINDER_MISFIRE
2988.08,0.4192,656.71,299.15,137.89,19.6,51.84,9.55,28.28,0.672,-44.24,-1.42,0.96,0.026,EXHAUST_LEAK
3299.38,0.5423,816.03,377.3,159.36,22.27,51.22,11.48,47.28,0.753,25.68,23.09,0.54,0.013,OVERHEATING
3899.94,0.783,1002.46,485.78,190.64,25.51,50.49,15.08,46.99,0.945,37.66,26.91,0.24,0.025,OVERHEATING
3065.82,0.5215,724.05,341.38,155.68,22.22,47.99,10.85,28.52,4.809,-42.13,1.67,-1.55,4.139,CYLINDER_MISFIRE
3415.1,0.6136,845.08,384.71,188.55,23.52,23.91,12.36,30.7,1.589,6.16,1.36,-26.24,0.814,LUBRICATION_ISSUE
4110.13,0.833,1009.56,482.95,201.01,26.81,50.13,15.42,31.95,0.986,4.23,-0.25,-0.75,0.003,NORMAL
3452.18,0.6285,852.14,389.21,192.96,23.89,22.91,12.35,29.72,1.943,2.42,-0.62,-27.22,1.158,LUBRICATION_ISSUE
3929.36,0.774,986.3,476.55,191.23,25.88,50.69,14.8,44.31,0.912,25.42,20.03,0.08,-0.017,OVERHEATING
3665.84,0.7657,917.01,446.02,191.27,25.71,50.04,14.75,31.65,4.616,-25.69,0.4,1.0,3.766,CYLINDER_MISFIRE
3149.96,0.4514,728.49,319.46,144.65,21.22,48.37,10.13,28.86,0.628,0.14,2.45,-2.98,-0.067,NORMAL
3347.49,0.5597,749.58,358.03,159.98,19.86,50.88,11.47,29.84,0.723,-53.6,-3.88,0.19,-0.032,EXHAUST_LEAK
4324.62,0.9057,995.25,514.55,199.84,24.74,53.72,16.71,33.13,1.009,-64.38,-1.23,1.13,-0.038,EXHAUST_LEAK
2981.51,0.4758,772.44,321.12,145.44,21.55,52.53,7.17,29.29,0.696,37.9,0.4,2.71,0.052,FUEL_RESTRICTION
3284.89,0.5852,873.13,366.58,161.94,23.35,49.18,6.43,29.52,0.649,57.79,-2.62,-0.64,-0.086,FUEL_RESTRICTION
3080.41,0.5409,747.02,347.75,155.09,22.65,48.9,10.95,29.46,4.597,-31.56,0.6,-0.39,3.923,CYLINDER_MISFIRE
2706.53,0.3808,620.35,279.85,130.18,20.17,49.6,8.55,26.91,4.594,-43.47,1.56,-0.13,4.032,CYLINDER_MISFIRE
3352.19,0.607,830.8,380.56,190.61,23.72,18.61,12.36,29.13,2.132,-0.98,1.49,-31.25,1.376,LUBRICATION_ISSUE
3516.16,0.6051,837.58,384.91,167.33,23.42,52.15,12.17,28.61,0.798,-1.3,1.59,1.18,-0.006,NORMAL
3364.42,0.6608,818.95,397.32,173.26,24.35,48.1,12.92,31.23,4.526,-45.77,-1.52,-0.87,3.767,CYLINDER_MISFIRE
4351.95,0.9348,1110.18,553.05,198.12,27.74,53.28,17.28,43.1,1.07,31.69,25.95,0.46,0.014,OVERHEATING
3644.52,0.7744,897.64,449.92,184.81,25.83,46.86,14.67,30.56,4.851,-49.22,1.81,-1.89,4.008,CYLINDER_MISFIRE
3215.91,0.4886,798.71,349.36,151.9,21.94,49.3,10.32,44.27,0.788,44.74,16.97,-1.81,0.073,OVERHEATING
3734.04,0.7718,1012.78,447.14,191.93,26.05,49.59,11.02,30.73,0.82,62.97,-2.74,0.21,-0.05,FUEL_RESTRICTION
3828.24,0.7363,969.75,457.21,186.07,25.34,52.71,13.98,43.81,0.982,36.56,17.3,2.08,0.083,OVERHEATING
3630.72,0.739,978.89,435.17,184.8,25.42,49.1,8.86,30.51,0.878,53.94,0.2,-0.2,0.039,FUEL_RESTRICTION
4007.34,0.849,1010.2,489.53,234.32,26.72,28.01,15.94,30.85,1.851,0.46,3.69,-22.04,0.899,LUBRICATION_ISSUE
4327.57,0.9341,1077.19,528.12,200.97,28.49,55.27,17.22,29.4,1.098,0.32,2.0,2.65,0.049,NORMAL
3403.52,0.5615,805.09,363.73,159.96,23.1,50.22,11.56,29.79,0.716,-1.97,-0.51,-0.79,-0.055,NORMAL
2973.2,0.4621,780.48,313.52,145.69,21.32,49.87,6.49,29.22,0.62,54.55,-2.04,-0.14,-0.022,FUEL_RESTRICTION
3950.21,0.7793,971.15,459.34,192.47,25.95,49.03,14.75,32.19,0.909,6.04,0.27,-1.62,-0.026,NORMAL
3623.0,0.7367,965.06,433.58,185.37,25.55,48.21,8.41,30.09,0.859,41.88,-0.32,-1.08,0.022,FUEL_RESTRICTION
3577.44,0.6774,883.91,410.19,208.76,24.29,31.28,13.22,32.71,2.458,-1.41,-1.01,-18.78,1.635,LUBRICATION_ISSUE
3141.38,0.4417,661.49,314.6,143.69,17.94,50.57,9.97,28.0,0.714,-60.59,1.35,-0.9,0.022,EXHAUST_LEAK
3298.24,0.522,810.41,371.73,154.22,22.55,52.8,11.2,40.62,0.751,32.29,24.86,1.76,0.012,OVERHEATING
2717.08,0.3807,729.34,282.53,133.55,20.54,50.07,4.34,26.92,0.553,65.09,3.98,0.26,-0.012,FUEL_RESTRICTION
2756.61,0.4056,637.89,286.42,135.32,21.0,49.12,9.07,27.7,3.561,-43.32,-2.3,-0.49,2.984,CYLINDER_MISFIRE
4077.24,0.9021,1045.34,503.21,218.71,27.7,20.53,16.17,30.35,2.746,0.19,-3.88,-30.09,1.772,LUBRICATION_ISSUE
3665.04,0.7601,898.64,447.15,187.59,25.49,47.85,14.19,30.74,5.272,-40.65,3.58,-1.29,4.422,CYLINDER_MISFIRE
4233.4,0.9072,1098.81,523.5,199.11,27.68,52.54,16.73,42.85,0.933,42.82,9.91,0.68,-0.087,OVERHEATING
3285.48,0.5784,816.82,370.37,183.91,23.07,32.07,11.76,29.6,1.73,5.5,3.58,-17.88,0.994,LUBRICATION_ISSUE
2656.67,0.3553,605.96,268.28,127.94,19.46,48.55,8.22,28.07,3.109,-40.04,0.68,-1.32,2.562,CYLINDER_MISFIRE
3952.77,0.7704,1004.93,478.85,190.85,25.52,51.38,14.73,43.61,0.909,45.03,22.91,0.56,-0.027,OVERHEATING
3564.45,0.6502,828.34,400.68,172.27,20.3,53.09,12.9,29.86,0.791,-39.98,-0.31,2.63,-0.028,EXHAUST_LEAK
3128.08,0.4531,733.84,317.86,145.68,21.24,51.82,10.09,27.77,0.716,5.56,0.89,0.65,0.027,NORMAL
3294.83,0.5305,778.26,350.64,156.28,22.5,51.7,11.17,29.77,0.736,-4.75,0.83,0.83,-0.003,NORMAL
3725.42,0.7684,948.12,447.31,211.93,25.68,22.82,14.57,31.19,2.455,0.83,-1.06,-26.57,1.588,LUBRICATION_ISSUE
3138.78,0.4643,734.42,321.26,148.79,21.85,53.24,9.95,28.42,0.669,-1.09,-0.04,2.19,-0.023,NORMAL
3622.71,0.6664,813.45,408.94,177.52,22.31,50.55,12.88,31.9,0.783,-67.52,0.36,-0.01,-0.054,EXHAUST_LEAK
3993.39,0.8947,987.81,499.32,198.31,27.44,51.13,16.47,33.91,4.898,-48.68,-2.57,1.18,3.95,CYLINDER_MISFIRE
3565.63,0.6468,870.03,400.01,175.35,24.2,50.61,12.96,29.86,0.789,3.69,0.21,0.07,-0.031,NORMAL
3789.33,0.7027,832.06,427.63,180.59,22.17,51.3,13.57,31.43,0.897,-79.03,0.98,0.31,0.01,EXHAUST_LEAK
4248.19,0.8986,1088.79,530.12,202.86,27.72,52.74,16.67,41.87,1.012,37.24,19.19,0.75,-0.013,OVERHEATING
3507.47,0.7117,874.7,420.43,181.96,24.86,49.8,13.99,30.04,4.791,-27.69,-1.0,0.82,3.989,CYLINDER_MISFIRE
3008.35,0.5077,706.76,333.38,150.97,22.06,50.13,10.45,28.41,4.117,-48.28,0.35,0.71,3.465,CYLINDER_MISFIRE
2805.46,0.3933,746.13,286.13,136.03,20.36,50.72,5.78,28.33,0.655,69.88,0.38,0.56,0.063,FUEL_RESTRICTION
3592.09,0.6119,793.73,388.6,167.69,20.84,50.75,12.47,31.74,0.819,-53.03,0.55,-0.59,-0.009,EXHAUST_LEAK
2828.1,0.3383,686.77,300.61,128.08,19.86,53.62,8.38,42.23,0.596,42.4,33.99,2.33,-0.003,OVERHEATING
4075.5,0.9082,1048.63,504.38,221.48,27.76,17.19,16.78,33.22,2.225,-0.06,-4.84,-33.42,1.253,LUBRICATION_ISSUE
3904.76,0.7738,959.02,456.32,191.0,25.86,50.54,14.92,31.96,0.941,-0.47,0.62,0.09,0.02,NORMAL
4047.41,0.9107,994.84,514.29,198.18,27.8,49.29,16.47,33.12,3.518,-53.93,5.03,-1.09,2.554,CYLINDER_MISFIRE
3278.13,0.5085,773.63,338.56,153.97,22.1,52.15,10.82,27.66,0.723,4.63,-2.84,0.99,-0.01,NORMAL
3396.68,0.6517,820.33,390.67,170.72,24.22,48.02,12.77,30.52,4.075,-40.53,-5.85,-1.33,3.306,CYLINDER_MISFIRE
2816.73,0.3293,569.01,259.67,126.42,16.03,51.41,8.24,28.33,0.638,-69.43,-3.4,0.03,0.043,EXHAUST_LEAK
3258.04,0.5081,803.55,362.45,152.79,22.15,52.12,10.85,42.26,0.713,35.76,21.77,1.09,-0.014,OVERHEATING
3308.69,0.571,808.8,367.07,193.94,23.05,31.87,11.68,29.8,1.546,0.75,2.23,-18.36,0.803,LUBRICATION_ISSUE
2630.24,0.3268,682.15,256.02,127.14,19.46,50.34,4.16,27.27,0.593,54.59,-0.52,0.13,0.054,FUEL_RESTRICTION
3924.41,0.861,976.68,486.29,200.85,27.09,50.8,15.93,33.38,5.261,-36.15,-1.41,1.41,4.334,CYLINDER_MISFIRE
3863.1,0.7548,905.12,447.58,188.91,22.2,49.19,14.38,30.93,0.861,-40.91,-0.03,-1.34,-0.048,EXHAUST_LEAK
3647.0,0.6821,890.11,412.71,178.53,24.2,50.82,13.35,30.08,0.78,-1.47,-2.24,0.39,-0.064,NORMAL
2953.67,0.4165,698.31,299.64,162.33,21.19,22.28,9.24,29.11,1.431,0.74,1.1,-28.42,0.795,LUBRICATION_ISSUE
3309.47,0.5308,716.02,354.43,157.14,19.89,50.45,10.99,29.09,0.782,-67.94,4.05,-0.51,0.039,EXHAUST_LEAK
3723.26,0.7657,1011.22,446.89,188.12,25.97,48.22,10.94,31.77,0.879,65.62,-0.47,-1.2,0.012,FUEL_RESTRICTION
4245.73,0.8912,1091.55,525.24,201.91,27.74,51.63,16.49,48.15,1.051,44.55,17.04,-0.34,0.028,OVERHEATING
2504.64,0.3016,566.2,244.12,120.98,19.1,51.08,7.52,26.68,3.779,-40.0,0.41,1.23,3.278,CYLINDER_MISFIRE
2829.66,0.3965,681.74,288.71,160.33,20.42,32.07,9.11,28.03,1.886,2.37,1.09,-18.19,1.287,LUBRICATION_ISSUE
4094.25,0.8742,1026.15,497.35,216.96,27.24,30.08,16.45,32.01,1.983,-3.09,-0.2,-20.67,1.004,LUBRICATION_ISSUE
3480.88,0.6839,830.7,411.74,178.09,24.7,52.57,13.09,30.77,5.142,-53.65,1.12,3.25,4.348,CYLINDER_MISFIRE
2940.74,0.3918,682.99,287.45,135.35,20.57,50.55,9.1,27.98,0.635,0.87,-1.82,-0.52,0.003,NORMAL
2791.08,0.3347,638.34,264.9,129.19,19.8,48.68,8.11,26.9,0.575,-2.02,0.68,-2.44,-0.012,NORMAL
2767.7,0.3494,642.29,262.84,155.99,19.95,29.97,8.14,26.43,1.67,-5.76,-5.99,-20.73,1.09,LUBRICATION_ISSUE
2985.18,0.3869,608.73,288.44,137.43,17.14,50.61,9.15,28.79,0.597,-72.68,-0.4,-0.83,-0.048,EXHAUST_LEAK
3160.77,0.5376,839.15,342.79,156.24,22.75,48.74,6.92,28.46,0.66,58.57,-5.55,-1.13,-0.038,FUEL_RESTRICTION
3663.68,0.7294,920.88,434.64,208.44,25.24,19.15,13.76,30.92,2.417,0.08,2.16,-30.54,1.567,LUBRICATION_ISSUE
3236.6,0.5044,690.54,342.67,153.16,20.45,52.53,10.89,28.8,0.643,-73.92,3.99,1.57,-0.078,EXHAUST_LEAK
3256.96,0.5148,729.27,341.9,156.12,19.7,50.02,10.86,28.33,0.726,-42.48,-1.15,-0.88,-0.001,EXHAUST_LEAK
3755.4,0.8139,940.79,467.58,194.86,26.31,49.65,14.9,33.61,4.268,-35.34,1.91,0.89,3.391,CYLINDER_MISFIRE
3588.82,0.645,815.31,396.06,176.52,22.63,52.79,12.78,30.35,0.802,-51.13,-3.81,2.07,-0.025,EXHAUST_LEAK
2589.94,0.3071,664.97,247.16,121.73,19.37,48.79,2.29,27.86,0.547,51.2,-1.09,-1.52,0.02,FUEL_RESTRICTION
2618.14,0.3325,706.06,253.86,124.82,19.84,50.55,4.1,27.18,0.544,75.64,-4.39,0.52,0.009,FUEL_RESTRICTION
3169.72,0.5567,756.16,354.4,158.9,22.79,51.19,11.34,28.98,4.113,-36.32,-1.09,1.61,3.412,CYLINDER_MISFIRE
4344.8,0.941,1085.67,527.23,201.39,28.12,51.86,17.27,32.49,1.034,3.82,-1.88,-0.9,-0.02,NORMAL
3220.34,0.5416,786.32,350.23,192.36,22.76,18.2,11.2,28.63,1.563,0.34,-1.35,-31.99,0.847,LUBRICATION_ISSUE
3330.77,0.5999,909.17,377.24,164.94,23.4,50.66,7.58,31.6,0.815,82.71,1.36,0.81,0.066,FUEL_RESTRICTION
2920.64,0.451,685.87,311.51,140.06,21.57,48.92,9.71,29.74,3.36,-30.75,1.54,-0.95,2.734,CYLINDER_MISFIRE
3219.59,0.5873,785.22,369.32,162.88,23.25,47.1,11.7,29.99,4.698,-28.16,1.29,-2.26,3.983,CYLINDER_MISFIRE
3026.92,0.4186,744.14,324.41,140.52,20.9,52.39,9.39,44.24,0.661,41.61,22.89,1.25,0.003,OVERHEATING
2907.29,0.4569,673.61,313.55,146.87,21.37,49.77,9.72,27.14,4.124,-45.88,1.86,0.09,3.502,CYLINDER_MISFIRE
3907.44,0.8606,973.81,485.45,197.78,27.17,49.65,15.95,31.78,5.002,-37.93,-1.6,0.39,4.079,CYLINDER_MISFIRE
3385.09,0.5502,720.0,358.63,158.19,18.58,52.52,11.67,29.61,0.787,-79.39,-1.0,1.42,0.021,EXHAUST_LEAK
3153.69,0.4466,678.49,314.95,143.92,19.07,53.0,10.23,28.85,0.771,-47.17,-0.45,1.54,0.075,EXHAUST_LEAK
3548.66,0.7302,872.2,427.71,181.35,25.2,49.82,13.68,30.3,3.729,-43.38,-1.64,0.9,2.914,CYLINDER_MISFIRE
3906.04,0.7642,956.38,455.33,186.56,25.79,48.92,14.73,31.22,0.947,2.57,3.05,-1.71,0.025,NORMAL
3529.65,0.7014,865.92,416.98,180.42,24.95,52.37,13.62,31.0,4.69,-31.43,-1.43,3.06,3.881,CYLINDER_MISFIRE
2836.86,0.3313,597.41,265.44,128.84,16.74,52.1,8.03,27.97,0.598,-43.22,1.06,0.62,-0.003,EXHAUST_LEAK
3471.3,0.5944,775.04,379.05,166.8,20.06,49.5,12.05,29.89,0.796,-55.17,0.93,-1.36,0.004,EXHAUST_LEAK
3376.49,0.6374,803.77,390.27,169.48,24.21,49.48,12.3,31.92,4.606,-47.5,-0.49,0.0,3.843,CYLINDER_MISFIRE
4141.81,0.854,1020.87,491.88,198.52,27.06,53.72,15.96,31.53,0.97,1.41,0.21,2.59,-0.022,NORMAL
3542.96,0.6265,807.71,389.99,170.37,22.39,50.17,12.36,30.02,0.862,-45.34,-1.84,-0.58,0.049,EXHAUST_LEAK
4136.13,0.8322,949.67,483.28,199.22,23.31,52.54,15.62,31.85,0.98,-56.48,-0.41,1.45,-0.011,EXHAUST_LEAK
3615.68,0.7471,886.04,432.77,184.17,25.4,49.44,14.08,29.67,4.818,-42.99,-4.65,0.38,3.983,CYLINDER_MISFIRE
3336.21,0.5558,747.83,362.46,159.41,19.37,51.97,11.54,29.43,0.751,-52.44,2.29,1.29,0.0,EXHAUST_LEAK
2672.81,0.3113,694.43,251.0,124.75,19.41,48.88,2.71,27.13,0.601,74.02,-1.25,-1.89,0.05,FUEL_RESTRICTION
3250.29,0.4778,670.88,327.54,149.44,19.38,52.63,10.34,28.98,0.727,-78.29,-1.96,1.11,0.002,EXHAUST_LEAK
4158.2,0.8651,1068.75,528.4,198.4,27.1,51.6,16.13,40.99,1.03,41.76,32.2,0.33,0.033,OVERHEATING
3743.03,0.7476,985.68,441.04,186.36,25.25,50.79,8.92,30.58,0.836,49.99,-0.38,0.92,-0.037,FUEL_RESTRICTION
3210.92,0.5559,837.73,356.98,156.16,22.88,50.51,7.71,28.66,0.685,43.65,0.54,0.65,-0.028,FUEL_RESTRICTION
3013.9,0.4929,816.63,328.96,148.09,21.63,49.24,4.53,29.38,0.629,70.23,1.12,-0.48,-0.025,FUEL_RESTRICTION
3041.88,0.4201,736.9,330.47,140.8,20.84,52.96,9.32,41.25,0.586,32.75,27.98,1.75,-0.077,OVERHEATING
3133.85,0.4432,754.61,336.9,146.51,20.88,53.18,9.84,39.37,0.68,31.99,23.33,1.79,-0.01,OVERHEATING
3963.13,0.7698,962.93,455.6,195.17,25.83,52.72,14.99,31.49,0.969,2.9,-0.42,1.82,0.03,NORMAL
2879.9,0.4071,685.46,292.89,161.71,20.51,19.46,9.55,28.22,1.894,-2.81,-0.07,-30.93,1.28,LUBRICATION_ISSUE
3633.78,0.6609,829.97,407.37,175.24,21.69,50.07,13.35,30.04,0.797,-48.29,0.41,-0.65,-0.043,EXHAUST_LEAK
2899.6,0.4251,698.53,296.03,176.01,20.75,24.49,9.37,29.45,2.275,-1.49,-3.97,-25.71,1.655,LUBRICATION_ISSUE
3369.84,0.5606,804.52,366.12,160.76,22.91,52.46,11.52,31.11,0.841,-0.32,3.21,1.65,0.08,NORMAL
3778.83,0.7845,1040.4,455.44,189.86,25.95,50.88,10.9,30.62,0.893,80.79,-0.32,1.44,0.01,FUEL_RESTRICTION
3248.34,0.6015,779.78,376.86,163.19,23.67,49.2,12.27,30.23,3.487,-43.56,2.86,-0.09,2.762,CYLINDER_MISFIRE
4167.54,0.9141,1053.3,516.08,232.94,27.77,31.09,16.87,31.63,2.33,-3.55,1.97,-20.25,1.33,LUBRICATION_ISSUE
3549.57,0.7057,901.63,421.86,208.76,24.87,18.09,13.67,31.99,1.972,0.72,1.31,-31.28,1.157,LUBRICATION_ISSUE
3886.5,0.7574,877.04,450.58,189.67,24.0,50.03,14.42,31.04,0.939,-71.74,1.31,-0.6,0.023,EXHAUST_LEAK
2910.01,0.3602,662.19,273.76,131.67,20.38,50.84,8.61,27.81,0.686,0.57,-3.21,-0.59,0.063,NORMAL
4173.87,0.859,1053.84,527.03,200.73,26.63,52.39,15.87,48.7,0.934,29.73,32.57,1.0,-0.069,OVERHEATING
3555.01,0.6306,882.81,410.23,171.48,24.0,51.76,12.83,48.19,0.826,26.67,16.55,1.01,0.01,OVERHEATING
2474.79,0.3003,565.82,241.62,117.7,19.2,49.83,7.33,25.73,4.462,-38.09,-0.73,0.15,3.97,CYLINDER_MISFIRE
3513.94,0.6806,922.84,412.24,174.61,24.4,49.56,8.42,30.4,0.822,38.77,1.79,-0.03,0.018,FUEL_RESTRICTION
3354.1,0.5442,794.8,359.75,157.29,22.8,51.06,11.46,29.0,0.799,0.57,3.22,0.06,0.043,NORMAL
4315.97,0.9274,1003.48,525.6,198.14,25.6,52.18,16.98,31.83,1.067,-68.76,2.26,-0.34,0.023,EXHAUST_LEAK
4118.73,0.8342,1008.24,485.72,198.35,26.7,50.89,15.53,32.56,0.953,1.79,1.85,-0.06,-0.033,NORMAL
3486.62,0.5868,826.09,378.07,166.31,23.5,50.74,12.22,29.54,0.855,-0.32,2.22,-0.36,0.059,NORMAL
2846.98,0.4097,734.9,294.22,139.07,20.62,49.85,4.18,27.89,0.606,46.71,1.31,-0.28,0.002,FUEL_RESTRICTION
3109.92,0.4274,765.68,339.33,140.41,20.7,50.09,9.67,34.69,0.659,53.72,32.15,-1.43,-0.024,OVERHEATING
2703.78,0.3571,713.4,266.25,131.24,20.42,53.03,2.73,28.79,0.536,63.96,-3.41,2.89,-0.025,FUEL_RESTRICTION
3615.81,0.6534,909.26,419.02,175.3,23.93,50.86,12.9,37.93,0.803,36.43,15.32,0.12,-0.032,OVERHEATING
3381.78,0.6172,880.83,383.4,170.4,23.42,47.86,7.68,30.69,0.711,41.45,-0.23,-2.01,-0.054,FUEL_RESTRICTION
2573.03,0.3541,598.1,264.51,126.96,20.09,49.69,8.18,27.9,4.581,-43.03,-0.16,0.34,4.06,CYLINDER_MISFIRE
3480.08,0.681,953.55,409.96,178.48,24.44,48.23,10.0,30.8,0.837,70.96,0.4,-1.13,0.043,FUEL_RESTRICTION
3702.96,0.7399,930.46,436.93,203.9,25.1,27.29,14.27,30.68,2.103,1.35,-0.53,-22.47,1.242,LUBRICATION_ISSUE
4190.06,0.9372,1067.49,521.82,229.43,27.85,31.11,17.46,31.59,2.791,-4.34,-1.27,-20.41,1.784,LUBRICATION_ISSUE
4009.67,0.8998,1016.71,504.87,200.68,27.67,51.84,16.83,33.07,5.476,-23.65,0.66,1.77,4.523,CYLINDER_MISFIRE
3906.47,0.7901,1015.5,487.99,192.78,26.12,49.95,14.82,49.28,0.899,46.14,26.38,-0.22,-0.023,OVERHEATING
3871.59,0.8133,982.0,470.26,229.47,26.29,17.43,15.27,31.2,2.713,0.42,1.31,-32.09,1.802,LUBRICATION_ISSUE
2942.62,0.3837,620.93,287.64,135.17,17.33,49.69,8.93,27.91,0.674,-56.41,1.24,-1.53,0.041,EXHAUST_LEAK
2973.91,0.4786,698.63,323.81,148.23,21.27,48.47,10.33,30.57,4.409,-37.23,2.29,-1.24,3.767,CYLINDER_MISFIRE
2814.73,0.3473,642.65,270.33,152.14,19.78,29.1,8.35,27.63,2.369,-6.47,0.86,-21.95,1.775,LUBRICATION_ISSUE
4195.63,0.8771,974.6,499.74,200.26,24.56,52.11,16.38,31.22,1.057,-61.45,-1.89,0.54,0.048,EXHAUST_LEAK
4206.97,0.8708,1038.05,501.41,200.85,27.41,52.06,15.92,31.57,1.06,5.23,1.72,0.4,0.048,NORMAL
3132.16,0.4633,775.87,347.83,146.86,21.28,49.99,10.09,41.45,0.728,41.28,27.08,-1.03,0.038,OVERHEATING
2871.53,0.4402,669.38,307.74,141.91,21.23,49.67,9.54,28.46,4.328,-38.34,3.1,-0.07,3.717,CYLINDER_MISFIRE
3433.32,0.5713,819.71,369.68,164.02,23.19,49.56,11.82,28.58,0.769,5.24,1.0,-1.47,-0.011,NORMAL
4111.74,0.8526,947.2,492.22,200.3,22.94,50.63,15.91,30.98,1.003,-69.94,1.94,-0.27,0.02,EXHAUST_LEAK
3868.1,0.7297,881.71,440.48,186.53,22.61,51.88,14.13,29.36,0.843,-49.5,1.75,0.87,-0.067,EXHAUST_LEAK
3937.66,0.836,997.26,479.62,223.12,26.61,14.97,15.7,31.54,2.624,-1.21,0.54,-34.57,1.693,LUBRICATION_ISSUE
3383.96,0.6697,843.76,401.73,174.79,24.31,51.42,13.03,30.95,4.543,-27.24,-0.86,2.48,3.777,CYLINDER_MISFIRE
2840.54,0.3855,675.15,282.99,152.04,20.59,25.49,8.98,27.48,1.968,1.83,-1.0,-25.03,1.366,LUBRICATION_ISSUE
4083.29,0.829,998.85,481.91,198.02,26.97,52.08,15.57,30.26,1.029,-2.7,0.98,1.42,0.054,NORMAL
3226.2,0.5139,798.79,371.85,152.51,22.47,50.18,10.71,40.51,0.782,29.14,30.07,-0.54,0.064,OVERHEATING
3004.0,0.3987,712.46,315.1,138.96,20.98,51.41,9.07,38.69,0.689,23.04,21.45,0.06,0.038,OVERHEATING
2783.29,0.3096,567.91,255.39,126.93,16.11,52.13,7.84,26.28,0.567,-57.02,0.44,0.61,-0.018,EXHAUST_LEAK
3891.0,0.7564,944.5,451.06,189.32,25.7,53.34,14.58,30.32,0.904,-3.89,2.03,2.66,-0.013,NORMAL
2647.27,0.3267,627.41,254.93,156.68,19.45,26.43,7.93,27.76,1.636,-1.01,-2.12,-23.9,1.092,LUBRICATION_ISSUE
3539.15,0.6623,871.15,402.98,196.58,24.43,18.52,13.02,31.1,2.571,-3.21,-1.64,-31.56,1.759,LUBRICATION_ISSUE
2740.77,0.3059,618.95,251.55,122.42,19.36,54.26,7.88,26.76,0.618,-1.6,-0.78,2.95,0.045,NORMAL
4077.82,0.8861,1034.7,502.56,231.73,27.33,18.47,16.34,32.59,2.147,-0.86,1.23,-32.15,1.174,LUBRICATION_ISSUE
3283.82,0.5923,894.97,377.59,164.33,23.58,48.99,6.96,29.24,0.714,75.37,5.83,-0.69,-0.021,FUEL_RESTRICTION
3845.78,0.865,978.86,486.22,200.68,27.28,50.14,16.02,32.44,4.335,-32.42,-0.54,1.37,3.432,CYLINDER_MISFIRE
4285.27,0.9307,1027.45,521.9,201.92,25.55,52.24,17.16,30.95,0.952,-45.22,-1.7,-0.04,-0.084,EXHAUST_LEAK
4103.08,0.8378,942.13,487.91,200.43,23.15,49.52,15.8,31.99,0.972,-65.68,3.22,-1.31,-0.009,EXHAUST_LEAK
4289.43,0.9164,1093.23,537.81,199.86,28.15,51.48,16.95,44.66,1.048,28.94,19.24,-0.84,0.011,OVERHEATING
2983.38,0.3822,708.27,318.95,133.05,20.11,50.55,8.89,36.62,0.627,29.75,31.84,-0.96,-0.018,OVERHEATING
3398.16,0.5606,739.99,361.92,165.15,20.37,52.19,11.63,27.9,0.831,-66.27,-1.84,1.19,0.061,EXHAUST_LEAK
3575.01,0.6226,884.28,404.4,172.59,23.64,50.91,12.53,45.56,0.863,31.98,13.02,-0.12,0.04,OVERHEATING
3842.05,0.7537,947.61,446.3,187.58,25.16,50.08,14.46,32.3,0.941,3.26,-0.31,-0.32,0.038,NORMAL
3247.81,0.4842,757.77,330.95,149.87,21.59,51.76,10.61,28.46,0.719,4.85,-0.8,0.37,-0.006,NORMAL
2829.75,0.3823,671.94,284.7,160.77,20.58,19.7,8.83,29.75,1.832,1.07,2.17,-30.81,1.233,LUBRICATION_ISSUE
3472.68,0.5957,832.21,382.64,169.26,23.31,49.86,12.21,29.47,0.807,1.15,4.0,-0.99,0.016,NORMAL
3613.65,0.7104,907.61,424.47,215.76,24.89,31.5,13.51,29.3,2.457,0.69,0.32,-18.2,1.623,LUBRICATION_ISSUE
3143.77,0.461,767.82,339.99,144.8,21.71,50.57,10.11,42.51,0.64,34.02,19.71,-0.57,-0.053,OVERHEATING
3833.73,0.74,853.6,440.75,186.42,23.92,47.3,14.26,31.49,0.873,-82.07,-0.65,-3.29,-0.028,EXHAUST_LEAK
3001.23,0.4553,721.53,313.34,168.52,21.16,30.51,10.15,27.89,2.33,-1.73,-0.62,-19.8,1.68,LUBRICATION_ISSUE
3417.14,0.5779,817.86,369.96,163.66,22.69,50.55,11.89,30.81,0.754,0.26,-0.6,-0.26,-0.021,NORMAL
3004.77,0.4564,724.88,314.18,177.38,21.49,19.97,9.69,27.21,2.302,0.81,-0.26,-30.34,1.65,LUBRICATION_ISSUE
3774.29,0.8298,965.43,470.8,196.85,26.38,46.44,15.51,31.8,4.309,-21.18,-1.17,-2.16,3.427,CYLINDER_MISFIRE
3264.25,0.5995,864.37,372.61,165.07,23.49,49.6,8.6,28.17,0.623,41.48,-1.12,0.18,-0.107,FUEL_RESTRICTION
2950.85,0.4612,776.79,313.9,143.19,21.19,52.64,4.74,28.01,0.684,52.5,-0.67,2.76,0.048,FUEL_RESTRICTION
3343.95,0.6449,827.78,393.92,173.64,24.36,50.74,12.68,30.73,3.366,-26.35,1.44,1.61,2.613,CYLINDER_MISFIRE
3263.99,0.5034,798.14,366.27,151.34,22.11,51.06,10.84,42.96,0.716,32.87,27.11,-0.09,-0.014,OVERHEATING
4068.46,0.8383,1049.48,513.32,199.01,26.77,49.53,15.75,46.27,1.038,43.09,29.49,-1.02,0.067,OVERHEATING
3391.87,0.6222,846.19,386.85,192.77,23.68,28.33,12.4,29.35,1.865,3.3,1.12,-21.52,1.098,LUBRICATION_ISSUE
3934.07,0.8215,990.06,477.05,230.67,26.6,15.88,15.61,31.41,2.078,0.47,3.3,-33.9,1.148,LUBRICATION_ISSUE
3911.76,0.7679,994.62,474.37,194.25,25.88,51.63,14.75,45.39,0.86,38.27,20.56,1.03,-0.064,OVERHEATING
3040.73,0.4892,746.44,324.47,172.13,21.71,25.26,10.57,28.44,2.462,0.91,-2.85,-24.7,1.8,LUBRICATION_ISSUE
4152.1,0.8791,1039.03,501.02,198.7,27.27,49.38,16.17,32.81,1.031,3.94,-0.03,-1.84,0.035,NORMAL
3345.63,0.6069,835.66,379.95,187.42,23.04,25.45,12.26,31.22,2.35,4.23,1.1,-24.37,1.597,LUBRICATION_ISSUE
3551.54,0.6162,877.55,412.36,171.05,23.91,51.26,12.6,43.98,0.847,30.27,23.99,0.26,0.032,OVERHEATING
4018.96,0.8885,1102.61,498.76,202.48,27.6,48.21,12.51,31.44,0.872,68.56,-1.67,-1.95,-0.084,FUEL_RESTRICTION
3983.35,0.8006,912.81,467.91,191.9,23.59,48.5,15.08,32.2,0.951,-66.75,0.17,-1.98,0.006,EXHAUST_LEAK
3619.55,0.6426,910.47,416.0,171.17,23.71,49.99,13.0,40.28,0.815,43.93,16.07,-0.97,-0.021,OVERHEATING
2800.44,0.332,690.62,286.93,131.87,19.53,53.32,8.14,42.48,0.609,51.38,23.38,2.09,0.019,OVERHEATING
4293.23,0.913,1096.72,547.92,197.87,27.9,52.71,16.87,47.65,1.066,34.25,30.44,0.37,0.028,OVERHEATING
3363.88,0.6071,905.47,382.48,165.25,23.39,47.68,8.44,30.33,0.76,73.01,3.01,-2.26,0.0,FUEL_RESTRICTION
4316.01,0.9129,1064.67,516.89,200.51,27.6,53.66,16.72,33.28,1.058,1.11,-1.25,1.14,0.013,NORMAL
3389.59,0.5517,808.04,359.68,160.31,22.89,50.42,11.68,28.15,0.751,7.52,-0.63,-0.69,-0.016,NORMAL
2608.67,0.3185,680.11,253.07,121.67,19.26,50.15,2.68,27.43,0.544,58.59,0.16,-0.07,0.012,FUEL_RESTRICTION
3686.62,0.7728,923.27,448.48,187.82,25.48,48.27,14.46,30.58,3.698,-24.75,-0.33,-0.78,2.842,CYLINDER_MISFIRE
2677.2,0.3303,631.45,260.11,150.38,19.45,21.54,8.26,27.78,2.34,-0.59,0.88,-28.91,1.787,LUBRICATION_ISSUE
3457.32,0.5916,776.04,375.69,164.78,20.1,52.7,12.04,29.57,0.788,-51.79,-1.0,1.87,0.001,EXHAUST_LEAK
4043.72,0.8312,996.1,481.34,201.61,26.47,51.51,15.74,33.13,0.946,-4.82,0.79,1.16,-0.017,NORMAL
2756.19,0.3547,646.66,268.86,161.98,19.6,24.55,8.61,28.49,1.527,-3.95,-1.5,-25.98,0.95,LUBRICATION_ISSUE
2663.39,0.358,600.83,270.76,131.15,20.17,47.58,8.33,28.4,4.253,-47.11,2.0,-2.29,3.704,CYLINDER_MISFIRE
4342.76,0.9314,1120.72,541.24,203.23,28.4,53.64,17.04,44.55,1.043,44.76,15.67,0.9,-0.01,OVERHEATING
3681.14,0.7383,929.5,436.73,216.91,25.71,17.65,14.28,30.64,2.274,2.46,0.5,-31.98,1.42,LUBRICATION_ISSUE
2978.54,0.4612,769.97,317.75,146.76,21.42,48.84,5.11,28.13,0.669,44.34,2.37,-1.22,0.025,FUEL_RESTRICTION
3847.58,0.7969,968.84,461.76,216.44,26.12,21.27,14.9,31.14,2.126,-1.7,-0.56,-28.39,1.222,LUBRICATION_ISSUE
2995.17,0.4624,722.29,313.67,168.27,21.34,16.98,9.89,27.43,1.793,-4.94,-2.66,-33.16,1.144,LUBRICATION_ISSUE
3479.75,0.6981,859.81,417.12,177.64,24.71,49.44,13.46,29.06,4.139,-33.02,1.43,0.39,3.345,CYLINDER_MISFIRE
2757.28,0.4216,651.82,292.87,137.52,20.73,46.79,9.16,27.39,4.127,-38.97,-1.61,-2.55,3.55,CYLINDER_MISFIRE
3419.0,0.5732,817.93,369.34,162.46,23.22,51.68,11.68,28.52,0.764,3.07,0.42,0.78,-0.012,NORMAL
3379.11,0.5462,727.52,356.23,159.92,19.13,51.19,11.45,27.89,0.708,-69.18,-1.79,0.06,-0.056,EXHAUST_LEAK
2934.86,0.3563,704.22,303.25,133.14,20.11,53.37,8.3,38.29,0.67,43.71,26.95,1.7,0.039,OVERHEATING
2774.97,0.424,644.7,295.08,138.91,20.9,50.51,9.36,27.9,4.065,-48.47,-0.83,1.11,3.483,CYLINDER_MISFIRE
3380.76,0.6519,820.83,398.15,173.93,24.23,48.74,12.65,30.59,3.585,-39.36,2.04,-0.5,2.821,CYLINDER_MISFIRE
3283.37,0.4961,764.9,336.42,151.09,22.13,51.02,10.61,29.09,0.766,3.09,-0.67,-0.4,0.031,NORMAL
2877.83,0.3683,602.2,277.25,135.31,16.98,52.55,8.5,29.96,0.64,-62.67,-1.67,1.47,0.026,EXHAUST_LEAK
2798.28,0.3971,678.14,288.63,154.63,20.55,28.53,8.87,26.17,2.12,-0.02,1.74,-21.51,1.53,LUBRICATION_ISSUE
2725.01,0.3606,699.65,273.01,133.07,20.03,49.91,3.33,27.51,0.542,47.07,1.46,-0.32,-0.026,FUEL_RESTRICTION
3095.39,0.5439,739.78,349.43,156.35,22.6,50.05,11.13,29.44,4.653,-41.36,0.75,0.72,3.975,CYLINDER_MISFIRE
3504.06,0.6068,794.77,383.67,168.0,20.89,50.67,12.36,30.53,0.758,-44.48,0.12,-0.18,-0.043,EXHAUST_LEAK
2651.82,0.3435,710.27,266.59,127.59,19.67,48.88,2.39,26.26,0.522,71.58,3.37,-1.18,-0.024,FUEL_RESTRICTION
4107.73,0.9024,1054.31,504.97,221.87,27.4,31.16,16.35,31.15,2.455,7.47,-3.13,-19.7,1.473,LUBRICATION_ISSUE
2972.27,0.3624,713.62,306.34,134.36,20.07,51.44,8.81,41.79,0.654,47.59,26.72,-0.36,0.012,OVERHEATING
3627.04,0.6436,869.89,398.96,173.99,24.01,53.16,12.86,29.85,0.792,2.39,-1.54,2.17,-0.047,NORMAL
2987.28,0.4006,686.38,297.8,136.32,20.61,50.24,9.24,27.19,0.68,-3.37,3.95,-0.96,0.034,NORMAL
3194.02,0.4721,688.47,326.92,146.66,17.72,51.34,10.66,28.01,0.695,-54.49,1.15,0.08,-0.013,EXHAUST_LEAK
3613.4,0.6416,895.63,424.71,174.18,24.21,50.39,12.63,44.31,0.801,30.0,25.33,-0.55,-0.033,OVERHEATING
2865.46,0.3381,652.61,270.05,129.54,19.94,52.87,8.21,27.05,0.613,6.5,2.38,1.33,0.003,NORMAL
2925.14,0.3615,664.87,280.7,131.68,20.08,51.91,8.49,27.91,0.569,1.74,2.82,0.41,-0.059,NORMAL
4002.48,0.8948,1088.47,499.68,202.24,27.61,51.15,12.99,32.41,0.969,51.44,-2.54,1.13,0.018,FUEL_RESTRICTION
3173.62,0.4749,747.49,328.27,148.7,21.85,48.24,10.43,27.9,0.773,3.85,2.09,-2.84,0.071,NORMAL
3899.57,0.7787,958.54,457.13,189.45,25.7,49.63,14.64,29.53,0.931,-3.66,-0.19,-0.7,0.012,NORMAL
2766.66,0.3247,679.16,278.43,126.79,19.49,51.22,8.06,39.19,0.531,45.98,18.52,0.08,-0.049,OVERHEATING
3547.22,0.613,843.13,390.69,168.97,23.3,51.18,12.31,30.58,0.788,-2.03,3.6,0.15,-0.026,NORMAL
2886.43,0.407,727.31,293.73,138.23,20.9,50.52,5.65,29.2,0.641,38.8,0.62,0.09,0.025,FUEL_RESTRICTION
4275.4,0.8987,997.69,510.94,201.6,25.04,52.59,16.62,33.71,1.024,-55.29,-0.84,0.39,-0.009,EXHAUST_LEAK
2997.11,0.4492,762.0,313.11,145.26,21.37,51.49,4.18,27.84,0.56,42.63,1.49,1.09,-0.09,FUEL_RESTRICTION
3164.5,0.5486,791.58,350.04,192.17,22.7,18.45,11.18,28.88,2.129,4.2,-2.39,-31.25,1.429,LUBRICATION_ISSUE
3001.52,0.3873,713.66,316.38,137.17,20.34,51.34,8.99,40.83,0.701,31.18,26.9,-0.2,0.05,OVERHEATING
3535.85,0.6219,800.84,389.15,169.89,21.98,51.34,12.36,30.08,0.789,-49.09,-0.81,0.55,-0.022,EXHAUST_LEAK
3932.7,0.8486,1062.22,488.37,200.0,26.91,48.62,12.22,31.96,0.88,56.41,4.89,-0.84,-0.05,FUEL_RESTRICTION
3766.69,0.7775,995.42,454.37,188.31,25.95,49.16,10.26,31.0,0.765,40.57,1.46,-0.33,-0.115,FUEL_RESTRICTION
4279.06,0.9208,1002.76,523.41,201.31,24.28,51.66,16.84,33.01,1.033,-63.68,3.55,-0.58,-0.001,EXHAUST_LEAK
3703.1,0.6871,935.63,439.24,178.64,24.84,51.27,13.5,44.45,0.857,38.21,20.79,0.57,-0.004,OVERHEATING
3871.74,0.7692,955.43,452.57,191.46,25.82,50.67,14.7,31.85,0.912,0.32,-0.5,0.35,0.001,NORMAL
2567.65,0.3128,571.77,248.96,122.92,19.66,51.47,7.74,26.71,4.81,-44.3,-0.68,1.41,4.29,CYLINDER_MISFIRE
2926.78,0.3939,680.65,294.7,137.51,20.34,52.62,8.9,27.71,0.582,-2.02,5.1,1.68,-0.046,NORMAL
4001.85,0.7901,972.56,465.8,194.25,26.13,50.02,14.94,31.39,0.875,-1.58,1.32,-0.77,-0.075,NORMAL
3718.96,0.736,930.1,437.62,220.5,25.29,32.64,13.95,29.01,2.665,2.57,1.1,-17.28,1.799,LUBRICATION_ISSUE
2618.29,0.3255,682.15,257.95,124.33,19.65,50.11,2.41,28.54,0.509,55.96,2.23,-0.05,-0.027,FUEL_RESTRICTION
3733.33,0.713,842.09,427.37,183.07,21.35,52.37,13.55,28.75,0.935,-72.37,-1.3,1.93,0.065,EXHAUST_LEAK
2805.51,0.317,571.31,257.23,125.12,16.9,50.41,8.07,27.02,0.632,-59.19,-1.07,-1.12,0.04,EXHAUST_LEAK
3562.91,0.7143,868.34,421.55,179.19,24.7,51.74,13.68,30.3,4.616,-38.38,-2.48,2.44,3.797,CYLINDER_MISFIRE
2904.5,0.3591,662.2,275.73,130.81,20.26,51.8,8.38,28.42,0.641,1.51,-0.68,0.38,0.019,NORMAL
3005.83,0.3834,625.98,290.11,136.71,16.28,52.89,9.07,26.96,0.585,-54.36,1.91,1.25,-0.067,EXHAUST_LEAK
4332.02,0.9136,1062.21,524.5,196.41,27.72,50.62,17.23,32.1,1.043,-2.57,5.63,-2.04,-0.007,NORMAL
3721.31,0.7615,991.84,446.46,188.58,25.52,49.13,9.54,32.79,0.91,48.86,0.67,-0.35,0.044,FUEL_RESTRICTION
3059.05,0.4286,638.89,302.92,144.71,18.5,53.08,9.95,28.56,0.683,-71.25,-3.16,1.91,0.015,EXHAUST_LEAK
3042.92,0.4274,636.92,304.35,140.24,18.94,51.46,9.41,28.26,0.642,-71.65,-0.8,0.37,-0.021,EXHAUST_LEAK
3505.46,0.6384,854.62,395.58,191.56,23.88,21.58,12.73,29.93,1.668,-3.67,0.6,-28.72,0.866,LUBRICATION_ISSUE
4077.83,0.8215,949.41,478.89,197.63,24.3,50.42,15.53,31.19,0.938,-47.36,0.83,-0.3,-0.035,EXHAUST_LEAK
2955.3,0.4826,703.27,319.78,145.27,21.95,50.62,10.29,30.06,4.871,-34.04,-2.62,1.1,4.234,CYLINDER_MISFIRE
4051.01,0.8947,1110.32,501.82,202.14,27.83,48.83,10.53,32.52,0.929,70.93,-1.81,-1.57,-0.036,FUEL_RESTRICTION
3692.7,0.6665,833.9,410.91,176.44,21.48,51.22,13.36,30.17,0.843,-50.65,0.18,0.22,-0.015,EXHAUST_LEAK
3366.17,0.5919,821.66,375.63,183.67,23.23,26.53,11.88,29.45,2.268,-1.77,1.57,-23.69,1.509,LUBRICATION_ISSUE
3680.79,0.7383,967.89,435.02,185.83,25.43,50.19,9.51,31.82,0.859,40.87,-1.19,0.55,0.004,FUEL_RESTRICTION
4058.85,0.8893,1032.87,502.63,226.16,27.61,30.86,16.47,31.3,2.675,-3.66,0.72,-19.62,1.707,LUBRICATION_ISSUE
2857.71,0.3439,574.01,269.32,129.95,16.42,52.06,8.45,28.31,0.618,-75.24,-0.23,0.68,0.011,EXHAUST_LEAK
3105.85,0.4518,721.07,316.77,142.53,21.08,48.56,9.94,28.49,0.669,-5.31,0.94,-2.49,-0.013,NORMAL
3731.09,0.6742,892.6,412.71,178.25,24.35,52.09,13.48,30.76,0.899,1.52,-1.94,0.97,0.03,NORMAL
3002.64,0.381,714.83,318.97,135.29,20.11,50.09,8.83,39.18,0.672,36.11,31.75,-1.57,0.021,OVERHEATING
3183.58,0.4616,734.35,320.91,148.3,21.35,51.89,10.2,28.81,0.66,-1.76,-0.75,0.51,-0.045,NORMAL
2834.47,0.333,594.27,267.58,128.86,17.12,50.94,8.33,27.6,0.578,-47.23,2.68,-0.49,-0.022,EXHAUST_LEAK
2789.93,0.3807,721.9,281.37,133.06,20.55,51.26,5.93,27.29,0.638,53.99,0.62,0.98,0.051,FUEL_RESTRICTION
3534.16,0.7374,885.96,433.03,183.84,25.38,48.59,13.96,31.2,3.769,-33.16,1.56,-0.11,2.959,CYLINDER_MISFIRE
2834.12,0.4538,668.59,309.61,145.35,21.21,50.56,9.84,28.86,4.656,-45.37,1.23,1.3,4.056,CYLINDER_MISFIRE
3226.22,0.5921,788.57,368.72,162.91,23.03,51.45,11.86,29.83,4.812,-28.03,-1.24,2.13,4.094,CYLINDER_MISFIRE
2794.68,0.306,650.7,268.72,124.49,19.37,51.85,7.71,43.47,0.543,27.37,14.73,0.2,-0.045,OVERHEATING
3283.54,0.58,889.73,369.14,160.13,23.58,50.04,6.03,29.53,0.73,77.53,1.81,0.13,-0.005,FUEL_RESTRICTION
4115.88,0.8996,1048.21,509.82,226.06,27.35,29.45,16.52,33.53,2.196,2.69,2.51,-21.48,1.212,LUBRICATION_ISSUE
3518.68,0.6828,841.39,410.14,177.51,24.53,48.58,13.27,30.13,5.052,-44.24,-1.24,-1.0,4.246,CYLINDER_MISFIRE
3887.4,0.7695,1008.54,483.69,191.1,25.74,50.99,14.93,44.32,0.922,52.5,30.06,0.58,0.006,OVERHEATING
2990.67,0.4602,719.91,313.23,173.3,21.54,32.12,10.03,27.82,1.901,-5.71,-2.15,-18.03,1.254,LUBRICATION_ISSUE
2567.81,0.3296,596.74,252.75,125.13,19.55,51.05,7.88,26.22,3.021,-29.44,-2.95,1.3,2.5,CYLINDER_MISFIRE
2798.56,0.4318,651.27,298.55,139.72,21.29,49.33,9.4,29.68,5.13,-47.76,-0.87,-0.09,4.54,CYLINDER_MISFIRE
3320.81,0.5989,902.22,372.25,165.41,23.39,49.72,7.75,29.89,0.741,76.87,-2.96,-0.09,-0.005,FUEL_RESTRICTION
3140.84,0.5131,762.77,340.19,182.41,22.09,30.06,10.7,27.64,1.701,-2.14,1.25,-20.12,1.009,LUBRICATION_ISSUE
2999.22,0.5148,732.4,338.14,151.42,22.13,46.69,10.42,28.39,3.232,-26.43,2.84,-2.54,2.582,CYLINDER_MISFIRE
3819.97,0.8503,965.8,481.81,199.16,27.15,49.62,15.63,32.67,4.632,-35.39,1.1,1.06,3.736,CYLINDER_MISFIRE
3939.81,0.7929,1010.65,482.95,197.07,26.1,49.36,15.07,39.42,0.907,37.92,19.31,-0.98,-0.025,OVERHEATING
4076.75,0.8136,943.57,476.76,197.87,23.35,52.56,15.1,30.92,0.991,-48.41,1.58,1.71,0.018,EXHAUST_LEAK
3553.74,0.6223,806.72,387.41,170.76,20.22,50.33,12.5,28.91,0.821,-44.36,-3.23,-0.57,0.005,EXHAUST_LEAK
4006.33,0.8043,1020.32,502.09,195.79,26.12,48.41,15.35,44.99,0.922,37.41,32.34,-2.16,-0.03,OVERHEATING
3345.05,0.6249,842.77,383.81,188.29,23.72,16.09,12.59,29.56,2.127,0.57,-1.51,-33.41,1.374,LUBRICATION_ISSUE
2617.43,0.3422,604.23,261.4,127.62,19.47,50.58,8.16,28.88,4.479,-31.94,-0.31,0.72,3.943,CYLINDER_MISFIRE
3896.67,0.7538,897.82,447.17,189.27,22.99,51.51,14.49,30.53,0.895,-49.28,-1.09,0.75,-0.024,EXHAUST_LEAK
3420.07,0.6595,834.1,399.9,174.56,24.11,50.67,12.91,29.02,4.831,-32.62,-0.13,1.31,4.055,CYLINDER_MISFIRE
3892.19,0.8713,990.01,490.13,198.56,27.29,49.81,15.8,32.88,3.574,-27.39,-0.31,0.67,2.657,CYLINDER_MISFIRE
4278.69,0.9014,1092.49,539.74,199.03,27.95,52.09,16.61,41.78,1.039,37.74,26.89,-0.14,0.005,OVERHEATING
2957.3,0.3767,676.4,286.21,135.06,20.08,52.21,8.83,25.78,0.653,2.52,1.88,0.77,0.016,NORMAL
3539.11,0.6935,895.64,416.02,198.39,24.77,27.14,13.38,30.75,2.228,2.6,0.19,-22.38,1.416,LUBRICATION_ISSUE
3133.68,0.5191,764.97,339.48,190.18,22.46,19.39,11.02,28.78,2.296,-3.19,-1.42,-30.63,1.606,LUBRICATION_ISSUE
2762.3,0.3178,575.27,259.77,125.51,17.55,49.72,8.0,27.99,0.625,-53.53,2.49,-1.51,0.046,EXHAUST_LEAK
3095.17,0.5226,741.43,339.84,152.51,22.6,51.56,11.06,29.43,3.47,-26.89,-1.15,1.85,2.792,CYLINDER_MISFIRE
3553.89,0.6257,886.43,414.61,173.01,23.56,50.56,12.59,39.24,0.746,33.34,22.76,-0.27,-0.07,OVERHEATING
3486.87,0.6095,778.65,384.12,164.65,21.96,49.48,12.39,30.28,0.802,-61.39,0.09,-1.21,0.005,EXHAUST_LEAK
3006.27,0.4117,695.83,297.44,138.4,21.11,52.84,9.41,27.91,0.625,-1.48,-0.95,1.71,-0.027,NORMAL
2711.52,0.3606,708.31,268.19,128.57,19.84,51.71,5.09,26.95,0.535,56.38,-2.97,1.57,-0.028,FUEL_RESTRICTION
2985.47,0.3881,679.1,289.37,135.58,20.13,52.93,8.96,27.09,0.639,-3.02,0.1,1.51,-0.007,NORMAL
4035.71,0.8164,991.89,474.67,197.26,26.23,49.62,15.57,31.03,0.955,0.25,-0.32,-0.92,-0.006,NORMAL
3862.22,0.723,972.47,459.06,186.34,25.16,51.23,14.21,39.34,0.976,45.54,22.91,0.14,0.068,OVERHEATING
3090.11,0.504,759.86,334.49,183.62,22.31,25.99,10.79,28.89,1.886,2.96,0.35,-24.02,1.209,LUBRICATION_ISSUE
4217.74,0.9117,1056.29,512.06,202.13,27.88,50.89,16.92,32.24,1.004,-1.64,-2.7,-0.85,-0.011,NORMAL
3846.11,0.7497,945.02,444.67,185.83,25.89,50.43,14.31,31.33,0.951,2.89,-0.61,-0.07,0.047,NORMAL
3799.39,0.7815,1000.7,453.2,191.82,25.8,49.42,10.26,31.72,0.872,41.81,-2.13,-0.21,-0.018,FUEL_RESTRICTION
3203.82,0.4837,788.07,346.65,151.68,21.87,52.33,10.21,40.96,0.75,37.64,16.4,1.21,0.039,OVERHEATING
3456.75,0.5979,831.4,378.05,169.33,23.72,49.47,12.02,29.84,0.843,-0.17,-0.9,-1.24,0.056,NORMAL
3063.53,0.4732,785.04,321.3,147.75,21.77,51.83,4.61,27.26,0.638,47.92,-0.97,1.43,-0.031,FUEL_RESTRICTION
2950.87,0.4702,805.47,316.69,145.01,21.34,49.71,4.53,28.13,0.633,75.83,-1.1,-0.01,-0.003,FUEL_RESTRICTION
3590.64,0.7469,880.87,436.81,185.68,25.02,50.27,14.18,31.2,5.087,-46.81,0.21,1.38,4.26,CYLINDER_MISFIRE
4020.72,0.7944,915.3,463.77,194.42,24.66,48.5,15.2,31.55,0.889,-62.37,-2.83,-2.33,-0.067,EXHAUST_LEAK
3680.98,0.6847,897.31,418.55,180.4,24.83,53.24,13.39,30.57,0.838,2.46,1.63,2.64,-0.017,NORMAL
3550.6,0.6291,855.2,395.33,170.34,23.74,49.16,12.5,30.45,0.815,0.24,2.36,-1.59,0.0,NORMAL
2957.4,0.3801,707.62,310.16,134.97,20.31,51.46,9.05,41.96,0.603,31.7,24.61,0.08,-0.034,OVERHEATING
3751.56,0.7677,953.58,448.12,215.84,25.62,27.31,14.7,33.08,1.838,5.36,-0.81,-22.25,0.963,LUBRICATION_ISSUE
3438.48,0.6651,833.43,401.37,178.05,24.45,50.16,13.1,30.78,4.998,-37.56,-1.22,0.78,4.216,CYLINDER_MISFIRE
3459.86,0.5947,829.0,373.49,162.97,23.33,51.52,12.15,29.89,0.834,-0.82,-4.4,0.74,0.046,NORMAL
3388.69,0.6389,912.89,393.6,174.09,23.6,49.05,8.88,29.53,0.772,60.1,1.92,-0.47,0.005,FUEL_RESTRICTION
3964.25,0.8785,979.91,494.47,199.93,27.52,50.26,15.99,32.43,4.488,-45.38,-0.71,0.55,3.549,CYLINDER_MISFIRE
3128.65,0.5481,748.85,350.99,156.14,22.61,51.58,11.19,29.51,4.018,-36.45,-0.19,2.11,3.329,CYLINDER_MISFIRE
3322.52,0.5213,729.6,348.13,153.93,18.21,51.26,11.01,28.6,0.808,-49.32,0.78,0.05,0.061,EXHAUST_LEAK
2861.03,0.4626,686.42,309.68,143.58,21.34,49.85,9.6,29.49,3.59,-34.2,-2.69,0.58,2.982,CYLINDER_MISFIRE
3464.78,0.6867,856.7,410.97,176.94,24.44,48.73,13.35,29.54,4.34,-28.56,-0.19,-0.43,3.551,CYLINDER_MISFIRE
3743.54,0.7701,1020.51,446.73,191.2,25.94,49.95,9.24,30.45,0.886,71.26,-2.83,0.48,0.013,FUEL_RESTRICTION
3977.92,0.8504,1008.05,486.86,223.91,26.73,24.38,15.99,31.23,2.544,-1.07,1.39,-25.44,1.6,LUBRICATION_ISSUE
3707.73,0.6946,934.12,448.73,181.5,24.88,49.57,13.43,45.98,0.862,31.97,27.44,-1.03,-0.001,OVERHEATING
3761.45,0.7334,928.2,435.98,212.6,25.07,21.49,14.18,31.13,2.426,0.11,-0.87,-28.76,1.548,LUBRICATION_ISSUE
3797.18,0.8431,961.72,474.9,200.35,27.03,49.16,15.46,32.25,4.106,-34.02,-2.54,0.65,3.217,CYLINDER_MISFIRE
2971.02,0.3977,686.01,297.09,136.28,20.55,50.61,8.99,28.52,0.643,-1.16,4.78,-0.55,0.001,NORMAL
3546.35,0.7079,872.41,424.16,179.12,24.33,48.33,13.66,30.61,5.24,-29.66,2.92,-0.98,4.426,CYLINDER_MISFIRE
2797.8,0.3355,687.35,288.93,126.43,19.79,51.8,8.03,39.61,0.576,46.19,24.24,0.65,-0.013,OVERHEATING
3370.85,0.6187,813.51,383.1,169.88,23.76,52.16,12.36,29.95,5.059,-26.23,-0.74,2.39,4.298,CYLINDER_MISFIRE
3875.19,0.7628,949.65,451.88,191.1,25.81,48.42,14.76,30.65,0.898,-1.81,1.0,-2.03,-0.014,NORMAL
2859.25,0.4207,757.1,297.61,139.83,21.19,49.74,3.58,27.58,0.558,61.72,0.38,-0.28,-0.05,FUEL_RESTRICTION
3320.91,0.5986,890.64,372.11,162.74,23.61,52.17,8.9,28.33,0.794,65.41,-3.03,2.36,0.048,FUEL_RESTRICTION
2607.32,0.3078,617.38,249.37,142.47,18.92,27.59,7.61,27.41,1.349,2.35,0.35,-22.82,0.816,LUBRICATION_ISSUE
3385.91,0.6325,909.64,389.61,169.86,23.51,47.51,7.74,29.73,0.817,60.83,0.33,-2.12,0.051,FUEL_RESTRICTION
4064.76,0.8348,938.53,484.26,199.24,23.01,51.05,15.45,31.91,0.863,-65.57,1.8,0.53,-0.107,EXHAUST_LEAK
4142.04,0.8742,953.1,500.13,200.43,25.75,50.15,16.1,32.12,0.954,-78.5,1.17,-0.99,-0.038,EXHAUST_LEAK
2638.23,0.3365,630.65,263.57,153.21,19.75,18.3,8.04,27.35,1.454,-3.17,3.28,-31.79,0.912,LUBRICATION_ISSUE
3788.05,0.8054,926.56,464.07,194.7,26.18,49.21,14.93,30.65,3.448,-46.06,0.5,0.08,2.562,CYLINDER_MISFIRE
3525.08,0.6007,865.48,401.95,165.31,23.37,54.01,12.3,46.29,0.797,28.79,19.93,2.91,-0.01,OVERHEATING
2921.81,0.3853,712.69,317.72,136.22,20.52,49.76,9.05,40.56,0.563,35.41,31.35,-1.29,-0.063,OVERHEATING
2971.51,0.4779,805.82,318.58,145.36,22.22,50.35,6.61,27.57,0.645,70.52,-2.59,0.64,0.003,FUEL_RESTRICTION
3844.57,0.7472,942.04,440.44,187.88,25.23,50.3,14.53,31.22,0.949,1.5,-3.88,-0.24,0.046,NORMAL
4051.42,0.8153,990.86,473.58,197.86,26.48,51.76,15.41,30.56,1.005,-0.92,-1.49,1.1,0.04,NORMAL
3973.73,0.7822,1026.03,487.7,195.01,25.86,51.7,15.09,47.84,1.009,58.02,26.89,0.95,0.067,OVERHEATING
3449.06,0.6399,856.76,394.79,192.24,23.51,18.78,12.39,30.37,2.528,0.38,0.96,-31.12,1.744,LUBRICATION_ISSUE
3843.64,0.8023,969.12,463.03,224.27,26.23,20.92,15.15,30.78,2.403,-4.44,-1.1,-28.62,1.5,LUBRICATION_ISSUE
4248.16,0.882,1089.57,521.9,200.36,27.36,50.05,16.42,49.88,0.994,47.99,16.95,-1.93,-0.03,OVERHEATING
3992.75,0.8625,1023.69,490.87,219.5,26.92,23.74,15.89,32.92,2.43,6.58,0.61,-26.2,1.482,LUBRICATION_ISSUE
2699.96,0.3625,653.05,276.21,158.53,20.3,32.18,8.49,25.96,1.479,0.53,4.7,-17.84,0.919,LUBRICATION_ISSUE
3993.34,0.8344,998.77,481.33,233.96,26.65,28.14,15.59,32.97,1.877,-1.54,1.15,-21.8,0.929,LUBRICATION_ISSUE
3427.62,0.5727,862.65,388.31,163.96,23.14,48.55,11.62,39.76,0.746,47.62,19.3,-2.42,-0.033,OVERHEATING
3670.65,0.6639,918.3,438.55,177.59,24.23,52.15,13.01,43.13,0.885,36.43,29.43,1.24,0.033,OVERHEATING
4011.46,0.7921,976.17,462.34,195.55,26.13,52.2,15.19,30.34,0.994,0.36,-3.14,1.38,0.04,NORMAL
3771.43,0.7963,928.08,461.33,192.8,26.0,48.59,14.92,30.02,4.476,-38.24,1.53,-0.59,3.595,CYLINDER_MISFIRE
3535.65,0.673,876.38,408.18,195.03,24.42,24.36,13.37,29.15,2.045,-4.23,-0.19,-25.51,1.235,LUBRICATION_ISSUE
2798.88,0.4351,661.96,301.75,140.05,21.39,52.33,9.64,26.8,3.319,-39.04,1.15,2.97,2.729,CYLINDER_MISFIRE
3066.2,0.5228,829.27,338.73,153.17,22.07,50.49,6.6,30.31,0.657,62.29,-1.46,0.97,-0.013,FUEL_RESTRICTION
3946.61,0.8678,983.35,495.33,200.36,27.02,48.96,15.84,32.77,3.637,-34.66,4.52,-0.61,2.703,CYLINDER_MISFIRE
3329.42,0.6177,811.12,383.02,167.72,23.54,50.78,12.23,30.87,4.446,-25.97,0.77,1.26,3.697,CYLINDER_MISFIRE
3677.03,0.6386,865.76,398.89,173.89,23.89,52.94,12.74,29.91,0.888,-1.27,-1.33,1.53,0.035,NORMAL
3429.9,0.5841,824.0,370.19,162.18,23.51,49.89,11.81,27.86,0.765,2.02,-3.0,-0.88,-0.014,NORMAL
3389.67,0.6137,835.96,383.58,202.53,23.39,28.18,12.22,30.27,1.959,-1.73,0.96,-21.8,1.192,LUBRICATION_ISSUE
4008.08,0.8799,1104.35,496.72,201.48,27.31,52.06,11.17,32.45,0.96,76.02,-0.27,2.0,0.007,FUEL_RESTRICTION
3791.08,0.7221,879.16,433.31,186.4,21.54,51.65,13.74,29.15,0.942,-43.65,-0.37,1.0,0.055,EXHAUST_LEAK
3596.95,0.7339,893.97,433.84,181.07,25.34,48.51,14.21,31.13,4.348,-26.19,1.75,-0.66,3.519,CYLINDER_MISFIRE
3044.82,0.4257,748.36,332.47,143.83,20.58,51.92,9.37,37.76,0.583,40.68,27.86,0.79,-0.08,OVERHEATING
3527.71,0.7177,871.65,426.57,182.54,25.28,51.37,13.86,30.94,4.746,-35.34,2.38,2.36,3.937,CYLINDER_MISFIRE
4258.61,0.9003,981.08,512.11,200.24,24.54,53.15,16.64,32.6,0.955,-72.06,0.23,1.08,-0.073,EXHAUST_LEAK
2754.71,0.3095,562.98,256.82,124.88,17.58,50.75,7.53,28.0,0.589,-60.47,2.75,-0.58,0.013,EXHAUST_LEAK
3375.74,0.5458,839.18,389.02,156.42,22.56,51.66,11.47,46.0,0.811,42.91,31.26,0.54,0.048,OVERHEATING
3617.75,0.6583,913.01,431.07,172.95,24.25,50.75,12.91,45.86,0.896,37.16,25.56,0.09,0.061,OVERHEATING
2795.62,0.4059,645.0,288.79,133.87,20.64,49.44,8.99,29.09,4.341,-38.31,-1.2,-0.43,3.752,CYLINDER_MISFIRE
4027.99,0.7819,1001.16,483.19,193.33,25.59,49.9,14.78,49.49,0.983,30.61,20.86,-1.2,0.025,OVERHEATING
3925.58,0.8409,1064.54,480.35,199.09,26.59,48.28,10.5,32.45,0.868,63.71,-0.15,-1.13,-0.06,FUEL_RESTRICTION
2596.33,0.3067,664.34,249.57,123.55,19.18,49.84,1.73,25.97,0.544,50.47,1.25,-0.52,0.015,FUEL_RESTRICTION
2603.49,0.3482,606.94,263.85,127.73,19.76,50.71,7.87,26.45,4.474,-32.15,0.4,1.06,3.943,CYLINDER_MISFIRE
2989.27,0.3795,717.2,314.85,133.95,20.25,50.18,8.9,40.77,0.676,40.05,28.56,-1.42,0.029,OVERHEATING
2763.65,0.4231,659.14,293.95,137.73,21.1,48.54,9.58,30.37,3.2,-32.9,-1.27,-0.81,2.621,CYLINDER_MISFIRE
4087.22,0.8434,1052.54,506.26,201.8,26.65,51.9,15.71,40.1,1.009,42.17,20.04,1.2,0.033,OVERHEATING
3502.14,0.5918,829.2,377.31,166.77,23.15,51.34,12.05,30.03,0.794,-1.0,-0.81,0.23,-0.006,NORMAL
4206.57,0.8967,1080.05,534.71,198.42,27.71,50.95,16.57,48.06,1.05,31.67,25.68,-0.7,0.038,OVERHEATING
2872.75,0.342,591.36,271.18,128.84,17.78,50.05,8.49,28.0,0.656,-57.5,1.87,-1.47,0.044,EXHAUST_LEAK
3364.45,0.5443,795.53,355.27,161.18,22.56,50.39,11.3,29.93,0.753,0.74,-1.6,-0.68,-0.006,NORMAL
3620.42,0.6821,889.28,416.26,211.08,24.43,27.78,13.45,29.6,2.136,-1.02,2.08,-22.47,1.3,LUBRICATION_ISSUE
2582.81,0.3189,576.52,251.49,125.94,19.84,50.73,7.82,29.09,4.726,-43.93,-0.78,0.68,4.202,CYLINDER_MISFIRE
2868.27,0.3126,665.16,273.65,124.68,19.82,52.89,7.85,44.34,0.623,34.17,15.06,0.87,0.012,OVERHEATING
2721.11,0.3796,622.5,275.95,133.03,20.64,50.02,8.36,27.58,4.256,-41.31,-2.33,0.17,3.69,CYLINDER_MISFIRE
2742.65,0.408,640.92,288.85,137.49,20.78,48.17,9.22,28.34,4.806,-41.02,-0.31,-1.32,4.233,CYLINDER_MISFIRE
3257.19,0.5328,782.65,347.82,174.12,22.71,24.83,11.22,28.72,1.503,0.09,-1.71,-25.75,0.776,LUBRICATION_ISSUE
4138.89,0.865,987.36,497.85,198.84,23.73,50.68,16.34,31.27,1.032,-38.57,2.29,-0.43,0.041,EXHAUST_LEAK
2836.28,0.4081,745.24,292.91,139.34,20.32,49.17,3.97,29.01,0.564,58.57,0.91,-0.92,-0.037,FUEL_RESTRICTION
3756.9,0.7817,1025.62,454.47,190.35,26.11,48.48,11.36,30.33,0.929,68.72,0.34,-0.87,0.052,FUEL_RESTRICTION
2884.56,0.3367,689.99,288.21,128.96,19.97,50.03,8.2,39.69,0.604,43.72,20.45,-1.66,-0.011,OVERHEATING
3555.86,0.6224,851.09,390.66,170.49,23.85,49.66,12.79,30.18,0.846,-0.17,-0.1,-1.25,0.029,NORMAL
3851.6,0.8034,1029.95,466.07,195.64,26.48,50.28,9.59,30.91,0.937,55.33,1.3,0.7,0.032,FUEL_RESTRICTION
2722.49,0.3903,618.33,282.4,133.97,20.34,50.68,8.79,28.44,4.443,-51.98,0.22,1.01,3.876,CYLINDER_MISFIRE
3129.93,0.4365,718.14,314.1,142.69,20.99,52.06,9.7,28.61,0.627,-0.23,3.08,0.57,-0.062,NORMAL
3184.88,0.5395,785.96,350.0,178.29,22.63,16.06,11.04,29.51,1.988,3.04,0.25,-33.94,1.282,LUBRICATION_ISSUE
4142.08,0.8638,1056.0,511.55,198.45,27.58,51.87,16.43,46.56,0.963,30.61,16.31,0.73,-0.03,OVERHEATING
3787.12,0.7302,931.58,436.22,186.13,25.12,51.58,14.18,30.19,0.84,4.07,-0.29,1.11,-0.047,NORMAL
3491.08,0.5962,875.57,408.53,165.09,23.31,52.74,12.04,42.59,0.808,43.29,29.16,1.78,0.01,OVERHEATING
3909.52,0.7845,961.69,457.87,195.22,25.95,50.39,15.03,31.83,0.934,-4.49,-1.84,0.1,0.011,NORMAL
3775.73,0.7255,953.57,451.19,185.73,25.25,50.94,14.02,49.46,0.902,29.49,16.75,0.45,0.02,OVERHEATING
4019.69,0.824,1032.93,503.65,201.13,26.68,52.0,15.53,48.09,0.929,37.56,26.43,1.71,-0.027,OVERHEATING
4028.56,0.8914,1009.05,501.71,202.6,27.34,50.45,16.48,31.74,5.011,-27.23,-0.06,0.23,4.052,CYLINDER_MISFIRE
3985.86,0.8888,992.31,499.23,200.01,27.6,50.97,16.3,31.82,5.184,-40.26,-0.32,1.08,4.238,CYLINDER_MISFIRE
2781.91,0.3632,656.9,274.8,161.99,19.87,21.73,8.37,27.04,1.623,-0.09,0.6,-28.81,1.039,LUBRICATION_ISSUE
2647.02,0.3675,615.52,272.02,128.47,19.93,48.05,8.26,27.56,3.194,-37.33,0.31,-1.54,2.65,CYLINDER_MISFIRE
2809.94,0.3558,645.11,276.02,158.11,19.83,19.39,8.25,28.65,1.395,-8.86,3.64,-31.47,0.802,LUBRICATION_ISSUE
4028.28,0.8161,992.98,479.19,198.49,26.48,49.94,15.3,32.19,0.924,1.9,4.54,-0.55,-0.034,NORMAL
4178.05,0.884,971.83,506.09,200.79,25.81,50.5,16.39,32.45,0.972,-67.45,2.51,-0.92,-0.031,EXHAUST_LEAK
3005.26,0.47,776.59,321.12,146.57,21.5,51.0,5.78,26.69,0.588,44.34,1.77,0.93,-0.064,FUEL_RESTRICTION
4306.09,0.9095,1102.69,532.08,197.22,27.85,55.39,16.72,46.21,1.086,41.67,15.47,2.94,0.044,OVERHEATING
4172.14,0.8763,964.09,502.83,201.23,23.77,48.87,16.22,32.13,1.011,-70.28,2.21,-2.51,0.009,EXHAUST_LEAK
3562.36,0.7489,877.0,437.24,186.61,25.69,49.36,14.1,31.81,4.68,-50.47,0.76,0.68,3.862,CYLINDER_MISFIRE
3541.57,0.6239,776.98,388.92,173.19,21.85,53.04,12.5,30.21,0.83,-74.45,-1.93,2.25,0.017,EXHAUST_LEAK
4213.06,0.9447,1074.61,525.04,225.15,28.22,31.17,17.38,33.14,2.504,-2.88,-1.45,-20.53,1.49,LUBRICATION_ISSUE
2619.23,0.3644,601.76,270.48,128.92,20.03,49.1,8.43,26.98,4.714,-47.87,0.71,-0.37,4.178,CYLINDER_MISFIRE
2662.5,0.3572,617.31,268.49,129.91,20.01,50.03,8.36,27.63,4.407,-30.16,0.01,0.15,3.858,CYLINDER_MISFIRE
2932.95,0.3591,706.32,290.35,129.53,19.98,49.78,8.63,40.04,0.69,44.22,13.1,-1.82,0.06,OVERHEATING
4197.76,0.9492,1127.61,528.47,201.76,28.41,51.66,12.45,31.45,1.007,48.21,0.83,0.08,-0.003,FUEL_RESTRICTION
3181.54,0.546,753.89,351.12,158.1,22.52,48.98,11.2,28.43,3.766,-32.81,-0.89,-0.87,3.062,CYLINDER_MISFIRE
2643.74,0.3356,692.8,259.96,125.34,20.0,52.29,4.35,28.43,0.537,59.23,-0.19,2.15,-0.006,FUEL_RESTRICTION
3804.32,0.7892,1028.09,459.43,197.09,26.13,48.75,9.99,29.95,0.892,64.36,1.19,-0.77,0.0,FUEL_RESTRICTION
3817.3,0.8409,960.88,476.32,201.11,26.68,48.73,15.38,32.42,3.922,-34.53,-0.93,0.05,3.027,CYLINDER_MISFIRE
2831.38,0.3999,684.23,293.91,166.84,20.59,17.44,9.29,27.09,1.828,2.75,5.02,-32.76,1.228,LUBRICATION_ISSUE
3650.67,0.723,966.91,432.32,185.49,25.07,47.28,7.88,32.18,0.815,50.57,2.51,-2.43,-0.031,FUEL_RESTRICTION
4300.35,0.921,1005.65,522.08,200.62,25.82,52.87,17.04,33.14,1.037,-61.96,1.51,0.47,-0.004,EXHAUST_LEAK
3859.28,0.7265,884.09,440.23,184.55,22.89,53.09,13.85,30.74,0.914,-44.79,2.91,2.08,0.006,EXHAUST_LEAK
3065.61,0.4342,717.02,308.61,141.09,21.03,50.95,9.37,28.32,0.699,3.2,0.32,-0.16,0.029,NORMAL
2805.27,0.3339,679.4,285.19,126.62,19.59,49.48,8.33,37.77,0.559,38.78,20.82,-1.75,-0.033,OVERHEATING
2958.63,0.3924,683.27,289.6,136.48,20.12,50.51,9.08,28.27,0.596,-0.1,-0.42,-0.66,-0.041,NORMAL
4234.98,0.8892,997.86,507.72,200.02,23.85,52.18,16.55,31.97,1.046,-47.41,0.56,0.3,0.025,EXHAUST_LEAK
3523.59,0.7113,863.13,419.91,179.31,25.24,45.9,13.69,29.46,4.259,-39.82,-1.86,-3.2,3.452,CYLINDER_MISFIRE
2891.74,0.4153,692.17,297.28,161.06,20.83,28.11,9.19,27.38,2.288,-1.62,1.01,-22.21,1.67,LUBRICATION_ISSUE
3497.18,0.6619,875.16,401.72,202.24,23.98,17.9,12.78,29.35,1.748,3.17,-1.47,-31.92,0.949,LUBRICATION_ISSUE
2744.98,0.316,575.81,255.93,123.62,17.78,49.75,7.66,28.46,0.592,-51.01,-0.16,-1.4,0.018,EXHAUST_LEAK
3626.73,0.7794,906.2,451.27,187.05,25.88,47.07,14.47,31.32,4.912,-42.79,1.88,-1.47,4.074,CYLINDER_MISFIRE
3074.05,0.4744,741.79,322.5,180.04,21.84,25.4,10.5,28.82,2.095,3.46,-0.49,-25.04,1.423,LUBRICATION_ISSUE
3347.37,0.5533,740.08,360.01,161.75,19.25,50.95,11.48,28.41,0.769,-59.26,0.41,0.15,0.015,EXHAUST_LEAK
3580.58,0.6134,888.26,411.92,169.88,23.6,48.05,12.24,47.52,0.849,41.22,23.7,-3.19,0.025,OVERHEATING
3812.48,0.8208,1040.75,470.27,197.91,26.2,49.18,10.1,30.84,0.898,57.65,0.42,0.17,0.005,FUEL_RESTRICTION
3764.2,0.797,1021.83,460.35,193.05,25.88,49.33,10.43,31.85,0.901,55.4,0.49,0.21,0.022,FUEL_RESTRICTION
3395.17,0.5551,803.27,361.89,161.45,23.01,50.37,11.59,28.18,0.824,0.45,0.2,-0.71,0.055,NORMAL
4046.08,0.8212,1040.81,501.69,200.0,26.35,50.59,15.53,48.04,0.998,45.76,24.66,0.07,0.034,OVERHEATING
3765.45,0.7507,937.79,442.89,214.24,25.26,26.31,14.43,33.69,1.88,-0.93,-0.34,-23.65,1.001,LUBRICATION_ISSUE
4315.53,0.9123,1112.56,538.29,203.77,27.77,52.15,16.84,40.66,1.06,49.43,20.41,-0.38,0.015,OVERHEATING
3798.15,0.8023,1029.54,460.47,191.86,26.17,49.52,11.27,33.01,0.906,58.27,-2.3,0.27,0.016,FUEL_RESTRICTION
2687.35,0.3746,617.28,275.21,132.41,19.99,48.23,8.7,27.43,3.871,-41.86,-0.27,-1.5,3.315,CYLINDER_MISFIRE
2964.65,0.3759,710.54,301.56,138.02,20.18,50.42,8.93,44.28,0.659,36.75,17.28,-1.08,0.02,OVERHEATING
3101.38,0.5015,757.17,336.5,175.6,21.67,25.24,10.36,28.05,1.671,1.21,2.92,-24.89,0.991,LUBRICATION_ISSUE
3010.96,0.4323,704.03,302.99,141.98,20.94,53.18,9.89,27.76,0.676,-5.89,-2.96,2.39,0.022,NORMAL
3546.14,0.6251,886.2,408.9,168.42,23.81,52.44,12.6,42.23,0.858,33.84,17.48,1.64,0.044,OVERHEATING
2908.27,0.386,630.71,288.85,135.51,17.69,49.98,9.07,27.7,0.603,-46.32,2.64,-0.98,-0.02,EXHAUST_LEAK
3261.53,0.506,722.94,341.21,151.51,19.28,49.7,10.74,29.26,0.732,-43.74,1.2,-1.4,0.003,EXHAUST_LEAK
4145.21,0.9484,1141.16,523.94,200.82,28.22,52.14,13.42,32.21,1.074,64.87,-1.84,0.98,0.08,FUEL_RESTRICTION
3114.6,0.4539,766.95,340.68,147.87,21.25,53.45,10.11,44.44,0.666,38.88,23.83,2.37,-0.019,OVERHEATING
3076.76,0.4899,745.85,328.02,179.92,22.06,17.5,10.38,28.84,2.146,-1.91,-0.63,-32.68,1.473,LUBRICATION_ISSUE
3518.46,0.5729,776.33,370.47,162.54,18.7,51.18,12.01,30.2,0.775,-43.36,-1.34,-0.37,-0.03,EXHAUST_LEAK
4048.86,0.8931,1092.28,502.74,199.5,27.4,50.57,11.9,32.51,0.991,53.99,-0.23,0.18,0.026,FUEL_RESTRICTION
3500.3,0.5939,880.6,403.66,165.27,23.33,50.42,12.0,41.9,0.752,49.26,24.86,-0.64,-0.048,OVERHEATING
3118.95,0.5208,821.77,339.83,154.57,22.22,50.3,7.84,28.85,0.669,53.33,-1.23,0.4,-0.017,FUEL_RESTRICTION
3119.36,0.5157,761.18,335.8,185.24,22.4,14.65,10.83,28.64,2.286,-4.22,-3.44,-35.35,1.6,LUBRICATION_ISSUE
4137.78,0.8633,950.46,496.47,201.08,24.67,50.87,16.02,32.32,1.008,-74.44,1.53,-0.23,0.017,EXHAUST_LEAK
3367.75,0.6524,828.69,396.47,172.29,23.94,48.26,12.77,29.91,3.965,-31.15,0.56,-0.89,3.205,CYLINDER_MISFIRE
3151.75,0.4633,735.37,323.76,144.18,21.51,48.97,10.26,28.63,0.712,-0.17,2.44,-2.18,0.017,NORMAL
3226.05,0.5634,798.32,358.86,175.28,22.79,20.0,11.12,29.3,2.056,-1.0,-0.73,-29.83,1.338,LUBRICATION_ISSUE
4103.32,0.8985,1043.7,506.24,228.11,27.57,28.89,16.68,31.75,2.314,-0.58,-0.33,-21.94,1.333,LUBRICATION_ISSUE
3285.36,0.4972,702.51,342.76,152.23,19.62,52.08,10.66,30.05,0.719,-60.08,5.21,0.67,-0.016,EXHAUST_LEAK
3422.66,0.6466,914.08,398.83,170.6,24.03,50.22,9.34,31.04,0.75,55.0,3.39,0.61,-0.026,FUEL_RESTRICTION
4145.36,0.9207,1058.65,510.38,228.06,27.92,29.84,16.62,31.19,1.984,-1.01,-5.42,-21.32,0.99,LUBRICATION_ISSUE
3207.21,0.4917,781.01,363.34,152.52,21.51,50.08,10.59,39.37,0.653,25.63,30.11,-0.92,-0.06,OVERHEATING
3370.47,0.5519,841.21,376.98,159.77,22.34,49.82,11.6,40.29,0.809,41.53,17.18,-1.16,0.047,OVERHEATING
2895.93,0.4132,697.01,291.76,166.95,20.79,28.35,9.14,28.69,1.77,4.27,-3.88,-22.03,1.151,LUBRICATION_ISSUE
3712.26,0.7532,936.37,442.58,211.18,25.68,15.19,14.35,32.35,1.785,-1.18,0.04,-34.38,0.921,LUBRICATION_ISSUE
4120.26,0.861,971.98,492.68,200.93,23.99,51.12,15.78,31.2,1.013,-50.64,-0.88,0.16,0.027,EXHAUST_LEAK
4179.11,0.9368,1152.6,521.1,201.13,28.21,52.74,12.72,31.73,1.024,81.55,-1.53,1.31,0.021,FUEL_RESTRICTION
3165.63,0.4712,777.35,340.91,146.5,21.73,49.57,10.21,41.42,0.698,36.33,16.29,-1.53,-0.002,OVERHEATING
2840.81,0.3967,735.26,289.17,138.1,20.29,51.29,3.52,27.44,0.619,55.21,1.14,0.97,0.017,FUEL_RESTRICTION
3591.53,0.6371,782.21,398.43,170.42,22.36,52.66,12.77,28.58,0.833,-79.6,1.35,1.78,0.005,EXHAUST_LEAK
4244.97,0.8971,996.04,508.81,200.51,25.8,51.13,16.81,30.66,1.032,-54.46,-1.49,-0.83,0.008,EXHAUST_LEAK
3102.16,0.546,749.81,350.23,156.08,22.93,50.41,11.15,27.69,4.402,-32.93,0.59,1.07,3.721,CYLINDER_MISFIRE
2945.85,0.4248,700.0,300.48,171.33,20.7,20.01,9.71,28.92,1.701,-2.18,-0.82,-30.49,1.068,LUBRICATION_ISSUE
2886.48,0.363,665.17,276.39,131.1,19.79,51.8,8.83,28.92,0.644,3.03,-0.89,0.58,0.028,NORMAL
3987.01,0.9175,997.94,509.48,199.59,27.63,48.5,16.77,32.08,3.882,-51.9,-0.43,-1.39,2.936,CYLINDER_MISFIRE
2976.59,0.4529,775.05,312.93,144.7,21.83,50.68,6.68,28.76,0.605,54.49,0.6,0.48,-0.038,FUEL_RESTRICTION
3186.51,0.4616,770.79,343.2,146.04,21.73,51.16,10.33,46.03,0.667,34.53,21.44,-0.24,-0.039,OVERHEATING
3513.9,0.6167,785.79,388.77,169.4,19.63,49.64,12.36,30.42,0.839,-59.91,1.35,-1.1,0.034,EXHAUST_LEAK
3609.21,0.6345,897.37,425.89,171.75,24.16,49.77,12.96,46.09,0.858,36.21,29.2,-1.27,0.025,OVERHEATING
2847.37,0.326,636.58,262.02,130.36,19.54,50.88,8.24,27.56,0.549,-1.37,-0.75,-0.76,-0.056,NORMAL
3075.33,0.447,671.87,312.11,146.76,18.38,51.2,9.65,29.73,0.746,-50.12,-1.08,0.26,0.073,EXHAUST_LEAK
4117.0,0.8684,970.66,495.73,199.01,24.84,52.49,16.16,32.3,0.995,-56.25,-0.42,1.55,0.01,EXHAUST_LEAK
3498.04,0.7134,875.19,421.0,182.18,24.59,49.7,13.7,32.0,3.604,-27.77,-0.78,0.8,2.805,CYLINDER_MISFIRE
3607.29,0.6406,816.39,397.38,172.68,21.73,52.45,13.05,31.57,0.818,-48.34,-1.46,1.53,-0.014,EXHAUST_LEAK
3939.3,0.7678,887.17,452.73,192.68,23.48,48.14,14.44,29.43,0.986,-70.49,-1.86,-2.65,0.054,EXHAUST_LEAK
3207.31,0.4857,753.68,331.3,150.18,21.54,51.39,10.36,27.13,0.76,1.92,0.25,0.28,0.048,NORMAL
3953.65,0.8274,996.49,475.34,230.19,26.86,18.87,15.54,31.38,1.965,2.34,-1.15,-30.93,1.029,LUBRICATION_ISSUE
3240.87,0.5097,798.41,357.87,155.03,22.25,50.96,10.88,45.37,0.665,30.57,17.17,0.07,-0.057,OVERHEATING
3208.12,0.549,836.69,349.09,160.36,22.9,51.26,5.54,29.05,0.701,46.89,-4.79,1.29,-0.012,FUEL_RESTRICTION
4113.19,0.8356,937.11,483.6,200.48,23.09,51.38,15.49,31.23,0.957,-69.89,-0.6,0.47,-0.026,EXHAUST_LEAK
3893.61,0.8602,965.08,486.45,202.33,27.16,48.37,15.77,30.89,5.415,-45.71,-0.02,-0.78,4.497,CYLINDER_MISFIRE
4159.6,0.8594,954.14,495.31,198.56,23.69,52.03,16.21,31.03,0.955,-69.5,1.12,0.76,-0.043,EXHAUST_LEAK
3715.67,0.7675,943.13,447.9,210.83,25.57,26.67,14.58,31.58,1.762,-3.16,0.13,-22.67,0.897,LUBRICATION_ISSUE
3004.94,0.3782,724.76,311.83,135.53,20.11,52.81,8.96,45.05,0.721,47.6,25.54,1.09,0.069,OVERHEATING
3133.35,0.4532,775.68,348.55,145.89,21.19,52.6,10.03,46.22,0.697,47.11,31.41,1.39,0.007,OVERHEATING
3963.71,0.8673,1019.59,491.68,223.69,27.19,20.94,16.03,32.73,1.973,1.01,0.52,-28.77,1.034,LUBRICATION_ISSUE
3897.67,0.7563,949.18,446.89,187.48,25.62,49.69,14.55,30.62,0.848,0.53,-2.31,-1.03,-0.072,NORMAL
3025.07,0.4668,732.34,320.07,179.2,21.54,28.59,9.87,28.27,1.724,0.99,1.25,-21.67,1.066,LUBRICATION_ISSUE
3694.59,0.6771,940.2,439.1,180.49,24.55,51.17,13.51,41.34,0.897,49.22,24.52,0.34,0.038,OVERHEATING
3407.38,0.5723,749.88,366.56,165.73,20.4,48.3,11.84,28.7,0.812,-63.87,-1.7,-2.55,0.039,EXHAUST_LEAK
2665.14,0.3361,707.02,257.05,129.27,19.55,50.05,2.58,28.84,0.519,72.09,-3.9,-0.23,-0.031,FUEL_RESTRICTION
3585.37,0.6886,895.38,418.63,208.87,24.52,23.5,13.38,30.02,1.841,2.94,3.16,-26.41,1.015,LUBRICATION_ISSUE
4009.52,0.8894,987.22,498.65,200.12,27.3,48.79,16.25,32.27,5.254,-46.89,-1.82,-1.29,4.301,CYLINDER_MISFIRE
3453.79,0.6429,919.13,394.65,172.57,24.08,49.88,9.08,29.43,0.75,60.68,-0.42,-0.0,-0.036,FUEL_RESTRICTION
4157.32,0.9293,1070.51,520.09,233.89,27.78,21.97,16.76,30.85,2.501,5.07,0.82,-29.28,1.504,LUBRICATION_ISSUE
2709.85,0.3591,651.51,271.08,161.6,20.29,22.51,8.48,27.95,1.545,0.55,0.5,-27.64,0.982,LUBRICATION_ISSUE
3821.99,0.7399,933.29,439.89,186.6,25.63,50.1,14.1,31.35,0.95,-1.77,-1.15,-0.43,0.054,NORMAL
3111.22,0.4502,769.66,336.85,144.41,20.86,50.11,9.75,39.03,0.696,43.96,21.43,-1.01,0.013,OVERHEATING
3677.65,0.6581,878.19,405.63,173.67,24.07,51.02,13.37,29.85,0.862,-0.53,-1.6,-0.04,0.009,NORMAL
2736.16,0.3143,655.72,280.57,126.63,19.57,50.75,8.07,41.06,0.579,30.33,25.33,-0.38,0.008,OVERHEATING
3834.19,0.7278,848.0,438.42,187.19,22.55,49.68,13.88,30.12,0.849,-80.42,1.37,-1.14,-0.051,EXHAUST_LEAK
3183.97,0.4809,750.92,326.63,148.41,21.66,50.34,10.6,27.94,0.69,3.16,-2.03,-0.7,-0.015,NORMAL
3778.5,0.7653,948.45,452.18,222.65,25.81,19.3,14.65,31.14,2.583,0.34,3.32,-30.48,1.699,LUBRICATION_ISSUE
4135.35,0.8411,1015.0,484.66,201.19,26.74,51.25,15.87,31.8,1.052,3.6,-2.18,0.17,0.061,NORMAL
3388.0,0.5404,792.67,355.38,159.45,22.49,53.82,11.3,29.62,0.805,-0.96,-0.79,2.52,0.039,NORMAL
3539.89,0.6852,891.0,410.87,205.81,24.65,16.41,13.07,30.2,2.194,2.89,-1.99,-33.27,1.382,LUBRICATION_ISSUE
3218.65,0.5613,849.19,358.5,158.2,23.17,49.71,7.28,29.71,0.685,51.48,-0.12,-0.1,-0.031,FUEL_RESTRICTION
3715.37,0.7307,924.8,436.75,204.0,24.93,20.0,13.94,28.75,2.086,0.59,2.23,-30.0,1.222,LUBRICATION_ISSUE
3078.62,0.4845,747.05,329.24,178.53,21.71,18.02,10.1,28.34,1.843,2.4,2.45,-32.27,1.169,LUBRICATION_ISSUE
3951.69,0.7943,1022.44,493.5,194.49,26.05,51.12,15.16,47.41,0.886,48.25,28.99,0.73,-0.05,OVERHEATING
3382.54,0.54,796.13,357.52,158.52,22.78,52.37,11.27,29.86,0.743,2.99,1.63,1.11,-0.021,NORMAL
3839.41,0.7226,853.22,432.53,186.17,21.2,50.96,14.06,29.26,0.899,-72.33,-2.8,0.01,-0.003,EXHAUST_LEAK
3460.47,0.5629,807.1,365.29,162.69,22.64,49.57,11.38,30.08,0.766,-3.68,-1.18,-1.79,-0.022,NORMAL
3559.1,0.7282,864.08,427.48,184.01,25.09,49.6,13.86,31.43,3.957,-50.77,-1.43,0.57,3.139,CYLINDER_MISFIRE
2589.76,0.3132,616.99,246.98,148.39,19.8,19.8,7.67,28.06,1.335,-0.43,-3.47,-30.39,0.808,LUBRICATION_ISSUE
3897.02,0.8579,968.89,485.15,198.86,26.86,51.12,15.81,29.67,3.903,-40.69,-0.59,1.94,2.984,CYLINDER_MISFIRE
3911.56,0.8315,997.84,476.48,218.35,26.6,20.15,15.57,31.55,2.121,3.39,-0.2,-29.31,1.198,LUBRICATION_ISSUE
3122.08,0.4319,714.59,307.46,143.34,21.41,52.04,9.8,29.43,0.706,-0.68,-1.71,0.52,0.019,NORMAL
3688.96,0.7837,920.42,453.23,191.17,26.06,48.87,14.77,31.97,4.471,-34.22,0.44,0.0,3.614,CYLINDER_MISFIRE
4232.41,0.9451,1080.53,525.33,219.07,28.23,18.89,17.18,34.31,2.608,1.83,-1.89,-32.97,1.588,LUBRICATION_ISSUE
3801.37,0.6978,844.09,425.13,180.98,20.61,50.18,13.89,29.88,0.822,-64.68,-0.14,-0.97,-0.069,EXHAUST_LEAK
3855.55,0.8407,966.67,479.97,197.21,26.96,48.74,15.55,29.93,4.299,-30.54,1.64,-0.19,3.392,CYLINDER_MISFIRE
3112.58,0.5092,815.29,338.83,153.55,22.27,49.13,5.38,30.92,0.669,54.12,2.13,-0.93,-0.015,FUEL_RESTRICTION
3191.73,0.4858,682.43,330.03,149.02,19.88,51.81,10.3,28.62,0.737,-68.61,-0.6,0.81,0.029,EXHAUST_LEAK
3577.72,0.7207,870.04,426.0,182.85,24.77,48.64,13.85,30.53,4.942,-41.27,-0.79,-0.65,4.119,CYLINDER_MISFIRE
3016.29,0.4046,620.96,294.02,136.64,18.0,50.02,9.61,29.28,0.662,-72.61,-2.12,-1.3,0.007,EXHAUST_LEAK
3612.75,0.6564,799.76,404.76,174.63,20.19,51.36,13.0,29.58,0.836,-74.7,0.09,0.7,0.002,EXHAUST_LEAK
2911.69,0.4228,709.29,299.01,158.91,20.72,27.11,9.62,28.23,2.198,10.01,-0.56,-23.2,1.575,LUBRICATION_ISSUE
2607.38,0.3472,603.9,266.58,126.76,20.23,50.89,8.14,28.29,3.663,-34.77,3.38,1.19,3.13,CYLINDER_MISFIRE
2774.93,0.3141,627.89,248.93,124.22,19.32,53.19,7.74,27.64,0.642,0.71,-7.38,1.81,0.06,NORMAL
3108.15,0.5015,765.34,332.51,179.59,22.13,31.29,10.7,28.88,1.962,9.04,-1.26,-18.89,1.279,LUBRICATION_ISSUE
2939.43,0.4672,676.05,320.06,146.0,21.42,49.82,10.01,28.94,4.644,-51.26,3.67,0.13,4.012,CYLINDER_MISFIRE
3441.53,0.6385,897.23,396.91,172.02,24.0,49.44,8.85,29.21,0.852,42.02,3.79,-0.43,0.069,FUEL_RESTRICTION
2602.23,0.3624,619.48,271.32,130.75,20.25,48.98,8.42,29.08,3.65,-28.1,2.77,-0.41,3.119,CYLINDER_MISFIRE
2890.28,0.4546,669.35,313.55,142.24,21.93,49.79,9.63,29.28,3.144,-47.91,3.2,0.18,2.527,CYLINDER_MISFIRE
2731.49,0.3926,636.75,281.26,130.99,20.71,50.27,8.64,29.01,3.701,-35.39,-2.02,0.58,3.131,CYLINDER_MISFIRE
2595.88,0.3446,587.7,262.28,126.86,19.77,49.07,8.1,29.57,4.786,-48.85,0.35,-0.6,4.257,CYLINDER_MISFIRE
4149.05,0.85,1010.81,487.68,199.63,26.67,50.7,15.98,32.97,0.983,-6.66,-2.8,-0.5,-0.012,NORMAL
2760.07,0.3199,576.2,258.94,125.88,16.29,52.12,7.65,28.12,0.54,-53.74,0.97,0.94,-0.038,EXHAUST_LEAK
4098.7,0.8932,1092.64,504.32,196.52,27.78,50.23,13.07,31.83,0.984,51.8,-0.19,-0.56,0.004,FUEL_RESTRICTION
4297.0,0.9009,998.91,514.99,200.76,25.68,51.42,16.74,31.38,1.0,-56.47,1.77,-0.96,-0.039,EXHAUST_LEAK
3096.71,0.4361,751.33,334.89,143.6,20.95,50.78,10.04,45.2,0.742,34.8,24.98,-0.49,0.063,OVERHEATING
2583.35,0.3126,691.38,249.51,124.76,19.27,49.97,1.75,28.15,0.531,74.68,-0.51,-0.2,0.006,FUEL_RESTRICTION
3803.16,0.7983,1041.58,465.28,194.55,26.53,48.14,10.44,31.81,0.936,72.46,3.81,-1.21,0.045,FUEL_RESTRICTION
3560.64,0.6827,887.53,409.62,207.87,24.32,18.93,13.15,30.79,1.852,-0.13,-2.98,-30.92,1.034,LUBRICATION_ISSUE
3917.31,0.7738,899.95,454.98,194.65,23.59,51.6,14.81,31.73,0.885,-60.2,-1.12,1.06,-0.04,EXHAUST_LEAK
3509.25,0.6601,872.46,405.25,205.05,24.28,25.71,13.04,29.74,2.405,0.93,2.33,-24.22,1.603,LUBRICATION_ISSUE
4295.78,0.9308,1016.79,525.21,201.42,24.93,52.11,17.01,32.09,1.087,-56.5,1.23,-0.25,0.048,EXHAUST_LEAK
3041.35,0.4414,747.22,326.8,141.27,21.29,51.87,9.88,43.41,0.712,30.31,16.66,1.05,0.05,OVERHEATING
4272.06,0.9085,1060.64,515.26,196.52,27.88,52.15,17.01,31.39,0.905,1.94,0.04,-0.03,-0.127,NORMAL
4084.15,0.8498,1061.01,515.06,197.28,26.81,50.98,15.97,42.06,1.002,46.9,26.6,0.31,0.027,OVERHEATING
3068.23,0.5065,756.73,336.99,178.03,22.06,25.03,10.43,28.84,1.973,-0.56,2.62,-24.8,1.303,LUBRICATION_ISSUE
3477.38,0.5818,757.77,373.48,166.05,19.57,51.05,11.92,28.8,0.828,-65.2,-0.31,-0.08,0.035,EXHAUST_LEAK
3582.23,0.7166,988.54,424.22,183.44,24.83,50.67,9.8,30.41,0.88,79.44,-1.24,1.29,0.056,FUEL_RESTRICTION
3216.19,0.559,801.07,357.98,190.27,22.55,20.47,11.35,31.01,2.417,4.84,0.24,-29.38,1.703,LUBRICATION_ISSUE
3370.35,0.5522,796.46,361.1,160.13,22.73,50.05,11.49,27.76,0.77,-3.36,1.21,-0.92,0.009,NORMAL
3645.69,0.6586,871.98,405.05,173.4,24.56,50.7,13.03,30.98,0.799,-5.46,-1.41,-0.14,-0.045,NORMAL
4315.98,0.9167,1064.03,519.61,198.99,27.98,53.96,17.05,33.18,1.046,-1.8,0.12,1.43,0.001,NORMAL
3561.5,0.6904,950.64,415.61,181.1,24.24,49.72,8.51,28.99,0.773,58.32,0.21,-0.0,-0.045,FUEL_RESTRICTION
3985.29,0.8352,996.98,481.71,234.2,26.82,13.58,15.35,31.04,1.842,-3.38,1.49,-36.3,0.896,LUBRICATION_ISSUE
3093.74,0.5078,817.18,334.11,151.57,22.08,49.4,5.82,29.48,0.728,57.8,-1.52,-0.56,0.05,FUEL_RESTRICTION
3347.68,0.6058,891.22,376.73,167.31,23.77,50.16,7.96,29.77,0.737,60.38,-1.77,0.3,-0.018,FUEL_RESTRICTION
3589.77,0.6747,879.65,409.99,204.27,24.83,20.94,13.15,29.64,2.361,-4.68,-0.61,-29.25,1.534,LUBRICATION_ISSUE
4036.67,0.8686,1023.02,493.77,228.97,26.91,26.58,16.04,31.36,1.852,0.03,-0.03,-23.72,0.891,LUBRICATION_ISSUE
3805.17,0.791,1042.29,458.55,194.4,25.84,50.36,10.15,32.54,0.969,77.43,-0.37,0.86,0.078,FUEL_RESTRICTION
3689.18,0.6834,891.78,415.71,177.9,24.59,48.83,13.53,30.54,0.878,-2.72,-0.99,-1.85,0.021,NORMAL
3316.73,0.5923,884.39,374.02,162.62,23.18,51.65,8.25,29.45,0.691,63.2,1.3,1.75,-0.054,FUEL_RESTRICTION
3321.99,0.5255,709.12,350.28,157.34,20.63,51.73,11.17,30.54,0.76,-72.29,1.44,0.59,0.013,EXHAUST_LEAK
4253.76,0.9095,1098.16,539.43,199.33,27.98,51.56,16.99,42.29,1.066,39.76,24.39,-0.47,0.04,OVERHEATING
3786.98,0.7122,944.1,449.44,181.4,25.03,49.61,13.87,44.35,0.912,27.46,19.45,-1.19,0.026,OVERHEATING
3660.12,0.6801,889.52,414.38,178.87,24.77,50.52,13.15,31.11,0.878,-1.55,-0.25,-0.03,0.03,NORMAL
3913.55,0.7582,899.36,447.29,188.38,23.18,49.33,14.57,30.54,0.924,-51.24,-3.07,-1.46,-0.0,EXHAUST_LEAK
3163.58,0.4841,779.93,357.14,149.22,21.84,51.38,10.51,37.6,0.772,31.29,27.95,0.53,0.073,OVERHEATING
4186.83,0.883,1038.15,504.24,199.81,27.45,50.9,16.4,31.27,1.005,-1.02,0.74,-0.6,-0.001,NORMAL
2945.09,0.456,693.45,311.44,142.45,21.48,48.59,9.96,28.27,4.529,-27.4,-1.08,-1.35,3.895,CYLINDER_MISFIRE
3686.83,0.6837,824.54,415.89,178.25,20.94,49.0,13.72,31.22,0.828,-70.0,-0.83,-1.65,-0.028,EXHAUST_LEAK
4063.52,0.8284,1001.42,479.77,200.83,26.59,49.37,15.49,30.84,1.008,1.18,-0.38,-1.14,0.039,NORMAL
4208.14,0.8719,1043.3,504.76,199.73,27.19,52.86,16.56,30.67,0.941,9.73,4.62,1.19,-0.071,NORMAL
3589.98,0.6388,863.38,399.64,171.45,23.51,51.14,12.92,29.03,0.854,0.58,1.96,0.31,0.027,NORMAL
3052.04,0.4854,745.12,326.22,180.57,21.66,25.83,10.49,28.43,1.566,1.25,-0.1,-24.27,0.901,LUBRICATION_ISSUE
3924.34,0.831,1040.15,475.19,197.63,26.7,49.15,11.02,29.97,0.999,45.32,-1.71,-0.4,0.072,FUEL_RESTRICTION
3306.57,0.5358,834.38,382.06,156.98,22.01,52.3,11.16,45.56,0.729,47.58,29.98,1.45,-0.013,OVERHEATING
3458.46,0.658,865.54,398.31,203.41,24.24,30.2,12.66,29.9,1.932,-2.16,-2.31,-19.43,1.145,LUBRICATION_ISSUE
3555.25,0.7025,982.86,421.53,182.6,25.24,49.66,8.7,30.96,0.808,83.63,1.99,0.2,-0.009,FUEL_RESTRICTION
4033.31,0.9141,1023.45,509.42,199.3,27.68,49.5,16.62,31.74,4.342,-26.69,-0.66,-0.77,3.382,CYLINDER_MISFIRE
2906.3,0.3423,648.61,271.96,131.2,19.26,50.73,8.19,28.1,0.635,-2.07,1.55,-1.0,0.014,NORMAL
3971.17,0.8814,995.55,497.79,201.44,27.62,49.14,16.13,32.76,4.833,-31.86,1.34,-0.63,3.892,CYLINDER_MISFIRE
3639.94,0.7094,909.4,424.12,205.12,24.79,21.08,13.67,30.0,2.487,1.77,-0.46,-28.82,1.645,LUBRICATION_ISSUE
2598.35,0.3516,600.9,264.82,131.27,19.74,49.73,8.09,27.23,4.404,-39.98,0.29,0.17,3.875,CYLINDER_MISFIRE
3363.52,0.6207,896.75,386.57,168.56,23.81,49.03,8.75,30.21,0.748,56.17,2.21,-0.66,-0.011,FUEL_RESTRICTION
4356.21,0.9216,1014.74,524.6,200.05,24.94,51.16,17.14,33.18,1.081,-56.05,2.13,-1.68,0.024,EXHAUST_LEAK
3966.35,0.7825,967.66,460.36,194.06,26.24,51.75,14.79,32.36,0.952,-0.15,-0.32,1.06,0.013,NORMAL
3657.17,0.6677,915.38,432.32,175.75,24.8,51.88,12.97,43.94,0.895,31.88,22.23,1.13,0.048,OVERHEATING
3916.15,0.774,902.58,458.31,191.22,23.26,51.5,14.58,30.84,0.85,-57.65,2.17,0.98,-0.075,EXHAUST_LEAK
3427.4,0.6641,835.44,401.28,175.55,24.05,46.99,12.8,30.97,3.303,-34.37,-0.61,-2.34,2.525,CYLINDER_MISFIRE
2809.89,0.3631,653.96,274.45,165.12,19.99,25.03,8.37,27.82,1.749,-4.37,-0.55,-25.7,1.156,LUBRICATION_ISSUE
3033.75,0.4966,708.96,333.98,149.92,21.89,48.98,10.38,30.41,3.517,-40.68,4.2,-0.8,2.857,CYLINDER_MISFIRE
3826.18,0.8279,939.76,471.38,196.17,26.48,50.71,15.23,31.28,4.441,-48.32,-1.47,1.75,3.543,CYLINDER_MISFIRE
4177.94,0.9378,1068.21,523.49,229.02,28.16,29.03,17.56,31.2,2.162,-3.36,0.54,-22.4,1.159,LUBRICATION_ISSUE
3747.16,0.7074,837.53,428.23,183.25,23.32,52.72,13.93,30.37,0.904,-74.28,1.15,2.1,0.03,EXHAUST_LEAK
2971.82,0.4593,720.55,312.36,166.99,21.64,28.8,9.76,29.47,2.189,-3.62,-2.14,-21.25,1.548,LUBRICATION_ISSUE
3235.47,0.4989,704.89,338.09,151.85,19.27,52.16,10.41,28.27,0.757,-56.23,1.42,1.11,0.036,EXHAUST_LEAK
3064.51,0.4615,728.28,317.74,173.03,21.39,26.5,10.03,28.88,2.403,-1.84,-0.34,-24.11,1.734,LUBRICATION_ISSUE
3149.81,0.573,754.67,360.02,161.62,22.83,48.24,11.68,29.77,4.799,-46.61,-0.74,-0.92,4.104,CYLINDER_MISFIRE
2981.61,0.3695,670.92,284.84,134.62,20.21,51.17,8.46,28.47,0.691,0.14,2.37,-0.56,0.046,NORMAL
3950.29,0.7781,1014.12,472.89,193.04,26.04,49.09,15.34,39.73,0.941,49.74,14.26,-1.59,0.006,OVERHEATING
3832.13,0.82,947.84,467.15,198.92,26.51,51.47,14.97,31.84,4.078,-35.76,-3.01,2.32,3.179,CYLINDER_MISFIRE
2948.88,0.3758,632.84,284.49,134.18,18.26,49.58,9.06,28.72,0.646,-40.08,0.74,-1.82,0.011,EXHAUST_LEAK
3239.96,0.6177,791.0,377.76,167.69,23.43,47.96,11.93,30.48,4.456,-41.63,-1.81,-0.98,3.735,CYLINDER_MISFIRE
2889.34,0.4132,695.44,295.69,159.29,20.25,19.71,9.18,27.19,1.728,3.05,0.26,-30.63,1.111,LUBRICATION_ISSUE
3965.09,0.8691,988.53,492.9,202.78,27.31,49.01,15.93,32.56,3.88,-31.19,1.07,-0.71,2.941,CYLINDER_MISFIRE
4327.8,0.9286,1108.81,550.8,200.04,28.05,52.45,17.14,46.21,1.075,35.27,26.67,-0.18,0.027,OVERHEATING
3657.78,0.673,927.22,439.96,176.14,24.43,51.57,13.39,42.35,0.897,40.54,27.95,0.9,0.05,OVERHEATING
2750.98,0.3833,637.95,277.19,133.23,20.67,50.91,8.87,27.48,4.896,-29.6,-3.34,0.93,4.321,CYLINDER_MISFIRE
3143.98,0.457,734.9,320.8,145.12,21.44,50.66,10.08,29.86,0.717,3.48,1.95,-0.55,0.024,NORMAL
3243.69,0.4916,789.32,360.25,152.74,21.53,50.21,10.55,46.46,0.696,32.19,25.97,-1.03,-0.027,OVERHEATING
4157.64,0.8508,941.73,489.04,199.55,24.03,51.58,16.05,30.92,1.014,-76.65,-1.99,0.32,0.016,EXHAUST_LEAK
3876.11,0.7414,935.72,445.2,188.23,25.33,49.86,14.24,32.57,0.913,-2.92,2.01,-0.99,0.0,NORMAL
3193.45,0.5607,851.24,357.24,158.35,22.83,48.6,8.2,30.4,0.641,55.17,-0.4,-1.07,-0.067,FUEL_RESTRICTION
3213.21,0.4976,761.24,333.22,152.84,22.06,48.86,10.53,29.94,0.675,2.04,-2.3,-2.07,-0.039,NORMAL
3590.0,0.7169,858.93,425.34,180.6,25.41,48.56,13.85,32.34,3.442,-50.73,-0.46,-0.87,2.615,CYLINDER_MISFIRE
3927.14,0.7719,957.9,456.87,193.76,25.81,51.0,15.03,31.37,1.032,-1.59,1.17,0.37,0.104,NORMAL
2607.63,0.3507,596.62,267.73,128.31,19.7,50.39,8.41,28.5,3.461,-44.16,3.26,0.75,2.928,CYLINDER_MISFIRE
4312.98,0.9371,1019.07,524.82,198.05,26.06,51.77,16.94,31.12,1.075,-58.86,-1.94,-0.73,0.031,EXHAUST_LEAK
3915.69,0.8219,1068.23,472.42,196.69,26.91,50.24,12.02,31.19,0.969,79.31,-0.94,0.58,0.045,FUEL_RESTRICTION
4252.97,0.8919,985.02,510.85,196.94,24.01,52.56,16.43,32.78,0.985,-62.79,2.16,0.54,-0.041,EXHAUST_LEAK
3945.47,0.7814,963.54,459.62,193.25,26.03,48.94,15.0,29.09,0.908,-2.59,-0.06,-1.64,-0.025,NORMAL
3642.76,0.784,905.28,451.07,192.28,26.19,49.51,14.43,32.39,3.946,-47.24,-0.44,0.95,3.103,CYLINDER_MISFIRE
3019.61,0.4149,617.09,297.94,141.25,17.71,50.2,9.19,28.63,0.694,-82.84,-2.02,-0.96,0.038,EXHAUST_LEAK
2820.05,0.3808,668.98,279.89,162.71,20.42,30.93,8.71,28.48,1.479,-0.48,-1.78,-19.54,0.883,LUBRICATION_ISSUE
4054.57,0.8303,998.79,485.26,201.41,26.46,50.63,15.58,32.11,0.988,-2.11,4.71,0.2,0.022,NORMAL
3119.77,0.448,681.92,315.52,143.9,18.14,54.0,10.08,28.44,0.7,-42.86,0.66,2.78,0.014,EXHAUST_LEAK
4244.84,0.9071,977.62,510.51,200.99,24.6,50.99,16.98,32.48,0.997,-78.86,-3.37,-0.97,-0.027,EXHAUST_LEAK
3474.4,0.6094,838.55,383.31,167.81,23.67,54.69,12.36,29.89,0.748,-0.81,-0.3,4.08,-0.044,NORMAL
3476.3,0.5923,861.27,404.96,165.16,23.01,51.03,12.24,45.7,0.768,32.06,27.44,0.09,-0.025,OVERHEATING
3617.6,0.6558,801.55,405.87,175.28,21.49,49.91,12.76,29.76,0.806,-72.83,1.25,-0.8,-0.03,EXHAUST_LEAK
3967.55,0.867,1062.7,488.67,201.84,27.11,50.24,12.17,31.61,0.977,44.15,-2.46,0.5,0.036,FUEL_RESTRICTION
3785.43,0.6893,826.06,420.9,180.02,21.92,50.63,13.62,29.91,0.896,-76.81,-0.82,-0.57,0.01,EXHAUST_LEAK
4217.54,0.9437,1077.21,527.51,232.0,28.16,24.59,17.09,34.2,2.376,0.13,1.26,-27.15,1.361,LUBRICATION_ISSUE
2594.87,0.3011,659.42,245.78,125.32,19.52,48.76,2.21,27.27,0.574,49.04,-0.44,-1.69,0.045,FUEL_RESTRICTION
3327.03,0.5942,821.84,374.58,189.16,22.81,26.2,11.86,30.59,2.044,-1.02,0.86,-23.73,1.296,LUBRICATION_ISSUE
3505.3,0.5895,769.76,380.44,165.53,20.42,51.54,12.17,28.72,0.786,-59.22,3.05,0.37,-0.015,EXHAUST_LEAK
3260.37,0.6105,783.92,374.24,166.75,23.68,49.64,11.94,28.93,4.319,-45.42,-3.36,0.44,3.591,CYLINDER_MISFIRE
3215.4,0.4651,741.12,325.44,151.26,21.7,51.46,10.1,28.27,0.691,1.29,1.54,-0.07,-0.024,NORMAL
3189.76,0.4744,702.07,328.93,149.0,19.28,50.02,10.3,28.32,0.722,-42.05,2.46,-1.18,0.016,EXHAUST_LEAK
4016.42,0.8196,995.38,472.03,200.23,26.21,50.08,15.62,31.65,0.988,2.79,-3.53,-0.27,0.033,NORMAL
4137.5,0.9144,1052.0,513.46,230.05,27.93,30.43,16.76,32.66,2.206,-3.51,0.16,-20.67,1.215,LUBRICATION_ISSUE
4113.24,0.9203,1057.67,515.55,223.01,28.01,32.12,16.84,32.99,2.348,-0.16,0.85,-18.79,1.364,LUBRICATION_ISSUE
3848.38,0.844,1062.78,479.21,199.65,26.65,47.6,11.29,32.54,0.95,63.94,-0.09,-1.23,0.045,FUEL_RESTRICTION
3575.18,0.7225,874.75,426.89,179.78,25.14,49.28,14.14,30.02,4.649,-37.5,-0.45,0.05,3.826,CYLINDER_MISFIRE
3523.5,0.7095,859.85,425.0,180.64,24.97,49.18,13.2,30.74,4.335,-42.0,3.89,0.05,3.527,CYLINDER_MISFIRE
3909.41,0.752,945.93,449.33,186.76,25.65,48.19,14.47,29.65,0.948,-0.71,1.34,-2.69,0.025,NORMAL
3054.68,0.4806,803.12,324.59,149.27,21.68,48.83,5.01,28.74,0.644,62.05,-0.05,-1.37,-0.022,FUEL_RESTRICTION
3194.91,0.4385,656.96,312.73,144.85,19.03,50.25,10.17,28.9,0.768,-65.86,-0.96,-1.62,0.059,EXHAUST_LEAK
4010.9,0.7851,974.29,460.69,195.65,26.19,51.72,14.99,31.72,0.952,2.71,-2.26,0.78,-0.001,NORMAL
3640.47,0.7328,925.7,430.59,204.71,25.16,16.17,14.01,30.78,2.087,3.97,-2.44,-33.3,1.245,LUBRICATION_ISSUE
3647.65,0.6816,833.61,414.69,178.14,21.91,51.4,13.32,31.39,0.885,-57.76,-0.13,0.96,0.041,EXHAUST_LEAK
4143.29,0.8994,1094.08,512.9,202.49,28.08,50.73,13.37,32.84,1.037,47.27,4.81,-0.41,0.044,FUEL_RESTRICTION
3970.47,0.8904,1087.5,499.73,200.23,27.06,50.18,12.94,32.99,0.995,54.76,0.08,0.42,0.054,FUEL_RESTRICTION
3797.94,0.8076,1041.47,466.04,193.39,26.16,49.18,9.9,30.6,0.979,67.01,1.36,0.03,0.089,FUEL_RESTRICTION
3482.14,0.6619,938.94,402.95,173.23,23.73,51.34,8.55,30.88,0.794,67.72,0.22,1.62,-0.001,FUEL_RESTRICTION
3856.01,0.8275,1071.0,476.33,197.86,26.73,48.12,10.76,31.99,0.968,81.67,2.73,-1.05,0.061,FUEL_RESTRICTION
4172.1,0.9296,1066.45,520.35,226.96,28.53,17.81,17.14,33.38,2.504,0.11,0.54,-33.57,1.503,LUBRICATION_ISSUE
3033.84,0.408,695.98,295.24,139.21,20.69,52.55,9.19,29.05,0.656,-0.52,-2.66,1.17,-0.004,NORMAL
3722.82,0.6964,899.82,421.31,180.4,24.54,50.61,13.7,30.4,0.893,-4.15,-1.07,-0.05,0.027,NORMAL
2735.86,0.3993,642.14,287.42,133.86,20.46,50.49,8.99,26.86,3.86,-34.21,1.62,0.9,3.289,CYLINDER_MISFIRE
4007.58,0.8997,1004.8,507.54,200.69,27.58,50.73,16.37,33.26,5.335,-35.39,3.43,0.67,4.383,CYLINDER_MISFIRE
3402.72,0.6247,842.38,389.18,203.03,23.68,23.01,12.21,29.39,1.829,-2.56,2.22,-26.86,1.058,LUBRICATION_ISSUE
2900.05,0.3469,652.83,273.76,131.94,19.48,50.52,8.2,29.38,0.616,-0.33,1.87,-1.08,-0.004,NORMAL
3045.78,0.4717,739.06,323.24,170.04,21.61,30.7,9.82,27.8,1.792,3.77,2.07,-19.61,1.128,LUBRICATION_ISSUE
3387.89,0.671,831.29,401.82,173.46,24.49,50.25,13.04,30.46,3.581,-40.73,-1.4,1.31,2.814,CYLINDER_MISFIRE
2965.86,0.4982,717.83,327.81,150.73,22.17,49.37,10.4,29.84,3.179,-29.4,-0.52,0.06,2.54,CYLINDER_MISFIRE
3899.08,0.8083,980.39,466.51,227.32,26.41,30.99,15.33,30.38,2.095,0.46,-1.44,-18.8,1.175,LUBRICATION_ISSUE
4089.09,0.8265,919.57,480.06,204.03,22.81,51.27,15.54,31.3,0.917,-80.79,-0.16,0.55,-0.059,EXHAUST_LEAK
3763.04,0.6805,854.35,416.64,178.98,21.75,51.62,13.6,29.68,0.924,-42.09,-1.22,0.41,0.045,EXHAUST_LEAK
4146.47,0.8556,1044.77,517.48,200.89,27.21,51.07,15.96,39.66,1.006,24.07,25.06,-0.1,0.012,OVERHEATING
3085.66,0.4249,734.65,323.98,139.53,21.03,50.98,9.56,43.55,0.648,25.45,18.45,-0.43,-0.028,OVERHEATING
4300.01,0.9255,1107.29,551.89,199.12,27.99,51.27,17.08,45.09,1.082,36.96,29.69,-1.13,0.042,OVERHEATING
2724.42,0.3003,536.91,248.08,123.63,16.74,52.26,7.55,26.92,0.545,-79.52,-1.78,0.95,-0.022,EXHAUST_LEAK
2796.67,0.4088,660.84,294.75,136.42,20.57,49.96,8.9,30.05,3.674,-24.3,3.66,0.14,3.085,CYLINDER_MISFIRE
4170.66,0.8592,950.06,494.51,200.13,25.28,50.55,15.93,31.99,0.981,-73.98,0.08,-0.81,-0.02,EXHAUST_LEAK
2745.14,0.4047,642.29,288.86,132.4,20.72,49.58,8.88,27.13,3.123,-37.8,0.81,0.02,2.549,CYLINDER_MISFIRE
3636.93,0.6629,908.15,436.02,174.15,24.1,52.36,13.15,46.33,0.817,28.57,28.28,1.65,-0.024,OVERHEATING
4084.72,0.9218,1112.22,514.83,198.04,27.82,51.14,11.53,32.15,0.943,54.9,0.43,0.46,-0.032,FUEL_RESTRICTION
4356.95,0.9371,1118.2,544.43,199.93,28.04,52.29,17.32,40.96,1.048,38.11,16.38,-0.56,-0.009,OVERHEATING
3527.28,0.7161,864.85,424.65,181.61,25.01,49.04,13.58,31.22,3.503,-41.19,1.02,0.0,2.694,CYLINDER_MISFIRE
3446.03,0.654,914.67,400.59,173.46,23.88,49.39,9.12,30.65,0.747,49.97,1.77,-0.24,-0.036,FUEL_RESTRICTION
3080.21,0.4345,714.76,311.01,142.08,21.18,54.48,9.77,28.33,0.643,0.02,2.17,3.28,-0.031,NORMAL
4238.37,0.9073,1077.78,530.85,199.11,27.7,51.52,16.58,47.9,1.072,21.48,17.07,-0.39,0.051,OVERHEATING
3920.75,0.8158,989.74,469.03,231.61,26.31,23.08,15.33,32.53,1.739,4.24,-2.27,-26.72,0.813,LUBRICATION_ISSUE
4363.56,0.9464,1117.84,560.04,199.12,27.98,53.35,17.3,50.33,1.093,31.82,28.43,0.44,0.034,OVERHEATING
4125.92,0.8742,1030.67,496.91,201.07,27.44,50.64,16.15,33.24,0.964,-0.14,-1.57,-0.36,-0.024,NORMAL
2629.29,0.3209,622.63,252.16,140.96,19.61,16.4,7.95,28.59,2.361,-1.35,-2.23,-33.92,1.823,LUBRICATION_ISSUE
4020.87,0.9071,1017.06,506.47,201.55,27.94,49.5,16.68,31.49,4.449,-28.27,-0.72,-0.67,3.493,CYLINDER_MISFIRE
2962.81,0.3884,682.01,286.63,135.0,20.17,50.41,8.63,27.86,0.617,0.81,-2.09,-0.85,-0.021,NORMAL
2676.12,0.3424,683.75,264.06,128.55,19.6,50.72,3.06,27.37,0.546,44.48,0.5,0.49,-0.007,FUEL_RESTRICTION
3750.15,0.7116,917.07,431.57,180.75,25.02,50.2,13.95,29.72,0.94,2.62,2.9,-0.37,0.065,NORMAL
4034.06,0.8165,912.53,475.51,200.82,22.43,51.17,15.67,31.85,0.99,-79.07,0.55,0.65,0.03,EXHAUST_LEAK
3469.44,0.6685,834.53,408.3,176.03,24.06,49.96,13.08,30.24,4.958,-40.04,3.55,0.44,4.167,CYLINDER_MISFIRE
3791.65,0.7122,914.53,432.53,181.7,24.89,51.46,13.82,31.32,0.943,-2.37,2.39,0.63,0.055,NORMAL
3556.99,0.6828,889.42,412.83,210.32,24.52,18.63,13.39,29.45,2.496,1.88,0.31,-31.2,1.679,LUBRICATION_ISSUE
3782.96,0.8283,951.03,470.17,197.94,26.79,47.66,15.24,31.92,4.826,-35.07,-1.48,-1.02,3.941,CYLINDER_MISFIRE
3183.57,0.5872,783.53,367.87,161.88,23.31,48.07,11.81,29.51,3.88,-27.95,0.98,-1.05,3.175,CYLINDER_MISFIRE
2903.55,0.4018,685.35,292.15,165.5,20.46,22.53,9.39,28.19,1.442,-0.89,0.4,-28.12,0.82,LUBRICATION_ISSUE
3518.4,0.6954,861.33,410.25,179.39,24.93,49.43,13.5,30.92,4.245,-31.83,-5.65,0.07,3.439,CYLINDER_MISFIRE
3477.87,0.6591,875.02,403.93,209.5,24.38,30.46,13.03,29.8,1.989,5.69,2.33,-19.29,1.196,LUBRICATION_ISSUE
3717.28,0.7604,943.48,445.58,219.47,25.59,30.39,14.29,31.86,1.796,1.35,0.3,-19.08,0.931,LUBRICATION_ISSUE
3438.89,0.576,763.05,372.8,161.29,21.13,51.87,11.65,30.24,0.754,-54.5,2.27,0.89,-0.027,EXHAUST_LEAK
3502.98,0.6556,869.63,398.48,206.15,24.27,16.74,12.63,30.87,1.647,1.1,-2.64,-33.23,0.846,LUBRICATION_ISSUE
3650.35,0.6661,879.53,409.9,177.39,24.25,53.17,13.31,30.02,0.781,-2.64,0.6,2.43,-0.064,NORMAL
3255.45,0.5158,811.58,373.65,155.4,22.25,51.48,10.84,42.98,0.711,39.33,30.3,0.61,-0.016,OVERHEATING
3329.46,0.5149,823.89,371.93,154.73,22.1,49.78,10.93,39.21,0.698,48.48,26.68,-1.6,-0.05,OVERHEATING
3248.38,0.4781,689.65,331.21,149.97,20.45,50.84,10.25,28.75,0.714,-59.65,1.63,-0.67,-0.011,EXHAUST_LEAK
3110.55,0.5021,757.47,336.25,170.42,21.96,22.77,10.75,29.73,1.658,0.71,2.19,-27.41,0.974,LUBRICATION_ISSUE
2706.57,0.3787,622.9,277.33,130.45,20.51,52.5,8.51,27.29,4.361,-39.63,-0.19,2.72,3.799,CYLINDER_MISFIRE
3985.4,0.7834,914.05,462.49,193.91,23.74,52.12,14.94,31.35,0.882,-55.27,0.89,1.31,-0.063,EXHAUST_LEAK
3064.21,0.4299,713.26,305.44,142.06,21.02,48.88,9.42,28.71,0.64,2.1,-1.26,-2.3,-0.029,NORMAL
2851.88,0.4014,681.98,294.93,160.55,20.89,30.19,9.37,27.98,1.984,-1.44,4.88,-20.13,1.379,LUBRICATION_ISSUE
3930.16,0.823,991.92,474.54,231.8,26.44,14.61,15.23,31.55,2.178,1.61,0.36,-35.13,1.249,LUBRICATION_ISSUE
3539.92,0.6045,763.46,382.12,166.13,21.35,52.14,12.3,30.19,0.844,-76.26,-1.71,1.01,0.032,EXHAUST_LEAK
3563.45,0.7125,954.07,423.76,182.09,24.78,50.03,8.46,30.94,0.803,48.39,0.35,0.69,-0.016,FUEL_RESTRICTION
3643.56,0.6476,914.19,421.15,175.22,23.68,50.92,13.11,40.74,0.783,43.44,18.69,-0.11,-0.06,OVERHEATING
3509.34,0.588,823.87,374.22,167.73,23.26,51.69,11.73,28.75,0.838,-4.42,-2.75,0.47,0.035,NORMAL
3852.76,0.8329,955.46,474.52,199.01,26.49,49.25,15.34,31.27,3.573,-36.93,-0.91,0.2,2.667,CYLINDER_MISFIRE
3069.5,0.4112,642.54,298.71,140.84,17.78,51.57,9.46,26.62,0.724,-57.64,-1.4,0.02,0.053,EXHAUST_LEAK
3888.97,0.7269,854.24,438.42,186.22,21.07,51.72,14.23,29.95,0.946,-76.35,0.06,0.52,0.029,EXHAUST_LEAK
3363.96,0.6413,809.02,393.2,171.1,24.1,49.84,12.76,29.56,4.638,-43.98,1.4,0.52,3.879,CYLINDER_MISFIRE
3504.46,0.6114,874.69,409.48,166.15,23.74,50.89,12.5,39.64,0.748,32.65,24.25,0.12,-0.053,OVERHEATING
3836.74,0.7302,880.84,435.89,186.45,21.87,51.78,14.05,31.04,0.914,-49.11,-2.08,0.99,0.013,EXHAUST_LEAK
3409.64,0.6502,897.9,396.82,170.61,24.09,48.58,9.67,30.8,0.749,37.28,0.45,-0.88,-0.024,FUEL_RESTRICTION
4035.12,0.8593,1019.44,489.04,228.96,27.18,26.0,15.92,32.77,2.188,2.12,-1.35,-24.28,1.227,LUBRICATION_ISSUE
3653.8,0.7168,917.63,428.06,211.65,24.34,16.7,13.67,30.65,2.322,4.86,0.4,-33.15,1.476,LUBRICATION_ISSUE
2934.5,0.3821,599.78,285.5,139.9,18.91,50.0,8.92,27.81,0.636,-76.21,-0.1,-1.2,0.006,EXHAUST_LEAK
3586.02,0.6727,878.51,410.56,211.56,24.65,18.62,13.17,30.81,2.157,-4.39,0.82,-31.58,1.331,LUBRICATION_ISSUE
3472.25,0.6018,826.36,380.45,169.52,23.45,51.64,12.21,29.28,0.702,-8.32,-0.36,0.9,-0.09,NORMAL
2874.62,0.442,663.93,304.74,142.12,21.49,49.39,9.76,29.89,4.53,-45.01,-0.62,-0.34,3.918,CYLINDER_MISFIRE
3958.32,0.7672,891.5,457.65,192.76,24.08,53.01,14.9,30.49,0.847,-66.74,2.72,2.09,-0.09,EXHAUST_LEAK
3764.47,0.7173,960.5,451.45,182.81,24.81,50.51,13.87,47.35,0.906,41.88,20.28,-0.05,0.027,OVERHEATING
3780.22,0.7339,887.9,437.3,185.52,23.1,50.76,14.19,31.14,0.897,-41.46,-0.31,0.4,0.013,EXHAUST_LEAK
3634.65,0.7539,890.47,443.94,188.86,25.46,47.8,14.05,31.22,4.899,-43.61,3.5,-1.26,4.059,CYLINDER_MISFIRE
3432.43,0.5735,818.38,369.43,164.07,23.36,51.45,11.85,28.37,0.674,2.67,0.01,0.46,-0.105,NORMAL
4130.0,0.8608,1022.43,493.53,200.07,27.02,52.2,16.42,31.44,0.934,-0.56,-0.26,1.16,-0.055,NORMAL
3640.84,0.7701,901.42,445.43,189.84,25.6,51.23,14.8,32.06,4.529,-42.68,-1.03,2.42,3.687,CYLINDER_MISFIRE
2859.84,0.3538,587.05,269.4,131.13,17.55,49.12,8.68,27.24,0.612,-68.21,-3.75,-2.1,0.004,EXHAUST_LEAK
4284.3,0.9138,1012.27,518.45,199.06,24.58,50.04,17.19,31.83,1.054,-50.21,0.97,-2.23,0.019,EXHAUST_LEAK
3394.35,0.5584,808.61,364.01,161.11,23.12,50.64,11.73,29.24,0.786,3.83,1.14,-0.38,0.017,NORMAL
4097.88,0.8561,1035.03,523.57,200.32,26.8,51.33,16.03,48.87,1.028,16.5,32.45,0.54,0.048,OVERHEATING
3346.49,0.5392,828.76,383.74,159.29,22.41,51.89,11.34,44.82,0.72,37.89,29.22,0.85,-0.034,OVERHEATING
3317.78,0.5791,811.24,366.09,191.4,22.96,28.48,11.77,29.86,1.987,-2.1,-1.91,-21.67,1.242,LUBRICATION_ISSUE
3094.69,0.5466,753.03,352.17,156.17,22.92,51.6,11.27,29.87,4.429,-29.65,2.56,2.32,3.75,CYLINDER_MISFIRE
4020.31,0.8128,1012.8,489.69,195.71,26.21,50.99,15.38,44.63,0.92,24.11,16.48,0.49,-0.036,OVERHEATING
2999.41,0.3896,724.67,318.73,135.96,20.7,50.67,9.02,46.31,0.609,40.96,28.51,-0.81,-0.041,OVERHEATING
4205.6,0.8816,1077.53,525.45,198.03,27.52,54.34,16.51,46.09,1.084,38.27,21.89,2.7,0.072,OVERHEATING
4063.74,0.8291,922.63,475.18,199.4,24.52,50.23,15.54,30.36,0.894,-78.01,-5.21,-0.28,-0.076,EXHAUST_LEAK
3630.15,0.7544,893.7,440.72,185.77,25.31,48.58,14.11,31.39,3.597,-40.44,0.24,-0.44,2.758,CYLINDER_MISFIRE
3148.17,0.5432,742.29,351.75,155.12,22.76,47.73,11.17,29.48,5.166,-41.01,1.77,-1.96,4.471,CYLINDER_MISFIRE
3080.32,0.4339,717.23,309.53,141.1,21.11,52.02,9.93,29.18,0.705,2.88,0.92,0.81,0.03,NORMAL
3110.56,0.4519,657.66,318.76,144.99,19.0,51.96,9.76,28.74,0.734,-69.04,2.74,0.88,0.051,EXHAUST_LEAK
3535.72,0.6829,887.23,412.29,203.41,24.64,17.1,13.18,30.5,1.968,0.73,0.4,-32.59,1.157,LUBRICATION_ISSUE
4084.52,0.8474,1014.4,492.53,199.84,27.05,49.49,15.62,32.51,0.997,1.73,4.93,-1.19,0.022,NORMAL
3896.3,0.7818,892.23,459.28,192.29,23.28,52.47,14.93,30.52,0.953,-71.68,0.93,2.22,0.034,EXHAUST_LEAK
4112.04,0.9395,1038.27,520.63,200.0,28.34,53.36,16.95,30.73,3.719,-31.01,-0.94,2.47,2.736,CYLINDER_MISFIRE
4243.16,0.8872,1071.82,525.54,200.2,27.3,51.35,16.54,50.32,1.035,27.36,18.87,-0.6,0.012,OVERHEATING
2977.25,0.3779,699.51,308.91,133.75,20.53,51.09,9.03,44.59,0.609,23.93,23.57,-0.46,-0.034,OVERHEATING
3809.41,0.7346,892.42,439.89,187.17,22.04,50.97,14.36,29.37,0.892,-38.79,1.16,0.43,-0.001,EXHAUST_LEAK
3126.11,0.5495,761.25,354.11,155.7,22.65,48.41,11.06,30.94,4.474,-24.78,2.49,-1.01,3.787,CYLINDER_MISFIRE
4209.46,0.9446,1079.33,528.74,223.54,28.3,22.15,17.48,32.97,1.835,2.08,2.39,-29.52,0.822,LUBRICATION_ISSUE
3413.97,0.5792,818.1,372.8,166.17,23.07,49.9,11.8,28.8,0.806,-0.12,1.87,-0.86,0.032,NORMAL
2860.48,0.3365,646.3,268.77,126.94,19.75,51.44,8.28,27.32,0.629,1.35,1.8,-0.1,0.021,NORMAL
2861.47,0.342,686.87,289.55,131.01,19.93,48.92,8.52,44.92,0.589,38.6,20.59,-2.53,-0.019,OVERHEATING
3267.41,0.5045,805.06,367.77,152.57,21.77,48.41,10.61,42.5,0.744,38.96,28.11,-2.75,0.013,OVERHEATING
4294.06,0.9308,1110.34,539.75,198.3,27.88,53.14,17.38,45.11,1.09,37.18,15.85,0.79,0.052,OVERHEATING
3297.54,0.6203,807.73,383.94,165.12,24.04,50.48,12.53,30.21,4.577,-29.31,1.71,1.21,3.838,CYLINDER_MISFIRE
4219.7,0.8833,1043.41,505.25,204.4,27.16,49.7,16.4,30.81,0.956,2.44,0.66,-2.05,-0.06,NORMAL
3729.65,0.7835,951.83,454.19,208.81,25.74,19.74,14.94,31.66,2.384,-4.73,0.25,-29.4,1.515,LUBRICATION_ISSUE
3027.17,0.3999,691.66,295.16,139.64,20.8,50.76,9.13,27.37,0.686,0.34,0.37,-0.71,0.028,NORMAL
4182.97,0.9384,1075.59,523.25,217.52,28.15,23.86,16.66,31.8,2.517,3.43,-0.04,-27.6,1.512,LUBRICATION_ISSUE
2681.62,0.3288,624.82,262.7,146.28,19.5,18.98,7.99,27.62,1.494,-6.56,3.88,-31.53,0.939,LUBRICATION_ISSUE
4263.64,0.9007,1103.05,529.33,199.72,27.75,54.02,16.64,42.49,0.979,49.45,17.17,1.92,-0.05,OVERHEATING
4176.15,0.879,972.38,503.29,199.49,23.42,52.92,16.23,31.36,1.029,-63.84,1.56,1.51,0.026,EXHAUST_LEAK
3644.84,0.6535,813.95,405.6,173.64,22.11,50.09,12.98,29.56,0.851,-60.38,0.99,-0.84,0.007,EXHAUST_LEAK
3414.51,0.583,756.13,372.69,164.95,20.7,52.0,12.07,28.96,0.794,-64.42,0.36,1.3,0.02,EXHAUST_LEAK
3246.44,0.4967,681.91,337.84,151.33,19.84,55.22,10.73,29.75,0.686,-78.46,1.62,4.06,-0.038,EXHAUST_LEAK
3932.39,0.8612,1064.47,487.03,200.19,27.35,47.01,11.53,33.07,0.926,51.1,-0.98,-2.44,-0.004,FUEL_RESTRICTION
3460.16,0.6334,857.08,391.12,189.6,23.98,22.96,12.68,31.73,2.225,4.01,-0.72,-27.13,1.437,LUBRICATION_ISSUE
3845.65,0.7193,965.44,461.68,187.77,25.11,49.16,13.99,45.2,0.907,41.57,27.36,-1.89,0.003,OVERHEATING
2817.74,0.4028,762.59,290.63,136.09,20.94,48.22,4.8,28.12,0.615,80.04,1.1,-1.85,0.02,FUEL_RESTRICTION
2730.93,0.4013,640.36,286.1,135.24,20.33,51.83,9.03,27.6,3.896,-36.99,-0.31,2.31,3.327,CYLINDER_MISFIRE
3433.35,0.623,893.52,389.09,165.85,23.66,52.29,8.8,29.57,0.785,48.06,1.81,2.18,0.005,FUEL_RESTRICTION
3040.72,0.4139,727.44,320.86,141.04,20.43,50.14,9.43,38.81,0.683,27.09,20.64,-1.18,0.021,OVERHEATING
3387.21,0.634,899.61,386.59,170.91,23.92,48.62,8.58,31.37,0.697,49.86,-3.26,-0.99,-0.07,FUEL_RESTRICTION
4264.42,0.9097,1062.61,516.4,199.7,27.63,53.36,16.62,31.5,1.013,3.55,0.96,1.24,-0.016,NORMAL
2934.24,0.4267,699.17,307.41,175.38,21.08,25.88,9.61,28.01,2.213,-3.55,5.77,-24.51,1.582,LUBRICATION_ISSUE
3097.71,0.4646,760.9,346.68,145.61,21.62,48.7,9.84,46.19,0.699,27.24,26.48,-2.08,0.02,OVERHEATING
4255.03,0.8951,998.02,511.18,202.34,23.43,53.49,16.86,32.52,1.014,-51.77,1.31,1.45,-0.013,EXHAUST_LEAK
3875.34,0.8637,969.46,482.85,200.14,27.0,48.54,15.95,32.61,4.224,-42.55,-4.36,-0.46,3.311,CYLINDER_MISFIRE
3391.18,0.5822,764.05,371.5,163.86,21.39,52.42,11.78,30.54,0.817,-54.83,0.17,1.86,0.049,EXHAUST_LEAK
3279.16,0.5343,784.91,353.59,158.6,22.53,50.31,11.2,28.86,0.802,0.34,2.85,-0.39,0.069,NORMAL
2933.07,0.3641,662.15,279.62,133.4,19.93,51.31,8.46,27.64,0.669,-2.94,0.57,-0.2,0.039,NORMAL
3931.61,0.7605,911.55,454.75,190.39,23.72,51.5,14.47,30.63,0.857,-41.34,3.01,0.63,-0.073,EXHAUST_LEAK
3174.88,0.4689,742.0,328.37,147.55,21.61,51.5,10.47,28.67,0.714,1.94,4.33,0.3,0.011,NORMAL
3196.19,0.4834,707.54,330.27,150.67,18.56,53.34,10.33,29.28,0.663,-42.29,0.37,2.26,-0.045,EXHAUST_LEAK
3140.49,0.5436,757.33,346.64,154.05,22.63,48.81,11.28,29.01,3.69,-25.87,-3.28,-0.82,2.998,CYLINDER_MISFIRE
4213.64,0.8946,994.92,510.55,198.93,25.46,50.44,16.71,30.93,0.973,-52.54,2.08,-1.27,-0.041,EXHAUST_LEAK
2782.11,0.306,654.07,272.35,125.25,19.18,55.91,7.99,39.38,0.571,31.37,18.73,4.33,-0.014,OVERHEATING
3947.6,0.7708,917.69,456.59,191.36,22.29,51.19,14.71,30.5,0.986,-42.15,0.68,0.41,0.051,EXHAUST_LEAK
3761.27,0.7098,833.46,432.31,182.98,22.77,51.91,13.8,30.04,0.85,-80.46,3.95,1.24,-0.029,EXHAUST_LEAK
3756.82,0.6984,859.92,424.31,180.61,23.41,51.24,13.53,31.37,0.896,-46.98,0.17,0.4,0.019,EXHAUST_LEAK
4206.52,0.9483,1153.01,528.73,201.14,27.95,51.93,12.85,34.39,1.059,73.71,1.14,0.28,0.047,FUEL_RESTRICTION
3192.46,0.5366,841.08,346.39,157.31,22.61,49.25,6.99,29.28,0.717,59.51,-2.56,-0.84,0.009,FUEL_RESTRICTION
2652.06,0.3184,689.79,258.1,125.94,19.56,51.02,2.15,28.14,0.526,66.12,3.9,0.51,-0.019,FUEL_RESTRICTION
3036.25,0.458,730.67,317.11,165.77,21.22,30.79,10.15,28.61,1.624,4.07,1.15,-19.7,0.963,LUBRICATION_ISSUE
3683.41,0.6745,825.93,415.42,182.16,21.5,50.0,13.06,31.16,0.884,-62.94,2.1,-0.8,0.029,EXHAUST_LEAK
3823.78,0.7822,959.73,457.7,211.13,25.46,29.59,14.83,30.77,2.432,-0.8,1.37,-20.18,1.535,LUBRICATION_ISSUE
3478.69,0.6414,902.81,398.34,172.17,24.01,49.06,9.41,31.0,0.723,44.04,3.08,-1.0,-0.07,FUEL_RESTRICTION
2869.0,0.3614,696.86,299.98,132.09,20.16,50.1,8.81,42.88,0.653,36.54,23.79,-1.05,0.042,OVERHEATING
3383.46,0.5517,843.34,389.39,158.75,22.86,54.15,11.55,37.56,0.751,43.15,29.28,3.09,-0.014,OVERHEATING
2751.3,0.3706,663.17,277.64,165.45,20.2,32.51,8.35,29.04,1.888,3.23,1.67,-17.7,1.312,LUBRICATION_ISSUE
3352.85,0.5171,825.86,365.6,156.34,22.32,53.15,10.94,42.51,0.799,47.97,18.87,1.66,0.043,OVERHEATING
3469.28,0.6279,849.8,389.41,193.5,24.23,32.76,12.38,30.05,2.33,-0.42,-0.72,-17.49,1.539,LUBRICATION_ISSUE
2692.68,0.3616,717.61,270.48,130.03,20.01,48.59,5.01,27.64,0.559,65.99,-0.49,-1.41,0.001,FUEL_RESTRICTION
3183.74,0.5552,870.07,354.48,156.09,22.82,48.13,7.88,29.98,0.765,77.79,-0.89,-1.57,0.06,FUEL_RESTRICTION
4130.07,0.8722,962.79,497.72,199.15,23.39,50.09,16.26,32.06,1.004,-67.05,-0.18,-0.95,0.015,EXHAUST_LEAK
4152.99,0.8607,1025.56,493.4,196.77,27.27,50.65,15.98,32.44,0.98,1.48,-1.05,-0.57,-0.016,NORMAL
2612.51,0.3252,681.97,256.99,124.56,19.56,49.59,3.11,27.44,0.514,56.2,1.53,-0.54,-0.02,FUEL_RESTRICTION
3264.19,0.598,896.71,371.83,164.16,23.37,48.83,7.93,30.83,0.679,74.67,-1.39,-0.63,-0.05,FUEL_RESTRICTION
3377.2,0.5474,838.93,384.17,159.12,22.79,50.56,11.68,36.75,0.813,41.65,25.8,-0.54,0.05,OVERHEATING
3903.5,0.8115,978.3,470.17,228.55,26.09,22.99,15.32,32.05,2.186,-3.78,0.92,-26.78,1.265,LUBRICATION_ISSUE
3912.2,0.7699,998.14,470.14,190.56,25.46,51.39,14.8,41.19,0.885,40.6,15.61,0.82,-0.038,OVERHEATING
2700.16,0.3492,703.57,265.7,128.6,20.0,48.98,4.89,28.43,0.527,59.03,-1.03,-1.29,-0.033,FUEL_RESTRICTION
3497.98,0.5985,832.06,378.8,166.08,23.19,51.11,12.42,30.05,0.789,-1.94,-1.6,0.15,-0.01,NORMAL
3484.62,0.6475,922.05,395.62,172.56,24.34,50.16,10.01,29.82,0.792,59.32,-2.02,0.17,-0.004,FUEL_RESTRICTION
3578.94,0.731,887.12,431.41,181.16,25.41,50.27,13.78,29.77,4.699,-30.42,0.89,1.16,3.876,CYLINDER_MISFIRE
2645.96,0.3502,597.31,264.8,131.47,19.81,50.84,8.38,28.48,4.077,-45.11,-0.65,0.95,3.533,CYLINDER_MISFIRE
2820.59,0.37,726.66,278.14,130.4,20.23,52.66,4.94,26.81,0.628,63.62,0.31,1.99,0.031,FUEL_RESTRICTION
2896.28,0.4337,755.17,302.71,138.55,20.83,49.39,6.36,27.7,0.635,50.17,-0.29,-0.63,0.016,FUEL_RESTRICTION
2804.06,0.3972,760.81,291.15,135.62,20.64,51.53,5.37,28.51,0.535,82.3,4.05,1.45,-0.056,FUEL_RESTRICTION
3610.49,0.6367,863.78,395.81,174.61,24.05,50.48,12.7,30.33,0.852,1.23,-1.72,-0.53,0.019,NORMAL
3613.7,0.6858,894.94,416.39,212.31,24.8,19.13,13.52,30.62,1.722,2.77,1.09,-31.01,0.888,LUBRICATION_ISSUE
3701.36,0.6721,936.59,434.03,181.84,24.61,49.56,13.19,42.62,0.852,48.28,21.04,-1.4,-0.009,OVERHEATING
4284.41,0.9136,994.61,516.94,199.42,25.6,52.16,17.11,32.68,1.001,-67.75,-0.47,-0.12,-0.034,EXHAUST_LEAK
3886.8,0.8517,962.47,482.73,201.07,26.85,47.33,15.52,31.2,3.982,-42.9,-0.5,-1.76,3.065,CYLINDER_MISFIRE
3910.57,0.8058,985.3,466.69,215.67,26.21,22.25,15.13,32.15,2.406,6.31,-0.7,-27.66,1.483,LUBRICATION_ISSUE
3114.81,0.5262,808.72,341.61,153.87,22.35,49.06,6.44,28.89,0.626,37.26,-1.27,-0.72,-0.059,FUEL_RESTRICTION
3915.56,0.8089,982.21,468.83,218.76,26.3,31.29,15.43,30.98,2.381,1.07,0.14,-18.6,1.456,LUBRICATION_ISSUE
3201.13,0.5413,819.93,354.64,155.82,22.5,49.64,6.75,29.09,0.701,35.08,3.73,-0.42,-0.01,FUEL_RESTRICTION
2941.69,0.4827,689.33,318.61,147.51,21.98,47.78,10.16,28.42,3.324,-47.39,-3.42,-1.65,2.691,CYLINDER_MISFIRE
2823.83,0.322,670.19,286.39,126.82,19.53,51.32,8.05,38.69,0.61,35.81,25.76,-0.24,0.012,OVERHEATING
3220.86,0.4897,759.88,331.16,147.1,21.87,52.26,10.39,29.6,0.675,4.99,-1.77,1.14,-0.041,NORMAL
2766.16,0.3177,547.85,254.91,126.71,17.48,49.69,7.93,28.09,0.574,-81.09,-2.45,-1.57,-0.006,EXHAUST_LEAK
3778.95,0.8055,930.69,462.86,192.79,26.07,47.98,14.94,30.32,3.991,-41.54,-0.47,-1.08,3.107,CYLINDER_MISFIRE
3771.17,0.7134,920.6,426.62,182.11,25.32,50.15,13.69,30.88,0.862,3.99,-3.35,-0.52,-0.019,NORMAL
3376.59,0.5444,735.9,354.71,157.07,19.57,53.19,11.58,29.12,0.771,-59.57,-2.57,2.04,0.008,EXHAUST_LEAK
3168.3,0.465,675.69,322.13,145.86,19.25,51.35,10.25,29.18,0.721,-61.72,-0.32,0.12,0.021,EXHAUST_LEAK
4108.58,0.9367,1024.64,520.1,198.55,27.9,50.21,16.77,33.79,3.914,-42.84,-0.38,-0.66,2.931,CYLINDER_MISFIRE
3910.07,0.8455,1046.69,482.43,198.07,26.79,49.19,9.85,31.45,0.911,43.92,0.77,-0.09,-0.012,FUEL_RESTRICTION
3911.95,0.8569,976.78,483.9,199.8,27.11,49.36,15.85,31.57,4.623,-32.94,-1.94,0.07,3.7,CYLINDER_MISFIRE
3584.4,0.7385,895.62,433.75,183.05,24.93,47.43,13.91,31.22,4.554,-26.71,0.36,-1.57,3.729,CYLINDER_MISFIRE
3808.75,0.7253,858.43,437.2,182.97,22.52,50.17,14.07,30.25,0.847,-67.22,1.81,-0.53,-0.045,EXHAUST_LEAK
3897.59,0.7618,875.11,452.78,189.84,21.65,49.63,14.62,31.57,0.903,-76.84,1.61,-0.99,-0.016,EXHAUST_LEAK
4140.75,0.8499,1054.77,517.93,198.01,26.86,50.26,16.02,47.93,1.011,37.81,27.75,-0.87,0.019,OVERHEATING
2831.87,0.3274,647.35,262.31,128.38,19.45,51.87,8.09,27.29,0.672,9.29,-0.52,0.35,0.073,NORMAL
2712.06,0.3567,650.72,271.29,165.34,19.92,30.63,8.42,27.91,1.344,1.1,1.52,-19.58,0.78,LUBRICATION_ISSUE
4294.62,0.9141,1061.84,519.16,198.4,27.77,52.5,17.0,32.88,0.993,-1.35,1.25,0.14,-0.045,NORMAL
3494.6,0.5904,822.58,379.75,167.35,23.27,51.81,12.15,29.63,0.743,-6.39,2.37,0.72,-0.055,NORMAL
3446.74,0.6471,930.77,398.61,171.64,24.24,51.51,8.96,30.86,0.792,70.18,2.25,1.75,0.008,FUEL_RESTRICTION
2518.28,0.3072,580.17,243.8,122.35,19.0,48.98,7.51,27.65,3.59,-30.06,-2.34,-0.86,3.084,CYLINDER_MISFIRE
3128.84,0.4552,729.25,318.28,145.69,21.12,51.73,9.73,27.0,0.718,-0.34,0.53,0.58,0.03,NORMAL
2905.18,0.3598,666.19,279.38,130.28,20.2,52.38,8.43,28.53,0.683,5.02,2.68,0.97,0.062,NORMAL
3713.7,0.6636,833.38,412.17,176.69,22.59,52.61,13.18,29.34,0.918,-50.44,1.88,1.42,0.054,EXHAUST_LEAK
4276.89,0.9027,1109.57,536.57,200.19,27.59,49.44,16.76,41.55,1.013,54.13,23.3,-2.78,-0.02,OVERHEATING
3159.13,0.4705,680.83,326.8,148.51,19.54,52.63,10.06,27.9,0.712,-59.42,2.65,1.57,0.014,EXHAUST_LEAK
4032.26,0.9274,1009.18,518.69,197.38,27.92,46.57,16.9,33.29,5.444,-48.86,3.86,-3.69,4.485,CYLINDER_MISFIRE
3604.57,0.6376,864.42,396.56,175.44,23.77,48.93,12.7,28.52,0.861,1.66,-1.1,-2.03,0.03,NORMAL
3648.1,0.6599,905.71,434.96,176.07,24.19,48.96,13.03,45.2,0.818,27.34,27.93,-1.87,-0.027,OVERHEATING
3548.43,0.6153,849.9,386.71,167.34,23.57,50.03,12.43,30.91,0.796,3.29,-1.25,-0.96,-0.018,NORMAL
4326.4,0.9154,988.35,512.68,200.42,24.91,55.12,17.02,32.61,1.078,-77.2,-6.65,2.51,0.03,EXHAUST_LEAK
3443.11,0.6,762.28,377.05,168.02,19.75,51.68,11.96,30.71,0.824,-69.91,-2.26,1.1,0.041,EXHAUST_LEAK
2519.95,0.3029,569.82,243.97,119.8,18.81,50.1,7.4,26.77,3.607,-37.93,-0.68,0.17,3.101,CYLINDER_MISFIRE
4357.75,0.9444,1121.24,548.7,199.5,28.51,53.55,17.19,47.98,1.072,36.71,17.98,0.69,0.015,OVERHEATING
3359.62,0.5447,738.89,353.39,158.76,21.35,51.32,11.31,29.21,0.811,-55.91,-3.5,0.29,0.053,EXHAUST_LEAK
4137.3,0.8508,1051.71,508.71,197.64,26.92,49.06,15.78,42.06,0.983,34.38,18.31,-2.04,-0.008,OVERHEATING
3420.73,0.5535,848.55,383.26,161.47,22.71,52.4,11.61,37.21,0.83,45.4,21.37,1.13,0.053,OVERHEATING
3560.09,0.6194,851.68,388.12,170.17,23.5,51.61,12.4,30.59,0.746,2.05,-1.65,0.61,-0.072,NORMAL
3986.02,0.8141,1032.07,490.15,196.38,26.24,48.09,15.17,40.7,0.94,44.29,17.48,-2.17,-0.006,OVERHEATING
3318.24,0.586,817.28,373.08,196.95,22.92,25.29,11.43,31.41,1.641,-0.25,2.56,-24.73,0.895,LUBRICATION_ISSUE
3787.49,0.7239,846.47,431.06,184.21,21.24,50.42,14.0,30.9,0.905,-77.26,-3.18,-0.17,0.019,EXHAUST_LEAK
3696.88,0.7356,993.46,441.05,184.66,25.17,48.59,8.37,29.75,0.868,67.25,5.32,-1.2,0.009,FUEL_RESTRICTION
2871.04,0.4303,697.98,300.68,170.58,20.75,29.22,9.62,28.5,1.858,-3.75,-0.35,-20.69,1.247,LUBRICATION_ISSUE
3911.55,0.75,878.37,445.69,189.96,23.7,51.23,14.77,30.42,0.927,-67.22,-1.66,0.3,0.004,EXHAUST_LEAK
3697.24,0.68,893.85,415.34,177.83,24.27,50.82,13.09,29.89,0.822,1.01,-0.36,0.03,-0.037,NORMAL
3183.83,0.539,854.41,348.84,158.5,22.48,51.98,5.66,28.65,0.629,71.85,-0.7,1.99,-0.076,FUEL_RESTRICTION
2885.78,0.3535,697.36,298.9,130.86,19.95,50.85,8.36,38.4,0.592,40.95,25.05,-0.54,-0.024,OVERHEATING
3972.91,0.8575,1007.38,489.12,234.81,26.96,17.41,15.84,31.79,2.777,-5.75,1.24,-32.37,1.835,LUBRICATION_ISSUE
3900.18,0.8478,973.07,480.55,197.98,26.6,50.57,15.66,32.01,3.58,-30.63,-1.67,1.36,2.66,CYLINDER_MISFIRE
3503.02,0.6987,860.17,414.24,177.45,24.47,48.57,12.88,31.17,4.996,-34.17,-2.37,-0.62,4.195,CYLINDER_MISFIRE
3551.0,0.6145,847.91,388.89,168.42,23.51,51.94,12.45,28.97,0.89,1.64,1.13,0.92,0.075,NORMAL
3594.33,0.6474,819.41,400.33,172.06,22.46,50.71,13.08,29.35,0.843,-48.77,-0.57,0.01,0.014,EXHAUST_LEAK
3473.01,0.6722,833.72,404.25,174.77,24.4,49.29,13.18,30.34,4.762,-43.23,-1.92,-0.18,3.97,CYLINDER_MISFIRE
2925.99,0.4282,703.8,306.1,165.24,21.13,22.8,9.53,28.59,2.217,0.55,4.16,-27.51,1.59,LUBRICATION_ISSUE
3838.34,0.7056,944.52,457.49,184.96,24.8,52.59,14.19,48.18,0.933,29.24,28.32,1.34,0.031,OVERHEATING
4139.89,0.8498,971.73,488.28,199.15,24.3,51.7,16.1,31.61,0.936,-45.14,-1.85,0.58,-0.056,EXHAUST_LEAK
3554.07,0.7028,943.26,420.47,180.07,25.07,50.04,9.05,28.54,0.822,43.9,0.86,0.59,0.006,FUEL_RESTRICTION
3189.79,0.6001,777.53,373.58,163.66,22.99,50.28,11.82,28.55,3.69,-42.04,1.84,1.35,2.983,CYLINDER_MISFIRE
3827.17,0.8237,960.97,471.52,198.52,26.42,49.87,15.36,31.2,4.407,-24.61,0.17,0.82,3.509,CYLINDER_MISFIRE
3639.98,0.7567,908.92,441.35,187.14,25.47,48.59,14.4,30.97,4.569,-27.1,-0.27,-0.45,3.727,CYLINDER_MISFIRE
3714.19,0.6677,888.08,411.46,177.5,24.27,51.26,13.28,29.88,0.828,1.73,-0.36,0.14,-0.036,NORMAL
4310.88,0.932,1108.01,548.88,200.28,28.26,52.83,17.17,46.55,1.094,33.25,24.02,0.34,0.051,OVERHEATING
2527.32,0.3066,566.69,245.0,119.52,19.28,49.71,7.8,27.69,4.986,-43.66,-1.22,-0.2,4.478,CYLINDER_MISFIRE
4355.19,0.9258,1030.72,522.44,201.87,25.76,51.44,17.18,32.38,1.004,-42.54,-1.52,-1.4,-0.052,EXHAUST_LEAK
3994.65,0.8473,1013.86,484.25,225.46,26.41,13.67,15.8,30.97,2.09,5.72,-0.63,-36.28,1.141,LUBRICATION_ISSUE
2720.82,0.3279,697.29,264.21,126.85,19.95,51.31,4.12,27.49,0.578,64.54,4.56,0.52,0.012,FUEL_RESTRICTION
2767.18,0.3666,696.25,274.29,130.28,19.52,53.04,2.56,27.18,0.645,37.94,-0.7,2.65,0.065,FUEL_RESTRICTION
3589.3,0.7369,990.15,432.21,182.59,25.51,47.55,10.04,31.69,0.838,68.57,-0.74,-1.52,0.011,FUEL_RESTRICTION
3294.55,0.5311,741.96,348.36,157.62,18.48,51.9,11.22,30.3,0.709,-41.45,-1.68,1.05,-0.029,EXHAUST_LEAK
3702.03,0.7731,910.68,451.02,189.82,25.85,52.34,14.72,31.74,3.569,-38.26,1.65,3.19,2.708,CYLINDER_MISFIRE
3068.58,0.4175,701.44,301.08,139.56,20.63,53.98,9.69,29.88,0.622,-2.5,-1.28,2.55,-0.049,NORMAL
2907.4,0.3705,714.02,305.89,136.14,19.99,49.62,8.97,43.23,0.64,46.34,25.28,-1.61,0.017,OVERHEATING
3695.27,0.7394,928.93,436.69,216.48,25.45,27.46,14.29,30.75,2.261,0.53,-0.35,-22.25,1.403,LUBRICATION_ISSUE
2938.47,0.4715,689.53,316.54,147.56,21.89,50.65,10.21,28.04,3.945,-40.28,-1.35,1.04,3.313,CYLINDER_MISFIRE
2921.92,0.447,781.01,307.28,141.98,20.84,50.4,5.63,29.75,0.571,66.72,-1.29,0.46,-0.055,FUEL_RESTRICTION
3642.28,0.783,907.35,448.19,190.83,25.91,50.21,14.6,30.61,3.491,-44.55,-2.95,1.63,2.649,CYLINDER_MISFIRE
3260.3,0.559,857.63,359.93,159.58,22.6,49.01,7.6,28.96,0.702,59.24,0.89,-1.12,-0.026,FUEL_RESTRICTION
2884.55,0.3355,648.03,267.72,127.16,19.59,50.98,8.27,28.02,0.632,2.52,0.42,-0.73,0.017,NORMAL
2847.64,0.3436,582.17,266.99,128.4,16.37,53.0,8.42,28.24,0.615,-66.39,-2.15,1.68,0.01,EXHAUST_LEAK
3930.35,0.8636,977.12,491.78,201.02,27.34,49.26,16.01,32.04,4.461,-37.53,2.99,-0.18,3.532,CYLINDER_MISFIRE
3250.39,0.5013,700.88,336.7,154.38,18.66,51.5,10.79,30.24,0.696,-62.39,-1.27,0.39,-0.029,EXHAUST_LEAK
3343.61,0.6431,820.85,390.53,168.95,24.16,47.75,12.43,30.91,4.14,-32.17,-1.28,-1.41,3.387,CYLINDER_MISFIRE
2903.67,0.4255,699.12,297.06,165.7,20.57,29.29,9.15,28.44,1.55,-1.35,-3.23,-20.92,0.929,LUBRICATION_ISSUE
3973.86,0.7823,893.73,462.47,193.83,22.16,50.73,15.21,31.43,0.927,-74.33,1.63,-0.02,-0.015,EXHAUST_LEAK
3272.15,0.5716,864.97,361.55,160.8,22.85,51.53,6.5,28.51,0.703,58.41,-2.39,1.54,-0.028,FUEL_RESTRICTION
3415.86,0.6651,831.25,402.4,173.22,24.19,49.43,12.84,30.35,4.084,-38.58,0.5,0.2,3.309,CYLINDER_MISFIRE
3150.36,0.4531,772.55,334.55,145.12,21.29,49.56,10.18,41.41,0.727,43.18,16.93,-1.76,0.032,OVERHEATING
4308.04,0.9258,1067.84,517.88,199.46,27.86,52.28,16.99,33.87,1.063,-3.05,-4.65,-0.18,0.021,NORMAL
3823.46,0.7279,879.74,439.73,186.51,21.61,50.49,13.99,30.61,0.933,-48.16,2.99,-0.26,0.036,EXHAUST_LEAK
3377.51,0.6651,826.36,401.03,173.41,24.66,47.38,12.83,31.58,5.248,-41.59,0.26,-1.6,4.485,CYLINDER_MISFIRE
3237.75,0.5404,788.33,348.44,186.18,22.66,13.81,11.2,30.15,1.98,2.18,-3.25,-36.51,1.259,LUBRICATION_ISSUE
4071.08,0.8409,1008.05,486.82,201.0,26.76,48.3,15.51,30.46,0.951,-0.05,1.96,-2.27,-0.02,NORMAL
3547.66,0.6925,943.25,412.87,180.74,24.81,48.93,8.9,30.24,0.75,50.34,-2.88,-0.66,-0.065,FUEL_RESTRICTION
2871.27,0.4169,692.07,298.71,156.4,20.58,21.01,9.29,27.94,1.671,-1.63,2.49,-29.15,1.06,LUBRICATION_ISSUE
3563.99,0.6983,893.61,417.55,198.53,24.72,26.03,13.23,29.66,2.385,-3.54,-0.74,-23.57,1.566,LUBRICATION_ISSUE
3189.71,0.5322,840.88,346.5,156.54,22.57,50.45,7.31,29.64,0.713,62.1,-0.76,0.3,0.007,FUEL_RESTRICTION
3930.02,0.8504,966.9,482.72,199.21,27.16,51.09,15.64,32.46,3.43,-39.83,-1.31,1.65,2.501,CYLINDER_MISFIRE
3750.41,0.7785,996.96,452.85,190.61,26.02,48.06,11.37,32.14,0.842,42.37,0.09,-1.3,-0.033,FUEL_RESTRICTION
4057.92,0.9191,1018.85,513.1,202.21,27.91,49.36,16.7,31.7,3.62,-35.53,0.47,-1.1,2.652,CYLINDER_MISFIRE
3707.45,0.7551,938.15,441.94,215.98,25.6,22.78,14.23,30.84,2.389,-0.31,-1.13,-26.72,1.527,LUBRICATION_ISSUE
3752.62,0.7131,845.94,427.72,182.03,22.59,49.05,13.89,31.0,0.813,-69.56,-1.58,-1.5,-0.063,EXHAUST_LEAK
3817.87,0.7997,1046.02,462.67,190.92,26.38,50.08,11.58,30.75,0.918,75.29,0.23,0.66,0.023,FUEL_RESTRICTION
3236.07,0.5482,790.47,354.81,178.98,22.7,16.52,11.11,29.9,1.618,-0.25,0.38,-33.65,0.897,LUBRICATION_ISSUE
3352.17,0.5396,716.86,357.58,157.36,20.73,51.22,11.12,29.14,0.742,-74.52,2.76,0.14,-0.013,EXHAUST_LEAK
2942.72,0.368,693.78,314.46,134.06,20.25,51.39,8.75,37.78,0.674,25.82,33.68,-0.12,0.041,OVERHEATING
3869.97,0.7235,886.42,437.43,187.78,22.03,51.49,14.09,29.73,0.952,-41.17,0.88,0.36,0.041,EXHAUST_LEAK
4148.81,0.9382,1127.91,521.81,199.29,28.17,52.38,12.61,31.9,0.936,57.52,-0.42,1.19,-0.058,FUEL_RESTRICTION
4033.56,0.9252,1022.53,515.33,202.03,27.63,49.45,16.88,31.42,5.389,-34.28,1.25,-0.82,4.428,CYLINDER_MISFIRE
3476.88,0.5831,823.27,374.48,164.48,23.17,49.79,11.75,30.94,0.759,-0.45,0.25,-1.32,-0.034,NORMAL
3569.72,0.6268,879.83,410.81,170.96,23.96,50.32,12.63,40.56,0.797,25.28,18.08,-0.6,-0.024,OVERHEATING
2780.3,0.3131,660.93,271.59,126.72,19.53,51.08,8.1,39.64,0.644,34.05,15.47,-0.36,0.06,OVERHEATING
3971.95,0.8398,1006.37,483.76,226.61,26.74,28.49,15.72,31.67,1.833,3.91,2.29,-21.28,0.892,LUBRICATION_ISSUE
4290.21,0.9115,994.16,515.08,200.64,24.31,53.83,16.96,32.88,1.101,-67.24,-1.76,1.51,0.064,EXHAUST_LEAK
3302.59,0.5411,817.69,370.52,158.36,22.64,48.74,11.38,45.22,0.803,27.9,16.64,-1.99,0.062,OVERHEATING
2948.68,0.4605,731.05,312.46,179.29,21.43,20.13,9.94,29.51,1.954,7.34,-1.77,-29.75,1.32,LUBRICATION_ISSUE
3883.58,0.8007,969.86,466.95,231.98,26.28,27.69,15.14,30.92,2.172,-4.72,2.2,-22.14,1.257,LUBRICATION_ISSUE
3579.47,0.7297,881.97,430.89,183.98,24.86,50.68,14.07,30.99,3.93,-34.81,0.82,1.54,3.107,CYLINDER_MISFIRE
2599.0,0.328,584.41,259.29,126.05,19.44,48.51,7.93,26.82,3.316,-42.32,3.25,-1.48,2.786,CYLINDER_MISFIRE
3332.95,0.5305,818.2,384.89,157.7,22.24,50.68,11.17,45.49,0.786,33.27,33.94,-0.44,0.036,OVERHEATING
2894.45,0.3534,604.97,275.83,131.82,18.35,50.82,8.72,26.93,0.61,-51.81,1.75,-0.63,-0.008,EXHAUST_LEAK
2885.72,0.4295,765.19,301.28,141.48,21.18,49.91,4.43,27.33,0.626,63.19,0.08,-0.12,0.01,FUEL_RESTRICTION
3538.14,0.7043,853.98,418.05,179.91,24.81,49.09,13.43,30.22,4.421,-45.52,-1.64,-0.23,3.61,CYLINDER_MISFIRE
4186.27,0.8702,1035.03,498.04,196.94,26.98,49.25,16.21,31.98,1.073,3.6,-0.82,-2.24,0.067,NORMAL
3402.61,0.6751,839.41,405.16,174.93,24.46,50.81,12.82,29.51,4.558,-35.78,0.04,1.84,3.788,CYLINDER_MISFIRE
3753.71,0.6895,839.91,423.8,181.88,22.3,51.43,13.65,31.62,0.86,-61.45,2.99,0.44,-0.017,EXHAUST_LEAK
3929.03,0.7706,874.85,457.72,193.06,23.01,50.74,14.73,32.47,0.887,-83.94,2.44,0.07,-0.042,EXHAUST_LEAK
3350.89,0.6342,807.51,387.85,168.14,23.79,51.55,12.88,29.31,4.05,-40.54,-0.98,2.18,3.295,CYLINDER_MISFIRE
3944.5,0.8819,987.62,496.96,200.21,27.24,49.21,16.08,32.11,4.672,-38.78,1.13,-0.35,3.739,CYLINDER_MISFIRE
4224.64,0.8796,1068.79,531.73,200.24,27.31,55.32,16.32,42.51,1.045,29.79,28.33,3.53,0.028,OVERHEATING
3909.53,0.8826,994.84,496.33,198.2,27.14,50.01,15.96,31.45,3.485,-30.2,1.31,0.74,2.562,CYLINDER_MISFIRE
3861.94,0.8291,989.84,477.27,230.35,26.19,22.06,15.35,31.62,2.202,-0.71,2.94,-27.12,1.294,LUBRICATION_ISSUE
3431.06,0.6263,845.06,391.57,188.29,23.74,25.92,12.43,30.44,2.502,-2.28,3.16,-24.11,1.723,LUBRICATION_ISSUE
3384.1,0.5672,811.74,365.16,162.01,23.04,48.91,11.59,30.17,0.715,2.21,-0.56,-1.88,-0.05,NORMAL
4112.29,0.9036,1099.87,505.85,200.57,27.71,52.16,10.84,31.02,1.031,52.1,-2.81,1.26,0.048,FUEL_RESTRICTION
3948.31,0.8242,993.38,473.45,218.17,26.72,19.4,15.43,31.26,2.199,1.45,-1.71,-30.43,1.264,LUBRICATION_ISSUE
3333.84,0.6105,829.2,379.68,186.99,23.36,18.82,12.28,30.17,2.009,-3.8,-0.12,-30.87,1.259,LUBRICATION_ISSUE
3864.79,0.7992,1031.96,460.92,197.03,26.05,49.26,9.4,30.43,0.925,59.2,-2.74,-0.47,0.016,FUEL_RESTRICTION
4072.02,0.9372,1035.15,516.91,199.63,27.99,51.84,16.77,32.12,3.879,-30.78,-2.65,1.27,2.907,CYLINDER_MISFIRE
4117.96,0.9259,1138.12,517.71,198.82,27.87,50.75,13.21,32.99,0.932,76.68,0.85,-0.19,-0.054,FUEL_RESTRICTION
4046.25,0.8728,1028.2,496.16,224.37,27.01,22.56,16.52,32.96,2.186,2.21,0.56,-27.81,1.222,LUBRICATION_ISSUE
3371.79,0.656,813.01,396.91,172.47,23.85,49.4,12.55,28.22,3.287,-49.19,-0.42,0.29,2.526,CYLINDER_MISFIRE
2951.83,0.3821,674.82,288.45,136.98,20.09,50.0,9.31,29.46,0.634,-2.06,2.33,-1.31,-0.001,NORMAL
3863.4,0.7508,883.13,445.44,185.98,22.86,49.77,14.55,30.83,0.8,-60.5,-0.74,-0.83,-0.109,EXHAUST_LEAK
3892.01,0.858,956.06,488.18,201.41,27.02,48.84,15.95,32.42,4.896,-53.33,2.55,-0.3,3.979,CYLINDER_MISFIRE
4193.69,0.8697,1077.73,529.43,199.5,27.23,49.74,16.16,45.23,0.993,46.21,30.52,-1.81,-0.015,OVERHEATING
4159.16,0.949,1136.77,524.83,200.92,28.66,51.59,13.05,32.62,0.963,59.43,-1.58,0.31,-0.035,FUEL_RESTRICTION
3396.72,0.5375,821.12,375.08,158.17,22.55,48.26,11.52,46.68,0.782,28.77,19.67,-3.14,0.013,OVERHEATING
3994.56,0.9008,996.15,504.78,201.44,27.61,51.58,16.34,31.08,4.427,-44.03,0.67,1.63,3.479,CYLINDER_MISFIRE
3594.47,0.6588,873.39,406.96,174.96,24.16,52.12,13.35,30.81,0.803,-1.63,1.94,1.62,-0.025,NORMAL
2792.52,0.3281,673.2,289.46,127.03,19.45,49.94,8.22,44.25,0.579,36.72,27.57,-1.31,-0.008,OVERHEATING
2868.54,0.4232,736.99,297.05,137.81,21.0,49.21,4.23,29.66,0.6,39.62,-1.38,-0.82,-0.011,FUEL_RESTRICTION
4123.46,0.911,1131.34,514.13,201.54,27.58,50.61,11.19,32.45,1.017,78.55,2.46,-0.37,0.03,FUEL_RESTRICTION
2952.45,0.3743,708.03,308.49,134.71,19.94,51.14,8.78,41.02,0.576,35.82,25.16,-0.31,-0.059,OVERHEATING
3472.78,0.5879,824.63,380.74,168.25,23.23,51.45,12.23,29.59,0.766,-1.75,4.9,0.46,-0.026,NORMAL
4197.63,0.9461,1118.48,529.29,200.86,28.29,51.77,11.96,31.7,1.049,40.96,2.78,0.19,0.04,FUEL_RESTRICTION
3394.39,0.5762,844.58,385.2,162.4,23.0,53.29,11.95,46.05,0.815,29.17,15.95,2.6,0.047,OVERHEATING
2698.37,0.3319,633.85,258.8,145.07,19.48,31.53,8.2,26.72,1.55,-0.22,-1.64,-19.04,0.991,LUBRICATION_ISSUE
3878.61,0.7535,989.01,464.75,191.59,25.55,50.99,14.41,45.82,0.889,43.0,17.15,0.34,-0.024,OVERHEATING
4155.49,0.9297,1122.54,519.62,198.57,27.99,50.11,11.51,32.21,1.003,56.94,0.26,-1.14,0.006,FUEL_RESTRICTION
3579.95,0.7024,904.2,423.17,207.24,24.9,26.71,13.73,30.03,1.59,3.74,2.9,-22.92,0.766,LUBRICATION_ISSUE
3517.47,0.5921,871.24,396.31,167.29,23.45,53.47,12.12,46.68,0.766,40.08,17.61,2.27,-0.039,OVERHEATING
4268.94,0.927,1115.63,549.6,197.62,28.05,52.93,17.13,43.01,1.039,45.96,27.79,0.78,0.008,OVERHEATING
2748.07,0.3754,705.62,277.49,135.78,20.5,50.82,4.57,27.94,0.572,43.0,-0.09,0.71,-0.002,FUEL_RESTRICTION
3161.4,0.5647,757.64,358.29,158.6,22.74,50.24,11.58,29.53,3.529,-39.23,0.17,0.85,2.83,CYLINDER_MISFIRE
4066.03,0.9042,1105.81,506.78,197.49,27.59,49.72,10.92,31.61,0.999,59.97,-0.72,-0.8,0.029,FUEL_RESTRICTION
4081.55,0.9318,1036.98,520.8,201.99,27.79,48.71,16.97,32.21,3.976,-26.2,2.89,-1.94,3.001,CYLINDER_MISFIRE
3900.21,0.7609,883.26,453.75,189.87,22.81,50.33,14.7,31.14,0.917,-68.32,2.81,-0.33,-0.003,EXHAUST_LEAK
3640.65,0.6491,869.86,401.86,174.91,24.39,50.74,13.13,29.04,0.847,-1.65,-1.05,-0.24,0.005,NORMAL
3088.6,0.4942,835.97,331.04,149.51,22.3,50.66,6.09,28.92,0.556,85.02,0.47,0.48,-0.121,FUEL_RESTRICTION
3589.11,0.6322,804.85,394.41,172.8,20.48,50.77,12.8,29.46,0.878,-53.95,-0.87,-0.18,0.051,EXHAUST_LEAK
3261.71,0.5885,873.97,370.06,165.2,23.22,47.9,7.8,30.9,0.708,57.81,0.36,-1.71,-0.02,FUEL_RESTRICTION
4075.34,0.8775,1022.87,498.18,226.14,27.56,18.79,16.32,32.76,1.842,-7.39,0.03,-31.81,0.87,LUBRICATION_ISSUE
3284.02,0.6059,785.76,375.19,166.77,23.04,50.01,11.94,29.66,3.271,-41.98,-1.45,0.57,2.536,CYLINDER_MISFIRE
3642.93,0.6567,918.89,421.78,176.86,24.26,51.48,13.01,39.83,0.901,42.74,16.09,0.62,0.058,OVERHEATING
3023.32,0.418,656.63,300.59,138.73,17.34,47.74,9.53,28.76,0.639,-45.35,-0.6,-3.39,-0.018,EXHAUST_LEAK
3201.89,0.4905,687.7,336.04,152.69,19.56,50.96,10.64,29.22,0.767,-66.71,3.4,-0.02,0.057,EXHAUST_LEAK
3185.54,0.4828,687.26,330.1,148.29,17.79,50.72,10.6,29.33,0.675,-61.72,0.71,-0.3,-0.031,EXHAUST_LEAK
3684.71,0.7809,911.16,452.27,191.63,25.64,47.47,14.43,31.25,3.498,-41.59,0.62,-1.42,2.643,CYLINDER_MISFIRE
4339.16,0.9202,1094.93,550.57,201.23,28.19,53.18,17.03,44.97,1.08,25.88,29.14,0.46,0.028,OVERHEATING
3840.97,0.7122,972.64,456.63,180.87,24.55,52.73,13.94,43.81,0.831,53.29,25.02,1.59,-0.072,OVERHEATING
2662.17,0.3765,618.04,275.77,131.52,20.21,49.43,8.8,28.69,4.689,-40.98,0.36,-0.09,4.14,CYLINDER_MISFIRE
2971.56,0.4799,693.76,321.06,146.08,21.6,48.61,10.11,28.87,4.745,-42.77,-0.86,-1.07,4.103,CYLINDER_MISFIRE
3758.31,0.7826,1012.19,451.51,194.41,26.05,49.15,9.12,31.76,0.887,54.74,-2.96,-0.19,0.009,FUEL_RESTRICTION
3503.24,0.5901,832.52,379.71,168.25,23.35,53.02,12.05,28.31,0.835,3.29,2.17,1.87,0.034,NORMAL
2901.29,0.4818,686.93,321.47,147.61,21.9,47.07,9.93,27.8,3.714,-47.21,0.99,-2.11,3.094,CYLINDER_MISFIRE
3742.28,0.6879,926.15,451.53,180.54,24.16,51.3,13.48,40.16,0.91,26.3,31.63,0.36,0.038,OVERHEATING
3748.13,0.754,934.47,443.89,221.05,25.64,28.87,14.4,30.46,2.322,-5.33,0.0,-20.93,1.448,LUBRICATION_ISSUE
2893.1,0.4271,764.6,298.52,141.37,20.72,50.6,4.47,29.82,0.603,63.68,-2.03,0.48,-0.015,FUEL_RESTRICTION
3847.28,0.7458,938.32,445.28,190.06,25.8,50.29,14.02,30.31,0.887,-1.54,1.37,-0.3,-0.017,NORMAL
2963.39,0.3942,705.89,315.67,137.16,20.62,50.36,8.97,37.63,0.7,21.21,24.86,-0.81,0.061,OVERHEATING
3600.38,0.6462,813.6,399.88,171.79,20.63,51.55,12.99,30.36,0.81,-54.15,-0.77,0.78,-0.02,EXHAUST_LEAK
3678.91,0.7637,1020.47,443.84,187.94,25.42,50.84,9.48,31.0,0.878,78.29,-1.47,1.67,0.025,FUEL_RESTRICTION
3664.2,0.7284,966.94,430.83,181.38,25.03,48.29,10.61,30.52,0.904,46.68,-1.33,-1.42,0.055,FUEL_RESTRICTION
3834.95,0.7946,1012.29,462.48,193.49,26.31,49.51,11.81,31.1,0.869,43.81,1.4,-0.12,-0.031,FUEL_RESTRICTION
3736.51,0.759,985.27,443.51,186.84,26.11,48.79,8.49,32.38,0.853,43.03,-1.84,-0.84,-0.018,FUEL_RESTRICTION
4043.28,0.8924,1033.02,502.0,220.93,27.51,27.07,16.44,32.29,2.041,-4.56,-0.55,-23.28,1.078,LUBRICATION_ISSUE
3922.62,0.7436,871.73,444.28,189.82,21.45,50.37,14.33,30.37,0.972,-70.57,-1.1,-0.74,0.045,EXHAUST_LEAK
3474.63,0.6828,854.28,408.62,176.61,24.69,50.76,13.27,29.86,3.342,-29.13,-1.42,1.46,2.55,CYLINDER_MISFIRE
3496.17,0.6668,942.82,405.27,173.92,24.0,50.68,8.69,30.39,0.804,67.94,0.34,0.96,0.005,FUEL_RESTRICTION
3286.5,0.5304,777.23,348.8,159.08,22.57,48.51,10.91,28.93,0.825,-5.32,-0.73,-2.31,0.09,NORMAL
2845.22,0.3336,641.19,264.72,127.73,19.88,48.07,8.17,28.9,0.624,-1.23,-0.73,-3.42,0.021,NORMAL
3780.03,0.7106,959.03,456.54,181.45,25.2,47.44,13.85,47.3,0.829,43.65,27.32,-3.34,-0.055,OVERHEATING
3929.04,0.841,1052.08,482.63,197.98,26.79,47.43,9.9,31.36,0.949,51.03,2.0,-2.0,0.02,FUEL_RESTRICTION
2868.39,0.3469,657.57,270.77,132.7,19.94,50.25,8.43,27.68,0.567,5.99,-0.18,-1.15,-0.043,NORMAL
2960.14,0.4098,740.68,309.59,138.94,20.8,51.26,9.24,42.15,0.657,46.78,13.25,0.39,0.019,OVERHEATING
2991.07,0.4852,801.02,323.51,149.12,22.02,50.64,5.4,28.85,0.669,60.36,-0.9,0.93,0.022,FUEL_RESTRICTION
2745.16,0.3927,626.69,285.35,137.47,20.28,49.53,8.82,28.69,3.926,-46.17,1.63,-0.24,3.352,CYLINDER_MISFIRE
3315.01,0.6121,909.66,379.8,165.36,23.69,51.14,8.43,29.98,0.794,76.62,-0.02,1.61,0.05,FUEL_RESTRICTION
4190.39,0.879,1081.13,520.74,202.32,27.34,51.68,16.12,46.88,1.053,44.22,18.59,0.16,0.046,OVERHEATING
3153.11,0.4453,648.4,319.65,143.83,17.87,50.42,9.79,29.68,0.652,-76.43,4.76,-1.06,-0.044,EXHAUST_LEAK
4108.67,0.9343,1124.46,515.51,199.77,28.25,50.74,13.54,32.07,1.086,58.46,-4.08,-0.13,0.103,FUEL_RESTRICTION
3797.7,0.7854,1016.01,460.27,191.42,26.06,51.35,11.18,31.18,0.924,54.9,3.6,1.8,0.035,FUEL_RESTRICTION
2662.19,0.3457,702.38,261.62,126.64,19.75,49.07,4.43,27.74,0.582,61.83,-2.7,-1.01,0.033,FUEL_RESTRICTION
2536.33,0.3193,576.83,251.84,121.95,19.47,48.42,7.74,27.4,3.568,-41.56,0.81,-1.32,3.057,CYLINDER_MISFIRE
4377.12,0.9289,1027.74,523.76,201.09,26.32,50.85,17.2,31.39,1.042,-48.44,-1.95,-2.17,-0.021,EXHAUST_LEAK
3196.4,0.4807,674.03,328.68,150.06,19.76,52.41,10.54,28.47,0.681,-74.19,-0.26,1.29,-0.027,EXHAUST_LEAK
3764.74,0.7156,847.5,431.4,184.05,22.99,50.65,13.77,32.71,0.886,-70.13,0.83,0.06,0.006,EXHAUST_LEAK
2789.65,0.3273,593.96,258.96,129.07,17.83,50.21,8.03,28.81,0.604,-41.89,-2.56,-1.03,0.017,EXHAUST_LEAK
4014.76,0.8682,1024.51,493.76,230.58,27.06,23.81,16.21,31.89,2.073,2.86,0.77,-26.31,1.119,LUBRICATION_ISSUE
2541.54,0.3243,574.96,249.48,125.81,19.76,50.48,7.81,28.07,3.164,-46.7,-3.52,0.8,2.651,CYLINDER_MISFIRE
3479.43,0.5908,823.64,377.48,164.56,22.99,50.21,11.9,31.08,0.829,-4.82,0.41,-0.78,0.035,NORMAL
3777.44,0.8067,934.94,464.58,196.52,26.27,49.21,14.86,31.09,3.466,-37.96,0.85,0.18,2.583,CYLINDER_MISFIRE
2816.78,0.4035,765.37,291.3,136.47,20.77,49.35,2.99,30.25,0.58,82.43,1.53,-0.69,-0.015,FUEL_RESTRICTION
4343.51,0.9255,1073.82,520.57,200.19,28.49,54.18,16.99,32.98,0.996,1.35,-2.92,1.43,-0.057,NORMAL
3454.15,0.5822,754.35,372.73,162.44,20.39,50.72,12.04,29.11,0.891,-67.69,-0.5,-0.25,0.105,EXHAUST_LEAK
2988.8,0.401,729.88,313.35,137.11,20.83,50.96,9.08,39.73,0.725,39.81,19.31,-0.25,0.079,OVERHEATING
4082.65,0.8382,1008.0,481.99,198.26,26.8,49.02,15.68,32.11,0.936,0.93,-2.25,-1.64,-0.039,NORMAL
3732.84,0.7719,949.09,450.73,208.18,25.85,26.44,14.35,31.04,1.842,-0.7,0.86,-22.93,0.972,LUBRICATION_ISSUE
3708.92,0.7343,927.06,434.76,216.65,25.48,26.47,14.15,30.95,2.117,1.02,-0.87,-23.42,1.254,LUBRICATION_ISSUE
3095.76,0.5447,746.73,354.24,156.43,22.62,48.37,10.96,29.79,4.7,-34.86,5.28,-0.95,4.022,CYLINDER_MISFIRE
3644.69,0.6593,919.25,426.32,176.36,24.04,49.42,13.27,37.72,0.918,41.41,19.62,-1.41,0.074,OVERHEATING
3769.79,0.7329,970.38,456.77,185.56,25.49,49.57,14.24,41.34,0.842,42.16,19.84,-0.74,-0.039,OVERHEATING
3681.68,0.7244,917.12,433.13,204.68,25.35,20.87,13.89,32.55,2.317,-1.58,1.91,-29.02,1.462,LUBRICATION_ISSUE
4069.45,0.9168,1017.67,511.01,199.55,27.78,49.59,17.06,32.04,4.317,-35.85,-1.11,-0.96,3.346,CYLINDER_MISFIRE
2942.96,0.4729,697.82,317.77,146.99,21.36,47.72,9.99,28.0,3.913,-33.07,-0.77,-1.9,3.28,CYLINDER_MISFIRE
3618.03,0.7314,877.18,432.34,183.92,25.33,47.11,13.82,30.37,4.057,-42.56,0.49,-2.25,3.222,CYLINDER_MISFIRE
4151.17,0.9324,1137.41,520.4,200.79,28.31,51.47,14.01,32.8,0.904,70.39,0.19,0.26,-0.091,FUEL_RESTRICTION
3314.94,0.5317,715.18,351.36,160.12,18.91,50.35,11.33,28.23,0.797,-69.56,0.52,-0.62,0.053,EXHAUST_LEAK
3618.1,0.6461,821.15,403.65,175.11,20.08,50.69,12.99,30.15,0.83,-47.43,2.5,-0.2,-0.005,EXHAUST_LEAK
3753.38,0.8093,933.02,462.6,193.86,26.06,49.62,15.29,30.78,4.404,-40.24,-1.36,0.79,3.528,CYLINDER_MISFIRE
2669.84,0.3604,624.44,272.62,130.22,20.18,49.69,8.59,29.06,4.71,-25.29,2.78,-0.17,4.159,CYLINDER_MISFIRE
4142.23,0.9396,1024.66,525.05,199.55,28.11,50.56,17.31,33.63,5.445,-46.21,2.52,-0.58,4.452,CYLINDER_MISFIRE
4338.0,0.9489,1019.86,532.87,196.95,25.07,54.68,17.63,33.13,1.007,-66.37,1.14,1.98,-0.044,EXHAUST_LEAK
3641.46,0.6675,813.4,410.78,174.9,20.69,52.69,13.19,29.78,0.789,-69.14,1.25,2.04,-0.053,EXHAUST_LEAK
3638.9,0.7045,907.01,427.39,211.65,24.69,15.75,13.61,32.29,1.78,2.37,4.6,-34.23,0.939,LUBRICATION_ISSUE
3705.61,0.7594,999.04,440.58,188.41,25.67,50.78,9.94,31.63,0.812,58.11,-3.97,1.36,-0.05,FUEL_RESTRICTION
4158.86,0.9265,1127.65,517.27,200.06,27.95,52.89,11.71,33.7,1.026,63.81,-1.04,1.62,0.028,FUEL_RESTRICTION
2747.32,0.3722,658.65,277.58,164.46,19.93,28.74,8.62,27.24,1.65,-2.03,1.17,-21.41,1.076,LUBRICATION_ISSUE
3827.15,0.7279,965.13,450.94,187.51,25.31,52.12,14.31,44.92,0.86,37.01,14.07,1.35,-0.038,OVERHEATING
2662.4,0.3584,612.72,270.59,129.57,19.92,48.56,8.4,27.06,3.098,-35.44,1.69,-1.3,2.549,CYLINDER_MISFIRE
3638.39,0.6493,907.27,423.69,177.61,24.11,52.16,12.96,40.42,0.901,35.79,20.8,1.2,0.059,OVERHEATING
4121.58,0.8395,1040.28,515.15,198.86,26.59,52.11,15.8,43.17,0.974,30.52,29.3,1.13,-0.012,OVERHEATING
3731.78,0.6953,943.49,443.34,181.54,24.91,51.93,13.69,41.99,0.856,39.74,21.09,1.19,-0.014,OVERHEATING
3936.04,0.78,1011.06,489.45,195.03,26.0,52.6,14.64,42.47,0.942,46.23,30.55,2.06,0.011,OVERHEATING
3126.5,0.4658,765.98,339.02,147.41,21.59,51.01,10.24,42.97,0.608,30.19,17.54,0.07,-0.08,OVERHEATING
4332.03,0.9359,1004.23,526.26,199.89,26.17,50.91,17.28,33.41,1.017,-73.89,-0.61,-1.75,-0.033,EXHAUST_LEAK
4074.48,0.8431,1043.81,500.68,198.66,26.94,52.23,15.97,40.89,0.913,34.21,14.92,1.63,-0.059,OVERHEATING
2879.43,0.4528,678.44,309.38,146.56,21.53,50.32,9.76,29.46,3.388,-37.22,-0.01,0.75,2.774,CYLINDER_MISFIRE
2926.49,0.3543,659.82,278.28,133.06,19.93,51.62,8.4,27.82,0.616,0.93,2.95,-0.02,-0.012,NORMAL
2583.55,0.3012,675.51,248.15,121.28,19.14,50.21,3.48,28.44,0.575,65.63,2.22,-0.16,0.05,FUEL_RESTRICTION
4193.44,0.9151,1056.79,512.03,220.81,27.72,24.36,16.76,32.16,2.368,-1.95,-3.22,-27.18,1.36,LUBRICATION_ISSUE
3468.78,0.5828,817.67,374.66,163.46,23.06,51.58,11.97,30.51,0.752,-5.43,0.81,0.53,-0.039,NORMAL
3877.66,0.8391,960.05,477.91,196.96,26.8,49.81,15.36,32.23,5.129,-37.29,-0.49,0.71,4.216,CYLINDER_MISFIRE
3695.48,0.6699,826.4,409.46,179.54,21.16,49.1,13.31,31.38,0.839,-60.3,-2.56,-1.86,-0.019,EXHAUST_LEAK
3713.39,0.7469,934.37,440.9,218.02,25.46,30.13,14.3,30.27,2.429,0.54,0.6,-19.57,1.565,LUBRICATION_ISSUE
4228.74,0.9006,1008.9,511.33,202.63,24.47,51.76,16.59,32.99,1.042,-42.9,0.25,-0.07,0.024,EXHAUST_LEAK
3964.99,0.7783,884.81,456.16,194.8,23.66,51.71,14.77,31.05,0.933,-80.43,-2.99,0.94,-0.006,EXHAUST_LEAK
2669.13,0.3576,648.06,265.22,149.73,19.59,19.91,8.42,26.97,1.425,0.03,-3.59,-30.0,0.874,LUBRICATION_ISSUE
3137.44,0.5208,830.86,341.03,153.33,22.27,47.9,7.02,30.12,0.615,61.52,-0.57,-2.12,-0.076,FUEL_RESTRICTION
3667.46,0.7541,891.93,442.45,189.3,25.33,47.09,14.19,29.63,4.751,-43.93,0.93,-2.17,3.901,CYLINDER_MISFIRE
3015.72,0.4187,641.01,298.52,143.63,19.03,50.37,9.23,27.35,0.675,-60.97,-2.67,-0.7,0.02,EXHAUST_LEAK
3477.94,0.594,763.67,375.33,167.39,21.01,49.81,12.33,30.02,0.802,-66.66,-2.87,-1.11,0.009,EXHAUST_LEAK
3264.25,0.5066,690.68,340.56,150.51,20.46,51.09,11.02,29.72,0.681,-76.5,0.25,-0.01,-0.049,EXHAUST_LEAK
3889.43,0.7432,991.55,465.89,186.12,25.29,51.65,14.14,48.08,0.932,51.13,21.64,0.75,0.015,OVERHEATING
3716.61,0.7786,1005.06,450.31,191.76,25.89,50.15,9.16,30.82,0.836,52.09,-1.47,1.01,-0.029,FUEL_RESTRICTION
3750.57,0.6933,905.23,419.56,178.77,24.76,51.07,13.52,30.66,0.939,1.72,-2.55,0.17,0.064,NORMAL
4237.06,0.9125,1024.4,511.78,200.49,24.04,51.74,16.85,32.72,1.04,-34.96,-3.84,-0.16,0.018,EXHAUST_LEAK
3126.65,0.512,761.11,337.36,170.84,22.02,27.1,10.71,28.73,1.863,-2.4,-0.74,-23.01,1.175,LUBRICATION_ISSUE
2866.21,0.3934,682.57,289.28,164.01,20.81,25.22,9.1,27.79,1.824,3.25,1.68,-25.33,1.215,LUBRICATION_ISSUE
2762.47,0.3437,640.32,265.49,152.51,20.02,23.01,8.3,28.06,1.453,-4.01,-1.11,-27.76,0.874,LUBRICATION_ISSUE
2798.18,0.4007,727.0,288.62,137.11,20.53,48.61,5.63,29.07,0.557,46.65,0.41,-1.36,-0.033,FUEL_RESTRICTION
4041.03,0.8041,1010.29,497.09,195.18,26.46,51.18,15.18,42.94,0.939,25.76,26.38,0.39,-0.024,OVERHEATING
3049.05,0.521,729.98,342.02,155.0,22.77,47.19,10.72,28.58,4.591,-35.07,2.99,-2.25,3.926,CYLINDER_MISFIRE
3947.67,0.7835,995.7,484.57,194.81,25.89,50.21,15.37,47.02,0.98,28.2,24.07,-0.35,0.046,OVERHEATING
3748.44,0.7713,1016.64,453.16,190.26,25.77,49.55,8.83,31.58,0.866,66.42,3.04,0.07,-0.009,FUEL_RESTRICTION
3679.49,0.7408,998.64,435.61,187.63,25.43,49.22,10.14,31.57,0.866,70.2,-1.45,-0.37,0.012,FUEL_RESTRICTION
3221.79,0.5029,713.78,334.43,154.47,18.26,52.0,10.83,28.89,0.715,-49.07,-3.28,1.11,-0.001,EXHAUST_LEAK
3996.22,0.7887,971.74,464.62,193.52,26.21,52.16,15.14,31.02,0.941,-1.28,0.8,1.38,-0.008,NORMAL
2698.24,0.3541,692.97,270.85,129.94,19.93,52.91,4.4,27.01,0.544,45.61,2.43,2.74,-0.016,FUEL_RESTRICTION
2809.79,0.325,638.24,264.11,128.92,19.6,52.37,7.98,27.73,0.545,2.76,2.82,0.96,-0.048,NORMAL
2560.56,0.3256,579.27,256.58,124.34,19.66,50.05,7.81,27.93,3.709,-44.12,2.55,0.27,3.191,CYLINDER_MISFIRE
2749.19,0.3083,627.56,257.34,125.77,19.45,51.04,7.86,26.8,0.53,5.13,3.88,-0.28,-0.045,NORMAL
3735.37,0.7011,856.5,424.61,178.76,23.01,49.58,13.75,29.93,0.824,-50.95,0.14,-1.08,-0.047,EXHAUST_LEAK
3441.84,0.6837,843.73,407.63,176.22,24.86,50.48,13.12,30.26,3.567,-38.56,-1.75,1.41,2.784,CYLINDER_MISFIRE
2762.21,0.3634,724.39,271.51,130.38,20.25,50.72,3.87,29.27,0.542,68.24,-2.19,0.31,-0.037,FUEL_RESTRICTION
4266.05,0.9064,1059.58,516.64,198.71,27.68,51.47,16.89,32.07,1.031,2.46,2.37,-0.66,0.001,NORMAL
3046.73,0.4102,698.72,300.32,142.33,20.79,50.45,9.53,28.32,0.699,0.28,1.26,-0.97,0.035,NORMAL
4106.81,0.8414,1050.52,512.61,201.66,26.84,51.33,15.7,41.68,0.975,40.37,26.52,0.47,-0.007,OVERHEATING
4048.45,0.8956,1049.24,503.34,220.82,27.66,23.42,16.47,33.1,1.873,9.48,-0.52,-26.96,0.909,LUBRICATION_ISSUE
2773.32,0.3458,643.49,266.78,160.66,19.81,26.32,8.38,28.3,2.009,-2.65,-0.91,-24.48,1.427,LUBRICATION_ISSUE
3909.87,0.8336,990.26,479.57,220.84,26.46,18.32,15.79,31.14,2.717,-5.4,2.18,-31.09,1.794,LUBRICATION_ISSUE
3932.78,0.8178,1064.89,475.84,195.79,26.59,50.32,9.67,32.31,0.982,77.56,3.45,0.48,0.052,FUEL_RESTRICTION
3729.62,0.7018,906.64,425.02,184.58,24.85,52.47,13.73,31.54,0.91,-0.91,0.48,1.86,0.041,NORMAL
3362.07,0.6116,834.76,382.51,185.56,23.61,15.43,12.16,29.3,1.751,-0.28,1.49,-34.42,0.992,LUBRICATION_ISSUE
4107.35,0.8623,976.91,495.11,197.87,24.39,49.65,16.02,32.04,0.981,-45.84,1.46,-1.21,-0.001,EXHAUST_LEAK
3044.54,0.4207,665.31,306.67,141.43,18.58,50.02,9.46,28.29,0.63,-39.31,3.89,-1.2,-0.033,EXHAUST_LEAK
4170.97,0.8761,988.84,501.12,201.03,25.92,50.68,16.4,33.87,0.995,-45.39,0.58,-0.69,-0.006,EXHAUST_LEAK
2780.16,0.324,633.57,264.96,126.39,19.6,51.2,7.85,28.51,0.614,0.18,4.93,-0.04,0.03,NORMAL
3434.48,0.5494,828.36,380.06,157.71,22.9,52.19,11.32,36.58,0.741,26.99,19.23,0.76,-0.039,OVERHEATING
4069.41,0.8262,1040.42,504.74,198.17,26.57,49.17,15.53,42.24,0.93,41.22,25.22,-1.41,-0.041,OVERHEATING
3537.42,0.6728,885.83,411.07,204.58,24.32,19.93,13.42,29.37,2.29,5.31,2.75,-29.95,1.479,LUBRICATION_ISSUE
3903.76,0.8197,985.7,471.62,219.53,26.45,25.25,15.31,33.14,2.254,-1.34,-0.61,-24.37,1.333,LUBRICATION_ISSUE
3151.29,0.4448,662.43,314.67,142.62,17.49,50.94,9.88,28.22,0.753,-61.98,0.02,-0.54,0.058,EXHAUST_LEAK
3842.52,0.7665,989.37,468.67,192.8,25.87,50.55,14.56,42.43,0.959,37.34,17.45,0.37,0.056,OVERHEATING
2781.51,0.321,588.74,258.87,126.36,17.02,51.56,7.84,28.94,0.549,-42.92,-0.13,0.26,-0.035,EXHAUST_LEAK
3081.19,0.493,753.86,328.81,176.0,21.8,18.43,10.62,29.02,2.0,3.98,-1.12,-31.72,1.326,LUBRICATION_ISSUE
3343.27,0.5587,801.17,361.73,160.47,22.61,49.16,11.38,28.89,0.768,-1.2,0.31,-1.51,0.015,NORMAL
3116.84,0.5094,758.52,335.83,179.76,22.36,29.14,10.67,30.24,2.183,-2.97,-1.07,-20.95,1.498,LUBRICATION_ISSUE
3647.8,0.6631,811.84,407.26,176.94,20.85,51.82,12.9,30.03,0.856,-68.4,-0.88,1.04,0.011,EXHAUST_LEAK
3434.48,0.556,754.21,362.33,161.31,20.02,50.15,11.84,28.99,0.795,-51.1,-0.86,-1.17,0.015,EXHAUST_LEAK
3322.77,0.6088,880.85,374.57,169.2,23.44,48.64,7.05,29.7,0.718,49.43,-4.29,-1.0,-0.029,FUEL_RESTRICTION
4054.88,0.8273,1001.31,477.61,199.89,26.72,47.99,15.91,31.39,0.885,2.19,-1.86,-2.48,-0.081,NORMAL
4392.02,0.9391,1111.23,550.29,197.72,28.27,55.37,17.3,46.69,1.092,28.15,20.44,2.23,0.024,OVERHEATING
2643.47,0.3299,633.14,256.65,145.59,19.52,22.98,7.69,28.4,1.655,3.0,-1.43,-27.26,1.112,LUBRICATION_ISSUE
2953.91,0.3843,627.85,284.55,135.78,18.75,51.8,9.29,28.5,0.647,-50.41,-2.41,0.51,0.011,EXHAUST_LEAK
2963.19,0.407,694.29,296.0,138.1,20.37,49.07,9.19,27.36,0.626,1.91,0.57,-1.87,-0.013,NORMAL
3023.18,0.5209,724.56,338.94,153.02,22.35,48.74,10.83,28.93,3.778,-39.12,0.73,-0.53,3.121,CYLINDER_MISFIRE
3483.05,0.6686,937.89,405.45,174.9,24.37,48.11,7.32,30.96,0.844,62.59,0.27,-1.49,0.049,FUEL_RESTRICTION
3681.98,0.7725,917.83,445.91,187.91,26.17,50.05,14.73,30.49,4.033,-29.77,-2.65,1.02,3.179,CYLINDER_MISFIRE
3467.56,0.6635,913.04,401.11,171.91,24.72,50.91,8.68,31.52,0.841,41.54,-1.79,1.32,0.05,FUEL_RESTRICTION
3048.27,0.4711,738.1,319.9,175.63,21.52,18.93,10.09,28.3,1.585,3.02,-1.14,-31.41,0.92,LUBRICATION_ISSUE
4059.15,0.8063,1020.75,497.6,200.73,26.43,51.18,15.54,39.76,0.948,34.03,25.57,0.31,-0.02,OVERHEATING
3220.67,0.6045,786.09,375.07,161.83,23.5,50.04,11.67,30.4,3.667,-37.66,0.82,0.99,2.951,CYLINDER_MISFIRE
2948.21,0.3816,670.96,283.94,130.57,20.32,49.92,8.93,26.75,0.638,-5.44,-1.9,-1.37,0.003,NORMAL
3922.41,0.7705,991.57,480.82,192.76,25.71,50.67,14.7,44.57,0.984,33.16,25.77,0.04,0.057,OVERHEATING
3253.32,0.4852,692.67,331.14,152.57,19.06,50.75,10.55,29.31,0.715,-61.11,-1.13,-0.66,-0.011,EXHAUST_LEAK
3507.4,0.713,859.99,422.58,181.36,25.04,48.6,13.59,31.79,4.55,-43.18,0.68,-0.37,3.748,CYLINDER_MISFIRE
3434.5,0.5683,817.11,367.88,161.65,22.59,50.15,11.76,28.86,0.742,4.4,0.26,-0.94,-0.039,NORMAL
4259.59,0.8926,1092.53,526.5,197.34,26.71,52.42,16.4,47.12,1.016,43.96,17.37,0.34,-0.012,OVERHEATING
2551.59,0.3165,674.16,253.71,124.97,19.48,48.46,4.34,27.38,0.426,56.67,3.22,-1.43,-0.09,FUEL_RESTRICTION
2824.96,0.3954,719.67,285.23,135.15,20.73,49.45,4.33,26.93,0.57,41.17,-1.87,-0.8,-0.027,FUEL_RESTRICTION
2902.98,0.3754,703.49,306.97,131.81,20.11,52.02,9.18,37.33,0.613,33.12,24.75,0.91,-0.008,OVERHEATING
4295.57,0.9306,1116.83,538.0,198.0,27.85,53.68,17.23,45.64,1.068,43.72,14.13,1.32,0.029,OVERHEATING
2959.77,0.3896,625.01,288.72,136.96,18.8,50.62,8.98,28.6,0.71,-56.73,-0.32,-0.61,0.072,EXHAUST_LEAK
3292.8,0.5829,870.75,369.03,161.83,23.07,48.25,8.2,31.08,0.792,56.36,0.39,-1.66,0.054,FUEL_RESTRICTION
3230.27,0.4833,784.12,358.19,150.69,21.7,52.35,10.52,40.21,0.728,32.64,27.3,1.06,0.009,OVERHEATING
3175.63,0.5888,765.24,367.17,161.78,23.24,49.09,11.7,28.39,3.245,-46.84,-0.07,0.04,2.542,CYLINDER_MISFIRE
3790.6,0.7064,863.73,430.29,183.87,21.35,48.82,13.75,31.01,0.95,-49.62,2.29,-2.11,0.063,EXHAUST_LEAK
3423.24,0.6381,900.07,396.57,170.5,24.21,48.98,8.93,31.17,0.738,46.07,4.17,-0.79,-0.039,FUEL_RESTRICTION
3304.71,0.6026,879.45,378.1,162.03,23.62,51.33,7.21,30.16,0.67,52.64,2.01,1.7,-0.071,FUEL_RESTRICTION
3573.56,0.6384,791.99,395.99,173.22,21.82,51.24,12.96,30.33,0.855,-69.71,-1.03,0.5,0.033,EXHAUST_LEAK
3897.7,0.828,1044.77,473.63,197.5,26.45,47.34,11.95,32.14,0.894,53.11,-1.37,-2.1,-0.025,FUEL_RESTRICTION
3175.83,0.4847,751.25,328.29,149.47,21.46,51.14,10.43,28.29,0.695,1.65,-1.47,0.22,-0.008,NORMAL
3740.03,0.7547,984.83,447.3,188.78,25.51,49.39,10.0,29.58,0.874,45.02,3.41,-0.34,0.002,FUEL_RESTRICTION
4371.56,0.9406,1007.49,528.07,200.48,25.56,54.63,17.47,32.98,1.036,-75.44,-1.69,1.66,-0.026,EXHAUST_LEAK
3537.69,0.6067,767.13,387.18,167.25,20.24,53.19,12.31,29.86,0.801,-73.76,2.64,2.12,-0.01,EXHAUST_LEAK
3098.57,0.4975,753.03,333.44,173.38,21.91,26.56,10.39,27.81,1.639,-0.4,1.38,-23.62,0.959,LUBRICATION_ISSUE
3133.75,0.4436,759.04,338.6,143.52,21.36,52.06,9.94,44.49,0.705,36.16,24.88,0.67,0.015,OVERHEATING
3911.74,0.8696,986.54,489.52,199.02,27.32,50.43,16.09,32.14,5.138,-30.77,-0.87,1.14,4.215,CYLINDER_MISFIRE
2881.87,0.4524,662.99,308.18,145.07,20.94,51.52,9.65,28.15,3.692,-52.53,-1.13,1.94,3.078,CYLINDER_MISFIRE
3044.49,0.5252,739.45,338.75,152.77,21.95,49.29,10.82,29.2,3.423,-27.9,-1.65,-0.05,2.76,CYLINDER_MISFIRE
3296.65,0.5023,765.52,338.71,152.01,21.8,52.75,10.72,29.26,0.666,-0.67,-1.0,1.36,-0.073,NORMAL
3552.7,0.7298,874.94,429.41,182.74,25.32,51.78,13.85,30.44,3.686,-40.57,0.1,2.82,2.87,CYLINDER_MISFIRE
3703.31,0.788,910.81,458.19,190.93,25.96,49.15,14.22,30.68,4.365,-47.14,3.42,0.26,3.504,CYLINDER_MISFIRE
2832.58,0.4302,653.82,301.18,139.45,21.06,50.58,9.23,27.8,4.119,-45.91,1.34,0.91,3.519,CYLINDER_MISFIRE
3833.11,0.8087,1026.81,466.64,196.28,26.37,48.34,11.31,32.13,0.914,49.96,0.54,-1.02,0.014,FUEL_RESTRICTION
3650.32,0.6464,792.84,407.9,176.08,20.98,53.83,12.93,30.42,0.834,-77.49,5.7,2.74,-0.011,EXHAUST_LEAK
3012.87,0.4424,718.63,309.54,162.13,21.23,25.12,9.73,28.37,2.043,2.52,-0.13,-25.5,1.389,LUBRICATION_ISSUE
3609.89,0.6386,818.47,398.36,172.63,21.37,50.05,12.66,29.83,0.837,-45.2,0.15,-0.92,0.004,EXHAUST_LEAK
3555.58,0.6138,877.12,407.69,170.28,23.46,51.27,12.37,45.34,0.826,31.04,20.04,0.2,0.009,OVERHEATING
3463.2,0.6692,932.72,403.44,178.25,24.16,49.19,9.44,30.7,0.901,58.05,-1.36,-0.27,0.112,FUEL_RESTRICTION
4170.52,0.8677,1070.33,516.44,198.03,27.28,49.54,16.41,40.94,0.939,41.2,18.96,-1.82,-0.062,OVERHEATING
3510.08,0.625,892.77,409.91,173.8,23.8,49.92,12.27,48.22,0.796,42.26,19.61,-0.64,-0.007,OVERHEATING
3362.92,0.552,840.38,379.77,162.61,22.69,48.78,11.11,37.24,0.751,41.05,20.17,-2.14,-0.008,OVERHEATING
2954.6,0.3628,664.51,281.89,131.26,19.97,49.99,8.7,28.53,0.639,-0.92,2.63,-1.69,0.003,NORMAL
4353.7,0.9269,1126.5,545.78,198.7,28.27,50.58,16.9,43.74,1.064,52.68,21.49,-2.25,0.008,OVERHEATING
2904.82,0.4583,686.85,311.77,144.58,21.41,49.13,9.8,29.66,4.128,-33.39,-0.37,-0.51,3.507,CYLINDER_MISFIRE
2822.96,0.3273,637.43,264.33,131.02,19.3,51.33,7.94,28.89,0.573,-0.1,1.81,-0.12,-0.024,NORMAL
3922.52,0.8392,1000.19,478.19,221.83,27.11,19.27,15.34,33.15,2.57,0.55,-1.6,-30.12,1.644,LUBRICATION_ISSUE
2529.18,0.3001,578.28,246.35,119.18,19.01,49.11,7.52,27.39,4.039,-28.25,2.43,-0.93,3.53,CYLINDER_MISFIRE
3692.68,0.7698,917.37,448.16,189.22,25.89,51.03,14.55,30.69,3.427,-29.14,0.25,1.89,2.569,CYLINDER_MISFIRE
3887.84,0.8509,978.71,488.15,201.81,26.99,49.98,15.74,31.86,4.047,-26.25,5.17,0.87,3.131,CYLINDER_MISFIRE
2916.03,0.3746,619.59,279.74,133.25,17.64,50.22,9.01,28.12,0.704,-50.95,-2.59,-0.99,0.079,EXHAUST_LEAK
3041.02,0.4085,738.87,319.97,140.34,20.77,49.71,9.3,42.38,0.644,41.7,21.67,-1.7,-0.018,OVERHEATING
3701.27,0.7062,865.81,423.62,180.14,21.75,51.19,13.56,30.38,0.909,-42.98,-1.65,0.84,0.048,EXHAUST_LEAK
3228.19,0.5726,866.41,361.5,162.55,22.9,51.22,8.06,30.75,0.679,61.46,-1.47,1.54,-0.039,FUEL_RESTRICTION
3309.04,0.6382,799.85,388.0,169.07,24.13,48.41,12.35,31.53,4.421,-48.52,-1.03,-0.61,3.678,CYLINDER_MISFIRE
2969.66,0.3712,722.69,295.54,136.51,20.27,51.81,9.05,45.68,0.667,51.46,12.8,0.19,0.026,OVERHEATING
2965.94,0.4439,717.26,307.21,170.79,21.35,31.76,9.75,28.77,1.64,2.6,-1.58,-18.53,1.0,LUBRICATION_ISSUE
2868.25,0.4096,690.45,293.07,158.17,20.47,21.68,8.91,28.39,2.325,1.3,-0.42,-28.59,1.715,LUBRICATION_ISSUE
4372.14,0.9472,1088.78,533.91,199.11,28.28,55.32,17.34,31.73,1.121,1.88,1.77,2.34,0.059,NORMAL
2830.3,0.3253,686.78,290.6,127.78,19.6,52.13,8.11,41.56,0.647,50.07,28.57,0.59,0.048,OVERHEATING
2811.31,0.3243,670.53,285.83,128.08,19.6,50.09,7.95,40.79,0.564,35.4,24.75,-1.34,-0.029,OVERHEATING
3372.0,0.5442,843.77,382.19,157.19,22.56,52.79,11.42,46.9,0.837,48.63,25.1,1.67,0.076,OVERHEATING
3042.19,0.4008,654.61,297.56,140.38,19.41,48.79,9.19,26.81,0.594,-37.96,2.02,-2.77,-0.069,EXHAUST_LEAK
2768.71,0.3751,661.35,276.91,153.18,20.41,24.91,8.67,27.82,1.463,-2.13,-1.18,-25.34,0.883,LUBRICATION_ISSUE
3069.06,0.4375,751.05,328.43,144.61,21.23,51.19,9.66,39.21,0.685,35.12,18.87,0.11,0.015,OVERHEATING
2525.23,0.3052,571.43,246.28,124.15,19.39,49.1,7.48,27.55,4.951,-37.98,0.63,-0.81,4.444,CYLINDER_MISFIRE
3087.21,0.437,716.04,306.84,142.58,21.06,50.89,9.71,28.45,0.695,-0.53,-3.1,-0.31,0.019,NORMAL
3222.98,0.4982,794.38,356.81,148.48,22.29,52.29,10.72,39.5,0.678,34.31,20.77,1.3,-0.039,OVERHEATING
3942.42,0.788,1003.07,483.15,195.83,26.04,49.85,15.02,40.69,0.987,33.15,21.19,-0.59,0.055,OVERHEATING
2980.76,0.3922,683.91,290.13,135.56,20.17,52.07,9.16,27.65,0.659,-0.44,-0.48,0.76,0.015,NORMAL
3604.96,0.7208,912.7,428.29,205.88,25.13,20.16,13.83,30.24,1.822,-0.05,0.64,-29.3,0.99,LUBRICATION_ISSUE
2934.4,0.4416,766.3,305.55,141.64,21.39,49.08,6.49,29.18,0.632,54.62,-1.46,-1.04,0.002,FUEL_RESTRICTION
2967.71,0.4023,722.98,317.73,137.29,20.51,49.88,9.18,43.19,0.66,33.2,23.86,-1.17,0.02,OVERHEATING
2819.93,0.4201,647.27,298.23,138.29,21.1,50.3,9.29,29.85,3.843,-45.77,2.41,0.53,3.247,CYLINDER_MISFIRE
2921.88,0.3687,714.93,307.14,136.24,20.37,52.0,8.88,44.16,0.606,47.64,26.77,0.64,-0.02,OVERHEATING
3612.48,0.6431,874.4,401.08,173.37,24.15,50.47,13.21,30.29,0.823,7.93,1.2,-0.44,-0.011,NORMAL
4153.36,0.944,1150.62,526.41,198.96,27.88,51.39,13.05,32.77,1.042,76.53,1.96,0.17,0.046,FUEL_RESTRICTION
3213.8,0.4988,800.56,353.88,150.93,22.05,48.0,10.89,44.28,0.662,40.61,17.91,-2.91,-0.052,OVERHEATING
3978.57,0.7993,1015.64,489.02,196.71,26.42,50.49,15.29,45.41,0.965,37.15,21.93,0.02,0.022,OVERHEATING
2574.15,0.304,678.63,248.28,121.47,19.72,49.55,1.55,28.26,0.521,67.49,1.6,-0.71,-0.001,FUEL_RESTRICTION
4081.82,0.8325,1051.7,498.98,202.1,26.78,49.91,15.61,47.08,1.023,48.09,16.81,-0.74,0.049,OVERHEATING
3456.73,0.5759,860.75,399.69,162.27,23.02,51.69,11.81,48.41,0.727,42.38,28.67,0.59,-0.06,OVERHEATING
3936.62,0.7634,908.79,454.65,190.33,22.05,52.24,14.65,32.21,0.918,-46.07,1.73,1.4,-0.013,EXHAUST_LEAK
3168.06,0.5456,786.89,352.15,185.32,22.58,23.85,11.09,29.84,2.251,1.13,0.69,-25.92,1.551,LUBRICATION_ISSUE
3456.59,0.6553,868.25,399.72,197.5,24.3,27.24,13.24,31.31,2.199,2.24,0.11,-22.43,1.412,LUBRICATION_ISSUE
3555.24,0.7035,864.05,418.83,180.02,24.82,49.38,13.6,30.82,4.247,-35.79,-1.07,-0.06,3.431,CYLINDER_MISFIRE
3645.2,0.6484,811.72,399.59,172.14,20.45,50.26,12.83,30.34,0.875,-59.6,-3.21,-0.77,0.032,EXHAUST_LEAK
3168.1,0.5022,710.8,336.09,152.32,19.41,49.2,10.54,28.91,0.632,-48.9,0.26,-1.35,-0.069,EXHAUST_LEAK
2995.03,0.3932,726.35,316.24,139.29,20.58,50.6,9.23,45.76,0.65,40.68,24.84,-0.79,0.001,OVERHEATING
3504.13,0.5996,832.13,381.92,169.56,23.37,51.38,12.34,29.15,0.816,-2.82,0.95,0.39,0.015,NORMAL
2638.61,0.3167,624.38,253.04,147.89,19.34,30.55,7.89,27.27,2.098,2.44,-0.12,-19.9,1.556,LUBRICATION_ISSUE
4185.97,0.8649,1070.07,513.56,201.96,26.77,52.43,16.01,43.0,0.944,41.84,16.63,0.94,-0.062,OVERHEATING
2902.72,0.4316,764.25,303.97,140.7,21.05,51.32,4.67,29.04,0.634,60.15,1.52,1.22,0.014,FUEL_RESTRICTION
4075.12,0.9093,1122.71,509.32,203.41,27.58,50.14,11.54,33.32,1.028,73.37,-0.29,-0.46,0.055,FUEL_RESTRICTION
3327.89,0.5437,819.1,372.94,159.94,22.72,51.93,11.52,43.53,0.701,26.48,17.37,1.08,-0.047,OVERHEATING
3446.31,0.6302,850.74,390.29,191.41,23.89,24.73,12.47,28.05,2.286,0.32,0.04,-25.32,1.502,LUBRICATION_ISSUE
3860.5,0.7515,945.32,443.63,190.06,25.27,51.23,14.55,30.45,0.931,1.39,-2.73,0.66,0.023,NORMAL
2913.52,0.3695,669.58,281.34,133.24,19.99,51.4,8.5,28.07,0.659,2.17,0.9,0.11,0.035,NORMAL
3325.56,0.6064,867.8,378.32,166.91,23.63,48.67,6.1,29.78,0.726,37.69,0.26,-1.03,-0.022,FUEL_RESTRICTION
4134.42,0.8591,979.04,493.41,199.52,23.25,51.46,15.94,30.91,1.01,-43.15,0.1,0.38,0.02,EXHAUST_LEAK
4182.13,0.86,973.1,493.77,200.73,25.25,51.94,16.13,32.0,1.003,-51.99,-1.28,0.48,-0.002,EXHAUST_LEAK
2818.0,0.4079,638.42,290.05,136.73,20.38,47.39,9.42,28.43,4.812,-47.24,-1.35,-2.59,4.217,CYLINDER_MISFIRE
3724.33,0.7597,1022.56,446.82,189.37,25.33,51.97,10.05,29.55,0.888,80.51,1.6,2.44,0.02,FUEL_RESTRICTION
3345.18,0.577,813.63,370.13,198.39,22.82,29.21,12.08,29.21,1.634,0.2,2.07,-21.15,0.881,LUBRICATION_ISSUE
3564.65,0.6811,938.64,411.88,178.28,24.7,50.53,8.62,30.59,0.839,51.76,-0.25,0.62,0.02,FUEL_RESTRICTION
3026.4,0.4864,742.02,326.58,174.92,21.78,20.99,10.27,29.85,1.624,-1.16,0.67,-28.93,0.966,LUBRICATION_ISSUE
3491.41,0.6078,838.47,381.04,170.29,23.22,50.23,12.31,31.02,0.74,-0.76,-2.5,-0.53,-0.057,NORMAL
3026.65,0.4869,740.36,326.74,171.44,21.93,18.61,10.12,29.29,1.75,-3.12,0.65,-31.3,1.092,LUBRICATION_ISSUE
3212.78,0.5096,696.31,342.86,155.0,19.17,50.0,11.11,29.93,0.681,-70.09,3.02,-0.71,-0.033,EXHAUST_LEAK
3943.81,0.8775,986.44,491.61,202.12,27.02,51.48,16.15,31.82,3.93,-37.26,-2.61,1.93,2.996,CYLINDER_MISFIRE
3161.91,0.4818,704.09,325.19,150.03,20.08,51.75,10.31,29.47,0.699,-43.1,-3.12,0.87,0.0,EXHAUST_LEAK
4165.96,0.8758,967.62,503.31,199.01,24.39,49.11,16.32,32.01,0.956,-66.16,3.04,-2.22,-0.044,EXHAUST_LEAK
3800.14,0.7053,913.78,427.3,182.84,24.84,51.85,13.96,30.01,0.837,0.58,-0.62,0.85,-0.053,NORMAL
3193.48,0.5617,848.94,359.19,160.83,22.72,48.21,7.4,28.99,0.674,52.23,1.16,-1.44,-0.034,FUEL_RESTRICTION
3392.09,0.6545,817.11,394.01,172.03,24.15,50.71,12.85,30.8,3.37,-45.22,-3.39,1.44,2.602,CYLINDER_MISFIRE
2803.16,0.3108,621.98,256.11,123.73,19.45,50.52,8.12,26.86,0.578,-4.65,0.14,-1.1,-0.013,NORMAL
3182.23,0.5625,758.81,357.16,161.29,22.5,50.16,11.63,30.38,3.331,-37.8,-0.8,0.6,2.626,CYLINDER_MISFIRE
3184.38,0.4835,793.55,347.89,151.86,22.0,52.72,10.65,43.75,0.659,44.23,18.3,1.72,-0.046,OVERHEATING
3489.69,0.6605,868.31,404.09,193.81,24.39,24.79,13.0,29.87,2.387,-2.45,1.63,-25.0,1.591,LUBRICATION_ISSUE
3673.81,0.662,803.82,409.79,176.92,22.47,53.1,13.27,29.91,0.837,-77.1,1.24,2.14,-0.015,EXHAUST_LEAK
3772.15,0.7899,1038.85,457.15,192.54,25.98,51.44,9.12,31.92,0.911,76.31,-0.37,2.14,0.03,FUEL_RESTRICTION
2710.97,0.3572,651.75,266.02,159.38,20.1,22.28,8.54,26.76,1.461,1.91,-3.89,-27.91,0.897,LUBRICATION_ISSUE
3510.32,0.5996,836.4,379.97,167.53,23.49,52.15,12.06,30.92,0.818,1.13,-1.19,1.12,0.014,NORMAL
3719.31,0.7646,1019.9,447.59,188.15,25.85,50.43,8.76,31.17,0.895,75.19,0.77,1.01,0.029,FUEL_RESTRICTION
2766.45,0.4102,651.89,290.11,137.66,20.62,50.18,8.75,27.28,4.624,-32.57,-0.57,0.58,4.044,CYLINDER_MISFIRE
4156.3,0.8437,1017.81,487.36,198.46,26.72,51.14,15.84,31.58,1.01,3.77,-1.07,-0.11,0.013,NORMAL
3217.05,0.5781,780.68,366.64,163.84,22.63,49.69,11.82,29.66,4.224,-27.01,2.02,0.19,3.508,CYLINDER_MISFIRE
3963.47,0.8366,1002.93,479.78,226.63,26.62,24.87,15.77,31.62,2.066,2.78,-0.3,-24.84,1.127,LUBRICATION_ISSUE
3307.16,0.5495,746.78,357.51,158.61,19.76,50.12,11.19,29.71,0.73,-48.26,0.49,-0.49,-0.012,EXHAUST_LEAK
2892.02,0.4728,689.19,317.42,147.48,21.66,50.45,10.05,28.79,4.321,-39.09,0.46,1.17,3.704,CYLINDER_MISFIRE
3762.05,0.8237,924.39,472.1,196.64,26.0,46.58,15.1,31.59,5.262,-57.91,2.71,-2.04,4.384,CYLINDER_MISFIRE
4110.62,0.835,925.06,485.94,198.69,24.82,52.95,15.85,31.62,0.93,-81.47,2.02,2.06,-0.054,EXHAUST_LEAK
3336.5,0.5315,787.39,355.05,155.2,22.07,50.97,11.18,29.43,0.733,1.65,3.6,-0.15,-0.018,NORMAL
3203.08,0.4681,672.69,319.49,148.19,18.25,52.51,10.16,29.0,0.723,-68.35,-5.13,1.11,0.012,EXHAUST_LEAK
3714.64,0.6978,934.88,443.39,180.37,24.72,50.39,13.79,42.13,0.958,30.45,20.74,-0.19,0.094,OVERHEATING
3952.95,0.8497,1053.58,483.65,200.98,27.26,50.07,10.16,32.43,0.904,46.08,-0.84,0.45,-0.032,FUEL_RESTRICTION
4387.9,0.941,1119.08,547.25,199.98,28.29,52.52,17.23,41.15,1.132,35.1,16.87,-0.58,0.066,OVERHEATING
3248.15,0.5765,854.08,364.55,161.09,22.79,51.07,8.12,29.02,0.776,45.75,-0.45,1.33,0.052,FUEL_RESTRICTION
2992.99,0.4203,740.5,325.54,141.89,20.8,50.24,9.49,44.4,0.659,38.64,24.42,-0.65,0.011,OVERHEATING
4008.55,0.8698,1020.37,488.86,227.26,26.82,22.09,16.05,32.33,2.326,-1.96,-4.53,-27.98,1.373,LUBRICATION_ISSUE
3021.19,0.4124,745.63,320.87,138.3,20.65,50.79,9.3,42.93,0.74,47.11,21.76,-0.42,0.084,OVERHEATING
3526.59,0.712,865.5,420.29,180.51,24.8,51.7,13.36,28.84,4.44,-38.01,-1.82,2.6,3.633,CYLINDER_MISFIRE
4059.24,0.9299,1021.66,517.52,202.53,27.87,51.54,17.1,33.2,3.615,-39.25,0.97,1.07,2.648,CYLINDER_MISFIRE
3904.72,0.7367,864.66,444.89,187.13,21.33,51.96,14.26,33.07,0.932,-72.61,2.53,0.84,0.01,EXHAUST_LEAK
4140.44,0.8301,1045.99,501.42,203.6,26.73,49.93,15.63,47.5,1.01,40.88,18.36,-1.19,0.018,OVERHEATING
2823.58,0.3357,683.29,291.57,127.52,19.85,49.2,8.36,41.88,0.528,40.67,26.0,-2.11,-0.069,OVERHEATING
4320.17,0.9456,1082.0,529.19,200.15,27.91,50.83,17.39,31.93,1.089,-1.35,-0.81,-1.73,0.043,NORMAL
2862.14,0.4129,740.99,294.46,139.35,21.04,50.06,4.07,27.54,0.62,50.14,-0.05,-0.11,0.012,FUEL_RESTRICTION
2941.23,0.4504,799.82,308.16,143.36,20.97,50.65,5.56,27.82,0.64,82.53,-2.21,0.64,0.007,FUEL_RESTRICTION
3433.09,0.6674,845.6,406.02,172.72,24.08,49.74,12.81,30.99,4.082,-26.47,2.78,0.43,3.302,CYLINDER_MISFIRE
2841.64,0.3343,640.86,266.34,129.0,19.3,53.87,8.41,27.36,0.558,-1.82,0.73,2.42,-0.044,NORMAL
4147.94,0.8952,1038.95,508.34,223.04,27.2,21.41,16.38,31.54,2.535,-5.54,1.64,-29.77,1.54,LUBRICATION_ISSUE
3437.0,0.6783,833.64,407.04,175.99,24.46,48.01,13.1,29.99,4.495,-45.2,-0.27,-1.12,3.714,CYLINDER_MISFIRE
3007.21,0.4041,728.75,315.72,140.35,20.94,50.99,9.28,42.29,0.599,35.95,20.03,-0.28,-0.053,OVERHEATING
3185.92,0.4701,740.7,323.14,146.89,21.52,53.13,10.18,28.75,0.71,-0.66,-1.68,1.88,0.004,NORMAL
3194.56,0.4746,678.13,324.4,147.08,17.6,51.62,10.46,27.91,0.725,-66.34,-2.28,0.4,0.017,EXHAUST_LEAK
3263.32,0.5139,771.68,342.77,152.1,22.23,51.07,10.94,29.24,0.814,0.17,-0.14,0.11,0.085,NORMAL
4372.77,0.9239,1074.75,522.8,201.23,27.61,53.13,17.17,32.5,1.048,1.79,-0.98,0.14,-0.013,NORMAL
2841.88,0.4012,724.31,291.38,136.79,20.82,48.55,5.14,27.94,0.619,41.47,1.68,-1.7,0.017,FUEL_RESTRICTION
3870.37,0.7522,949.4,445.33,191.21,25.64,49.15,14.77,30.66,0.959,4.57,-1.57,-1.47,0.048,NORMAL
3746.69,0.7804,954.0,454.42,219.74,25.96,28.17,14.88,30.93,2.331,-1.55,1.09,-21.14,1.457,LUBRICATION_ISSUE
3997.04,0.9259,1004.96,510.59,201.76,28.13,49.25,16.7,31.23,5.275,-50.43,-2.65,-0.73,4.326,CYLINDER_MISFIRE
4167.15,0.92,1057.12,515.6,229.45,28.24,23.81,16.84,31.96,2.079,-3.27,-0.63,-27.53,1.079,LUBRICATION_ISSUE
3156.54,0.4504,733.33,316.88,145.95,21.44,49.89,10.24,28.77,0.762,5.26,0.04,-1.52,0.065,NORMAL
3910.74,0.7767,960.83,457.53,193.35,25.47,49.38,14.77,31.78,1.023,-0.73,0.59,-1.06,0.1,NORMAL
4200.57,0.8925,1074.44,527.3,201.19,27.6,53.55,16.51,46.31,0.983,28.9,19.97,1.95,-0.027,OVERHEATING
4324.38,0.9474,1011.52,530.26,200.08,24.52,49.84,17.34,32.54,1.123,-73.12,-0.53,-2.76,0.076,EXHAUST_LEAK
3087.67,0.4359,713.36,312.02,143.09,20.99,49.66,9.81,28.86,0.645,-2.55,2.47,-1.56,-0.032,NORMAL
3363.56,0.5939,824.19,375.02,187.89,23.33,16.69,12.29,30.41,2.04,-0.36,0.3,-33.48,1.28,LUBRICATION_ISSUE
3335.16,0.585,817.11,366.48,185.3,23.01,16.25,12.08,31.1,2.238,-0.63,-4.16,-33.89,1.488,LUBRICATION_ISSUE
2855.78,0.3383,578.72,263.81,128.01,16.56,52.76,8.29,27.97,0.581,-67.02,-3.64,1.28,-0.026,EXHAUST_LEAK
3188.17,0.4792,692.31,330.35,151.88,19.67,49.28,10.42,27.4,0.718,-54.61,2.2,-1.82,0.011,EXHAUST_LEAK
4338.65,0.9268,1113.23,551.78,201.35,27.68,55.73,17.3,41.46,1.018,40.2,27.96,3.02,-0.033,OVERHEATING
2857.41,0.3408,584.43,267.21,130.18,16.96,49.9,8.39,27.22,0.594,-62.9,-1.19,-1.54,-0.013,EXHAUST_LEAK
3564.56,0.6392,858.41,400.14,170.96,24.2,51.09,12.48,30.62,0.815,-3.35,3.08,0.43,-0.005,NORMAL
3012.87,0.4021,640.34,293.64,139.62,16.84,50.55,9.12,27.39,0.702,-51.56,-1.5,-0.8,0.048,EXHAUST_LEAK
3931.5,0.8784,981.86,495.5,197.87,27.58,48.42,16.17,34.21,4.092,-41.77,1.32,-1.03,3.163,CYLINDER_MISFIRE
3165.18,0.4598,773.33,333.56,146.72,21.26,52.25,10.23,43.53,0.666,39.21,13.09,0.95,-0.033,OVERHEATING
3086.1,0.5189,719.88,338.13,157.88,22.05,49.7,10.84,29.44,4.197,-45.76,-1.25,-0.02,3.521,CYLINDER_MISFIRE
2764.5,0.4297,667.46,300.07,140.2,21.16,48.43,9.27,28.83,4.514,-28.55,2.46,-0.8,3.935,CYLINDER_MISFIRE
4222.69,0.8853,963.57,505.01,202.39,23.26,50.52,16.7,31.71,0.965,-78.75,-0.38,-1.26,-0.052,EXHAUST_LEAK
3134.32,0.5298,772.71,345.49,185.67,22.23,17.0,10.69,29.41,1.843,-1.88,0.73,-32.84,1.153,LUBRICATION_ISSUE
3564.29,0.7076,956.95,423.45,181.87,24.97,49.26,9.2,30.69,0.816,54.2,1.8,-0.17,-0.003,FUEL_RESTRICTION
4271.43,0.9143,1062.7,514.09,199.68,27.31,50.16,16.63,33.15,1.032,0.57,-3.19,-2.01,0.001,NORMAL
3533.25,0.6957,849.2,414.8,178.73,24.73,50.51,13.43,30.17,5.312,-44.85,-1.64,1.07,4.502,CYLINDER_MISFIRE
2767.45,0.3259,640.45,257.52,124.01,19.72,50.31,7.99,26.98,0.57,6.51,-2.85,-0.81,-0.01,NORMAL
3772.3,0.7785,1004.26,456.59,191.07,25.97,50.56,9.54,30.9,0.924,48.57,3.18,1.05,0.042,FUEL_RESTRICTION
3222.72,0.5606,755.73,359.54,159.3,22.7,49.38,11.4,29.97,5.055,-41.77,1.04,-0.48,4.338,CYLINDER_MISFIRE
3071.81,0.522,729.04,340.75,152.63,22.28,48.48,10.67,29.57,3.553,-37.76,0.66,-1.09,2.881,CYLINDER_MISFIRE
3824.61,0.8361,948.23,475.83,195.82,26.77,51.15,15.53,31.34,3.726,-44.64,0.11,2.34,2.828,CYLINDER_MISFIRE
4073.22,0.8226,1000.39,483.84,200.03,26.41,50.64,15.29,31.02,0.956,3.18,5.52,-0.03,-0.016,NORMAL
3142.58,0.4514,725.3,319.71,146.4,21.22,49.07,10.02,28.58,0.652,-2.65,2.93,-2.23,-0.041,NORMAL
3666.6,0.7206,918.23,431.37,208.32,24.83,25.75,13.91,30.39,1.968,2.51,1.94,-24.11,1.119,LUBRICATION_ISSUE
3304.8,0.5861,820.81,369.06,186.69,23.35,14.97,11.71,29.1,1.88,3.9,-1.08,-34.96,1.139,LUBRICATION_ISSUE
4238.15,0.882,1043.02,508.94,198.87,27.51,50.68,16.22,30.43,1.043,1.92,4.28,-1.22,0.022,NORMAL
2719.87,0.378,627.23,277.65,130.03,20.44,52.51,8.75,27.81,4.94,-35.54,-0.02,2.64,4.374,CYLINDER_MISFIRE
3159.04,0.4726,769.99,355.69,146.53,21.49,48.88,10.42,37.99,0.685,28.5,30.79,-2.15,-0.013,OVERHEATING
2816.99,0.3901,749.9,285.24,134.4,20.11,50.55,5.18,28.65,0.661,75.01,0.31,0.26,0.066,FUEL_RESTRICTION
2890.06,0.362,709.87,294.85,132.43,20.02,51.96,8.48,36.02,0.569,48.16,17.82,0.7,-0.048,OVERHEATING
4261.41,0.8878,969.64,508.62,199.49,24.77,53.38,16.83,31.47,1.024,-76.09,1.18,1.29,-0.004,EXHAUST_LEAK
3053.62,0.4393,712.05,313.94,143.22,21.14,51.65,9.89,29.27,0.709,-4.21,4.18,0.71,0.043,NORMAL
3151.25,0.4474,721.57,316.51,144.82,21.14,51.67,9.95,27.93,0.661,-4.43,0.91,0.24,-0.034,NORMAL
3626.92,0.6506,903.76,422.28,176.13,24.15,51.28,13.14,42.77,0.868,32.06,19.26,0.41,0.03,OVERHEATING
2828.4,0.3928,675.46,287.24,158.77,20.52,16.03,8.85,28.38,2.365,-1.62,0.99,-34.29,1.767,LUBRICATION_ISSUE
3499.54,0.5826,755.39,374.42,164.89,21.22,49.64,11.79,30.43,0.763,-69.16,-0.31,-1.62,-0.037,EXHAUST_LEAK
3165.7,0.556,763.42,353.8,161.47,22.75,49.89,11.17,29.11,3.561,-28.46,-1.32,0.32,2.862,CYLINDER_MISFIRE
4368.73,0.9378,1109.8,560.5,198.95,28.22,52.36,17.25,43.42,1.09,28.71,31.84,-0.59,0.03,OVERHEATING
2902.62,0.3351,640.63,266.72,130.08,19.37,50.72,8.13,27.43,0.678,-5.58,-1.01,-1.11,0.057,NORMAL
2861.49,0.3547,655.21,271.27,131.69,19.89,50.61,8.41,27.75,0.612,-0.67,-2.27,-0.61,0.003,NORMAL
2554.5,0.3266,591.74,254.35,125.71,19.11,48.05,7.94,27.5,3.612,-31.91,0.15,-1.68,3.096,CYLINDER_MISFIRE
3221.53,0.4814,750.22,328.68,150.72,21.17,50.25,10.27,28.65,0.695,0.33,-1.25,-1.03,-0.022,NORMAL
3939.79,0.8412,1077.84,483.56,197.58,27.0,49.27,9.73,31.52,0.984,76.12,2.53,-0.25,0.052,FUEL_RESTRICTION
4222.74,0.8677,1031.25,500.83,200.98,26.83,53.55,16.48,31.44,1.033,-0.52,1.77,1.77,0.016,NORMAL
3700.17,0.6866,849.22,416.64,179.59,21.77,51.23,13.73,30.81,0.941,-47.77,-1.56,0.54,0.081,EXHAUST_LEAK
3129.94,0.5072,826.5,336.86,153.45,22.12,50.47,5.84,29.72,0.713,65.68,0.36,0.25,0.024,FUEL_RESTRICTION
3928.46,0.834,994.29,477.56,221.89,26.53,27.43,15.64,31.46,1.954,-2.52,-0.52,-22.09,1.025,LUBRICATION_ISSUE
3814.37,0.7158,944.47,449.93,182.83,25.39,53.52,13.91,41.59,0.887,24.27,17.81,2.61,-0.008,OVERHEATING
3829.15,0.728,930.72,437.97,187.25,25.43,52.44,14.23,30.69,0.905,2.46,1.01,1.66,0.006,NORMAL
3684.55,0.7461,933.44,439.43,210.02,25.64,20.72,14.25,29.63,2.624,1.52,0.28,-28.8,1.769,LUBRICATION_ISSUE
3277.96,0.5128,717.7,344.2,153.02,18.36,51.57,11.09,29.14,0.686,-53.9,1.24,0.5,-0.048,EXHAUST_LEAK
3613.18,0.7159,976.72,425.98,182.27,25.12,50.51,8.76,31.42,0.913,66.53,-0.13,0.91,0.079,FUEL_RESTRICTION
3110.28,0.4486,749.35,339.77,145.95,21.16,53.45,9.92,36.11,0.672,24.65,24.95,2.31,-0.011,OVERHEATING
3703.36,0.7411,998.35,436.51,185.45,25.22,50.17,9.33,30.75,0.847,68.53,-1.38,0.43,-0.014,FUEL_RESTRICTION
3149.3,0.54,780.27,349.61,187.24,22.49,26.69,11.11,30.16,2.447,-1.22,0.72,-23.05,1.752,LUBRICATION_ISSUE
3251.76,0.4893,753.13,334.33,149.87,21.57,53.09,10.53,28.97,0.669,-3.04,0.63,1.76,-0.057,NORMAL
4090.59,0.923,1113.02,516.86,198.56,28.05,52.39,11.5,32.03,1.017,54.68,1.87,1.66,0.039,FUEL_RESTRICTION
3195.78,0.4649,738.15,325.34,146.83,21.67,51.4,10.18,28.92,0.693,-0.58,2.1,-0.0,-0.016,NORMAL
3292.58,0.6033,791.98,378.59,166.94,23.46,50.91,12.02,30.4,3.44,-34.64,2.62,1.37,2.702,CYLINDER_MISFIRE
2769.3,0.3798,666.63,280.53,153.5,20.33,17.94,8.72,27.71,1.604,0.25,0.71,-32.22,1.023,LUBRICATION_ISSUE
3699.96,0.6728,890.02,412.48,177.78,24.56,49.46,13.21,30.75,0.944,1.36,-0.71,-1.48,0.084,NORMAL
4020.73,0.8831,1085.78,499.63,201.22,27.08,50.46,11.0,31.85,0.964,54.9,1.1,0.29,0.008,FUEL_RESTRICTION
2826.7,0.4122,694.57,293.3,165.88,20.6,17.19,9.06,27.79,1.82,5.89,0.1,-32.76,1.222,LUBRICATION_ISSUE
3059.42,0.4662,733.23,318.28,176.4,21.64,15.54,10.03,28.46,2.224,0.52,-1.34,-34.96,1.556,LUBRICATION_ISSUE
4272.02,0.9058,1102.53,535.23,200.69,27.41,52.17,16.97,48.65,1.026,45.46,20.99,-0.01,-0.005,OVERHEATING
3542.43,0.7076,873.1,422.91,181.44,25.0,49.75,13.76,29.99,4.64,-28.59,1.89,0.46,3.827,CYLINDER_MISFIRE
3277.93,0.4919,760.19,333.63,150.51,22.11,50.02,10.87,28.22,0.759,1.13,-1.8,-1.43,0.026,NORMAL
3406.52,0.5512,795.96,358.45,159.66,22.59,51.6,11.31,30.18,0.77,-5.08,-2.17,0.38,-0.002,NORMAL
3166.33,0.4619,673.7,322.76,146.99,18.2,51.73,10.19,29.15,0.654,-61.74,1.5,0.47,-0.046,EXHAUST_LEAK
4044.49,0.8719,1104.77,497.47,199.66,27.33,49.31,12.03,31.76,0.98,79.42,2.25,-1.05,0.017,FUEL_RESTRICTION
3197.94,0.5261,778.19,341.86,183.34,22.21,25.66,10.87,29.97,2.254,2.61,-3.49,-24.65,1.544,LUBRICATION_ISSUE
2810.96,0.4195,651.41,293.96,140.09,21.21,50.57,9.34,26.53,3.316,-40.87,-1.4,0.85,2.723,CYLINDER_MISFIRE
4104.87,0.8411,1058.14,504.37,202.97,26.62,49.78,15.9,47.73,0.995,48.23,18.42,-1.06,0.013,OVERHEATING
3817.11,0.7269,925.72,438.5,185.57,24.89,51.83,14.0,32.31,0.938,-1.28,2.3,1.1,0.043,NORMAL
2787.71,0.309,576.23,254.77,125.52,17.54,51.58,7.87,27.96,0.566,-48.56,-0.11,0.02,-0.02,EXHAUST_LEAK
2856.24,0.4364,747.6,302.8,142.5,21.27,49.3,5.93,28.74,0.587,42.92,-0.0,-0.41,-0.02,FUEL_RESTRICTION
3547.03,0.6803,889.94,411.61,202.37,24.55,26.61,13.18,30.27,2.599,4.42,0.29,-23.2,1.785,LUBRICATION_ISSUE
2832.17,0.3253,637.95,264.26,130.38,19.76,51.85,8.26,27.72,0.601,1.16,2.18,0.3,0.001,NORMAL
3581.85,0.6301,812.65,394.16,171.0,21.3,53.22,12.93,29.37,0.845,-44.52,-0.14,2.28,0.02,EXHAUST_LEAK
2980.59,0.4539,792.58,312.99,143.09,21.45,50.64,4.54,30.06,0.639,71.2,0.16,0.44,-0.005,FUEL_RESTRICTION
4134.58,0.9224,1123.58,518.83,200.32,28.06,51.63,14.08,32.55,1.03,63.41,2.73,0.55,0.04,FUEL_RESTRICTION
3655.69,0.6544,799.22,403.7,173.19,20.75,49.4,13.05,31.2,0.825,-76.23,-1.57,-1.58,-0.021,EXHAUST_LEAK
4315.64,0.9188,1071.61,519.77,197.5,28.01,51.53,16.98,32.98,1.057,4.53,-0.48,-1.0,0.012,NORMAL
4320.14,0.9318,1074.79,526.29,199.96,28.0,52.63,17.08,32.18,0.963,-0.31,1.23,0.07,-0.083,NORMAL
3158.99,0.548,743.81,351.49,155.93,22.76,50.37,11.08,28.31,5.128,-42.97,-0.57,0.7,4.43,CYLINDER_MISFIRE
4050.32,0.9384,1029.95,517.24,199.12,28.32,48.91,17.09,32.21,4.809,-35.58,-2.07,-1.5,3.844,CYLINDER_MISFIRE
2579.37,0.3581,598.95,267.91,130.01,19.99,50.69,8.15,27.07,4.758,-44.88,1.61,1.37,4.234,CYLINDER_MISFIRE
4061.08,0.8035,991.33,467.63,197.37,26.27,50.42,15.38,31.46,0.939,6.16,-3.47,-0.51,-0.029,NORMAL
3723.42,0.7061,948.8,443.21,182.38,24.89,50.83,13.74,45.21,0.849,38.94,17.3,0.34,-0.018,OVERHEATING
3873.46,0.7467,987.75,467.19,187.19,25.54,51.1,14.65,41.66,0.842,46.06,22.18,0.36,-0.07,OVERHEATING
2868.65,0.365,595.21,279.35,131.99,16.3,50.9,8.63,27.92,0.643,-67.2,1.91,-0.17,0.032,EXHAUST_LEAK
3012.07,0.389,626.63,294.58,140.89,17.39,50.77,8.95,28.73,0.696,-57.36,4.19,-0.8,0.042,EXHAUST_LEAK
2860.84,0.4161,694.58,295.66,170.04,20.83,29.4,9.26,28.72,1.793,1.87,0.03,-20.7,1.185,LUBRICATION_ISSUE
3123.86,0.4466,655.99,314.96,144.11,19.49,50.49,10.13,27.63,0.714,-68.14,0.48,-0.78,0.027,EXHAUST_LEAK
4110.32,0.8495,1013.52,490.38,199.07,26.81,52.15,15.96,32.75,1.015,-1.67,1.26,1.27,0.032,NORMAL
2620.25,0.3247,623.4,255.08,149.43,19.46,30.71,7.83,27.93,1.744,-2.46,-0.44,-19.47,1.208,LUBRICATION_ISSUE
4175.29,0.8601,947.42,495.56,199.44,24.19,51.34,16.3,31.97,1.004,-77.43,0.65,-0.06,0.001,EXHAUST_LEAK
4004.35,0.7812,976.36,461.94,190.56,25.75,53.14,15.08,31.59,0.945,7.42,0.58,2.17,-0.007,NORMAL
2934.49,0.4796,700.77,319.58,145.88,21.85,49.1,10.32,30.26,4.722,-33.68,-1.1,-0.34,4.091,CYLINDER_MISFIRE
3017.27,0.3943,630.32,292.11,140.41,17.46,53.07,9.24,26.57,0.64,-57.13,-0.37,1.55,-0.015,EXHAUST_LEAK
3789.2,0.725,973.65,464.39,184.04,25.18,51.27,14.2,39.48,0.88,49.21,29.73,0.69,-0.007,OVERHEATING
2836.01,0.3432,653.62,265.5,133.79,19.73,51.48,8.24,27.25,0.569,5.92,-3.12,0.22,-0.031,NORMAL
3506.17,0.6024,833.23,381.62,168.27,23.12,51.19,12.25,29.85,0.843,-3.54,-0.44,0.24,0.041,NORMAL
3500.6,0.5814,750.14,376.76,167.23,21.08,50.93,11.88,29.22,0.736,-73.71,2.46,-0.36,-0.064,EXHAUST_LEAK
4350.75,0.9431,1010.89,528.94,198.63,25.34,51.62,17.69,32.5,1.103,-72.5,-1.09,-1.18,0.048,EXHAUST_LEAK
4012.28,0.8775,1090.65,493.15,198.63,27.48,51.06,12.92,33.33,0.886,63.57,-3.1,0.96,-0.068,FUEL_RESTRICTION
3084.91,0.4494,754.74,325.42,144.03,20.94,50.62,9.83,39.58,0.651,30.86,11.09,-0.34,-0.024,OVERHEATING
4045.18,0.8368,959.44,484.1,201.57,23.32,49.86,15.59,32.16,0.949,-44.91,1.49,-0.5,-0.014,EXHAUST_LEAK
2734.84,0.4017,648.7,283.49,133.66,20.36,50.3,8.58,28.33,4.184,-29.07,-3.17,0.75,3.614,CYLINDER_MISFIRE
2832.25,0.3364,678.61,287.98,124.95,19.58,50.44,8.19,38.07,0.616,35.18,21.93,-0.92,0.016,OVERHEATING
3428.0,0.5553,805.7,363.08,163.23,22.82,50.8,11.57,29.54,0.712,1.12,0.33,-0.48,-0.067,NORMAL
2777.41,0.3097,619.51,256.33,125.14,19.13,53.64,7.8,27.25,0.609,-5.19,1.51,2.16,0.026,NORMAL
3110.88,0.5165,818.79,336.84,153.66,22.07,52.83,7.42,29.95,0.631,53.32,-2.44,2.91,-0.053,FUEL_RESTRICTION
4291.43,0.9228,1103.16,542.12,199.31,27.66,52.69,16.99,48.64,1.002,34.91,21.17,0.36,-0.036,OVERHEATING
3235.24,0.5069,794.88,359.72,152.03,21.88,52.63,10.83,43.12,0.669,28.97,20.18,1.73,-0.052,OVERHEATING
4106.55,0.8389,936.13,485.11,201.61,23.2,50.75,15.95,31.88,0.982,-72.56,-0.11,-0.11,-0.0,EXHAUST_LEAK
3175.76,0.4777,690.46,326.96,149.55,19.61,50.9,10.37,29.16,0.712,-54.95,-0.29,-0.15,0.009,EXHAUST_LEAK
3905.97,0.7603,951.23,453.64,187.01,25.36,51.52,14.61,31.57,0.924,-0.25,2.75,0.82,0.003,NORMAL
2919.96,0.3811,614.39,287.41,134.47,17.71,50.11,8.94,30.02,0.538,-60.28,2.61,-1.01,-0.088,EXHAUST_LEAK
2677.8,0.3947,644.06,278.21,134.39,20.34,49.26,8.79,28.39,3.215,-26.64,-4.21,-0.04,2.661,CYLINDER_MISFIRE
2681.78,0.3628,701.04,270.81,129.2,20.28,50.55,4.79,28.59,0.49,49.27,-0.26,0.65,-0.065,FUEL_RESTRICTION
3542.2,0.6843,925.51,412.92,177.82,24.73,51.86,9.6,30.93,0.806,37.82,0.3,2.16,-0.007,FUEL_RESTRICTION
4025.48,0.8846,1099.85,501.26,202.68,27.21,49.73,10.39,33.34,0.93,67.81,2.03,-0.47,-0.028,FUEL_RESTRICTION
2917.22,0.3489,654.98,268.94,130.77,19.9,50.69,8.59,26.62,0.62,-0.23,-4.19,-0.99,-0.006,NORMAL
3894.44,0.8537,1080.84,484.9,198.5,26.97,49.48,10.68,31.09,0.928,73.91,0.75,0.32,0.01,FUEL_RESTRICTION
3816.99,0.719,844.53,431.44,181.33,22.87,51.14,14.29,30.66,0.91,-77.71,-1.9,0.27,0.015,EXHAUST_LEAK
2646.58,0.3758,618.16,275.24,129.82,20.18,48.34,8.72,27.4,4.541,-39.65,0.55,-1.09,3.997,CYLINDER_MISFIRE
3044.62,0.4149,664.94,302.14,139.24,19.0,51.04,9.48,29.12,0.639,-36.22,1.44,-0.28,-0.025,EXHAUST_LEAK
2870.63,0.4347,672.73,302.11,139.96,20.94,50.11,9.67,28.58,3.302,-31.63,-0.51,0.28,2.691,CYLINDER_MISFIRE
3898.31,0.7646,903.2,451.37,190.79,22.02,50.84,14.48,31.33,0.989,-50.47,-0.83,0.26,0.07,EXHAUST_LEAK
3008.03,0.3709,610.65,283.51,134.82,16.47,49.74,9.06,28.64,0.647,-62.27,-0.24,-2.14,-0.005,EXHAUST_LEAK
4144.78,0.8622,985.18,492.35,200.21,24.29,50.08,15.97,31.63,0.958,-39.35,-2.36,-1.08,-0.035,EXHAUST_LEAK
3917.54,0.8393,1080.68,479.56,201.83,26.43,46.29,12.66,31.45,0.994,81.21,-0.12,-3.06,0.069,FUEL_RESTRICTION
3779.63,0.7017,947.47,451.41,181.78,24.39,51.21,13.8,41.81,0.765,37.45,25.4,0.27,-0.119,OVERHEATING
4098.21,0.9076,1130.37,509.93,199.21,27.55,51.45,11.02,32.54,0.962,80.92,0.26,0.66,-0.017,FUEL_RESTRICTION
3944.28,0.8322,1000.92,479.42,222.48,26.59,18.88,15.26,31.72,1.922,4.36,1.48,-30.78,0.989,LUBRICATION_ISSUE
4190.84,0.8794,1036.47,506.01,201.35,27.22,50.04,16.56,32.71,1.036,-0.74,3.68,-1.49,0.028,NORMAL
2740.4,0.4164,638.27,294.69,136.32,20.71,51.54,9.18,28.41,4.774,-48.57,2.58,2.23,4.201,CYLINDER_MISFIRE
3654.73,0.7386,971.85,437.72,186.19,25.55,48.84,8.56,31.77,0.841,45.93,2.17,-0.62,-0.005,FUEL_RESTRICTION
4061.22,0.8396,1003.13,486.61,201.1,26.86,51.35,16.12,33.47,0.941,-3.71,2.51,0.86,-0.027,NORMAL
4134.49,0.9441,1023.53,525.54,198.79,28.02,49.17,17.13,33.07,3.968,-49.62,1.65,-1.91,2.978,CYLINDER_MISFIRE
3283.27,0.5099,800.04,360.06,152.3,21.83,50.29,11.01,46.57,0.698,29.97,18.01,-0.87,-0.037,OVERHEATING
3159.69,0.4562,656.39,320.83,146.63,19.36,52.24,9.86,28.08,0.706,-75.31,1.81,0.91,0.008,EXHAUST_LEAK
4120.42,0.8683,953.88,495.52,200.46,24.83,50.84,15.99,31.53,0.982,-73.13,-0.69,-0.12,-0.004,EXHAUST_LEAK
3439.23,0.6157,842.8,385.91,201.95,23.29,21.77,12.3,30.52,1.989,1.44,1.09,-28.51,1.208,LUBRICATION_ISSUE
2716.86,0.3423,643.26,269.07,152.9,19.5,27.6,8.32,27.12,1.31,2.04,4.34,-22.9,0.745,LUBRICATION_ISSUE
2819.99,0.3555,602.19,276.52,131.01,15.79,50.42,8.67,27.06,0.582,-52.13,3.93,-0.51,-0.014,EXHAUST_LEAK
3999.38,0.9175,1017.61,512.03,199.25,27.8,50.04,16.68,32.5,3.576,-32.87,1.75,0.05,2.626,CYLINDER_MISFIRE
3009.09,0.392,689.45,290.55,134.79,20.33,53.73,9.0,28.06,0.709,3.8,-0.84,2.22,0.057,NORMAL
3579.75,0.627,857.94,392.72,171.13,23.91,51.13,12.33,31.04,0.799,2.73,-0.4,0.15,-0.025,NORMAL
3655.27,0.7365,922.45,433.7,209.32,25.17,13.16,13.82,30.85,1.84,-2.23,-1.1,-36.34,0.994,LUBRICATION_ISSUE
4169.67,0.9391,1064.76,527.28,222.87,28.18,31.58,17.24,32.6,1.894,-7.2,4.1,-19.77,0.894,LUBRICATION_ISSUE
3714.36,0.6789,892.72,414.39,180.03,24.46,52.32,13.46,30.76,0.888,-0.37,-1.46,1.4,0.024,NORMAL
3972.44,0.7865,898.0,458.11,194.07,24.44,52.49,15.19,31.96,0.954,-72.51,-4.2,1.83,0.013,EXHAUST_LEAK
2941.34,0.3937,685.6,288.26,136.61,20.13,50.56,8.88,26.29,0.654,2.34,-1.69,-0.47,0.022,NORMAL
3876.98,0.742,939.79,443.52,187.3,25.43,52.6,14.23,30.61,0.91,0.72,0.08,1.75,-0.003,NORMAL
2829.16,0.4024,687.69,293.59,162.07,20.36,20.37,8.99,29.16,2.361,4.81,3.85,-29.77,1.762,LUBRICATION_ISSUE
3675.13,0.7498,973.95,439.42,187.21,25.7,50.48,9.66,30.48,0.847,40.29,-0.78,1.08,-0.006,FUEL_RESTRICTION
3923.52,0.7566,946.01,448.21,190.8,25.7,51.5,15.16,31.51,0.972,-4.13,-1.88,0.62,0.045,NORMAL
4142.15,0.8983,1042.52,511.0,219.89,27.27,22.79,16.74,31.75,2.192,-3.59,3.33,-28.35,1.199,LUBRICATION_ISSUE
2902.59,0.3526,661.51,272.45,133.05,19.97,51.82,8.21,26.06,0.612,4.85,-1.54,0.3,-0.009,NORMAL
4323.54,0.9185,1068.07,519.92,201.0,27.55,52.15,17.05,32.78,1.107,0.77,-0.46,-0.44,0.06,NORMAL
3069.15,0.4194,742.12,318.6,140.97,20.88,52.47,9.6,45.44,0.701,37.0,15.53,1.07,0.031,OVERHEATING
3439.6,0.5567,838.13,381.42,160.91,22.96,51.06,11.63,45.3,0.814,32.16,17.83,-0.27,0.032,OVERHEATING
3938.45,0.8708,978.84,491.71,201.63,27.05,49.84,15.97,31.16,4.598,-40.59,0.05,0.34,3.667,CYLINDER_MISFIRE
3907.06,0.7583,956.32,449.15,189.57,25.69,52.61,14.71,31.4,0.941,5.96,-1.06,1.86,0.019,NORMAL
3506.93,0.655,871.89,401.82,194.97,24.14,21.7,12.72,29.69,2.117,3.52,0.8,-28.3,1.315,LUBRICATION_ISSUE
4256.91,0.9141,1086.21,538.44,201.03,28.0,53.03,16.84,42.28,1.043,24.93,21.67,0.98,0.016,OVERHEATING
2618.7,0.3018,613.53,249.75,148.28,19.41,22.2,7.53,26.49,2.259,1.52,2.54,-28.39,1.723,LUBRICATION_ISSUE
4010.81,0.7799,971.98,459.64,192.73,25.37,52.46,15.19,30.8,0.943,3.5,-1.45,1.42,-0.01,NORMAL
2965.98,0.3966,711.92,321.28,136.49,20.59,52.39,9.18,45.51,0.677,25.69,29.54,1.25,0.037,OVERHEATING
4164.24,0.8865,965.79,501.05,201.13,25.94,51.21,16.44,32.55,1.018,-74.35,-3.03,-0.11,0.019,EXHAUST_LEAK
3515.44,0.6096,891.64,405.64,166.15,23.97,49.46,12.37,42.98,0.789,50.13,20.74,-1.42,-0.016,OVERHEATING
2905.96,0.3852,597.43,286.03,132.66,18.51,53.1,9.16,27.42,0.635,-78.98,0.19,2.14,0.013,EXHAUST_LEAK
2879.87,0.4003,686.29,292.79,157.16,20.36,22.31,9.31,27.01,1.898,2.13,2.3,-28.21,1.284,LUBRICATION_ISSUE
3113.0,0.4471,766.14,340.63,145.61,21.67,51.91,9.97,39.07,0.641,42.25,26.3,0.73,-0.043,OVERHEATING
2762.3,0.3967,647.64,286.18,136.0,20.43,50.92,8.92,28.05,3.402,-28.51,0.49,1.1,2.823,CYLINDER_MISFIRE
3157.34,0.5391,786.16,345.2,183.66,22.66,23.88,11.09,28.0,2.277,4.85,-3.59,-25.93,1.58,LUBRICATION_ISSUE
3472.44,0.6919,858.93,409.61,176.16,24.5,49.19,13.58,29.31,4.892,-29.84,-3.65,0.07,4.1,CYLINDER_MISFIRE
3228.73,0.48,783.76,348.91,148.56,21.67,50.04,10.45,44.31,0.733,34.3,19.23,-1.31,0.014,OVERHEATING
3778.96,0.8284,953.37,472.72,197.68,26.6,49.29,15.21,32.38,3.861,-32.65,1.11,0.64,2.977,CYLINDER_MISFIRE
3383.22,0.5468,841.34,379.71,160.58,22.26,53.26,11.49,43.81,0.796,44.08,21.36,2.11,0.031,OVERHEATING
3143.38,0.4544,727.11,316.24,145.14,21.61,50.67,10.24,28.14,0.706,-2.68,-1.63,-0.58,0.013,NORMAL
3105.85,0.4422,762.77,330.1,145.49,21.33,51.01,9.92,45.07,0.747,42.15,17.73,-0.22,0.065,OVERHEATING
3129.61,0.5205,771.79,338.07,181.49,22.01,23.34,10.68,30.69,1.643,2.99,-3.21,-26.63,0.955,LUBRICATION_ISSUE
3638.9,0.6542,874.28,405.65,176.02,23.91,50.85,12.68,30.07,0.806,-0.17,0.98,-0.03,-0.036,NORMAL
3360.08,0.5307,713.51,352.09,157.09,18.61,48.76,11.27,29.29,0.751,-72.89,0.26,-2.52,-0.007,EXHAUST_LEAK
3336.96,0.5921,820.46,371.17,187.52,23.6,18.64,11.6,29.45,1.796,-1.64,-2.08,-31.4,1.045,LUBRICATION_ISSUE
3758.59,0.7383,927.47,437.77,217.27,25.45,26.99,14.3,30.5,2.349,-3.46,-0.78,-23.15,1.471,LUBRICATION_ISSUE
3694.17,0.6753,831.75,418.15,177.58,21.1,50.65,13.69,30.53,0.881,-58.11,4.23,-0.21,0.023,EXHAUST_LEAK
4062.5,0.9156,1009.63,513.2,200.17,28.05,50.21,16.68,31.06,4.938,-42.87,1.7,-0.29,3.969,CYLINDER_MISFIRE
3670.9,0.656,814.15,409.43,174.57,21.19,53.19,13.16,32.15,0.858,-62.98,3.15,2.14,0.006,EXHAUST_LEAK
3760.32,0.7051,864.38,426.67,183.75,21.81,51.11,13.68,30.72,0.957,-46.68,0.03,0.36,0.079,EXHAUST_LEAK
3162.46,0.5292,771.37,343.87,175.47,22.48,25.77,11.3,29.19,1.676,-4.27,-1.51,-24.26,0.977,LUBRICATION_ISSUE
2645.56,0.3693,615.47,270.36,130.21,20.01,49.93,8.3,26.99,4.102,-38.41,-1.96,0.38,3.558,CYLINDER_MISFIRE
2658.86,0.3665,622.06,274.48,129.51,19.74,50.85,8.63,27.34,3.456,-30.78,2.78,1.16,2.908,CYLINDER_MISFIRE
3083.86,0.4493,726.16,315.11,145.3,20.77,50.33,9.8,27.83,0.659,2.38,0.84,-0.63,-0.017,NORMAL
2782.56,0.3558,652.42,274.96,153.22,19.85,24.7,8.32,27.73,2.069,-0.2,3.39,-25.98,1.484,LUBRICATION_ISSUE
4333.89,0.9351,1008.89,526.72,198.88,26.02,52.72,16.83,33.88,1.043,-68.85,0.07,0.05,-0.007,EXHAUST_LEAK
3015.52,0.4892,817.66,323.42,148.96,21.71,50.52,5.59,27.78,0.66,73.34,-3.18,0.73,0.006,FUEL_RESTRICTION
3228.3,0.5713,885.78,365.49,159.27,22.81,48.82,6.48,29.73,0.706,81.59,2.98,-0.88,-0.012,FUEL_RESTRICTION
3320.51,0.5076,813.63,365.25,153.41,21.96,51.28,11.07,40.19,0.751,43.05,22.9,-0.17,0.005,OVERHEATING
2910.33,0.432,705.96,303.23,164.83,21.12,21.93,9.51,29.26,1.553,1.24,0.4,-28.21,0.93,LUBRICATION_ISSUE
2732.75,0.3861,735.76,280.11,132.9,20.76,50.15,5.25,28.52,0.595,67.48,-0.86,0.33,0.025,FUEL_RESTRICTION
3735.95,0.7164,951.09,444.77,183.03,24.92,50.29,13.7,45.51,0.778,34.48,14.8,-0.1,-0.093,OVERHEATING
3856.56,0.818,988.06,469.84,220.83,26.39,28.77,15.14,32.22,2.26,4.41,-0.35,-20.57,1.353,LUBRICATION_ISSUE
2911.0,0.3529,592.48,273.0,133.1,17.97,49.89,8.48,26.16,0.659,-64.81,-1.37,-1.68,0.036,EXHAUST_LEAK
3674.61,0.7409,926.12,438.49,211.25,25.33,28.51,14.04,31.82,2.333,-2.16,1.53,-21.04,1.48,LUBRICATION_ISSUE
2739.08,0.3717,734.57,273.79,132.95,20.31,50.42,3.51,27.38,0.553,74.6,-2.19,0.31,-0.019,FUEL_RESTRICTION
3627.6,0.636,910.97,421.61,171.76,24.01,51.66,12.96,47.08,0.783,48.02,23.84,0.53,-0.055,OVERHEATING
3168.5,0.5825,779.06,362.75,159.26,23.33,47.93,11.62,29.82,3.657,-28.89,-2.02,-1.18,2.957,CYLINDER_MISFIRE
4079.81,0.914,1008.15,512.47,199.49,27.79,52.28,16.77,31.8,4.132,-44.27,1.03,1.64,3.158,CYLINDER_MISFIRE
3501.99,0.5953,777.57,380.45,168.57,20.4,53.07,11.98,29.45,0.782,-54.73,1.08,2.02,-0.019,EXHAUST_LEAK
2590.22,0.304,667.73,250.12,120.75,19.59,49.51,2.62,26.86,0.614,55.8,2.96,-0.85,0.087,FUEL_RESTRICTION
3949.84,0.7718,1010.22,482.1,190.96,25.73,50.15,14.91,46.38,0.963,49.65,25.75,-0.63,0.028,OVERHEATING
2804.68,0.4274,655.07,299.46,141.4,20.63,49.37,9.52,29.6,4.243,-41.58,1.47,-0.17,3.652,CYLINDER_MISFIRE
4020.66,0.861,1017.48,490.25,226.7,26.89,27.21,15.83,31.08,2.169,-0.15,-0.33,-22.95,1.213,LUBRICATION_ISSUE
3013.37,0.4691,729.15,319.82,165.13,21.75,27.01,10.03,28.57,2.273,-3.01,0.53,-23.13,1.619,LUBRICATION_ISSUE
3372.86,0.5554,802.09,360.3,160.24,22.77,48.85,11.74,29.48,0.78,0.22,-0.82,-2.08,0.018,NORMAL
2545.87,0.3305,598.3,251.63,123.8,19.62,48.39,7.89,26.97,4.939,-27.28,-3.72,-1.21,4.425,CYLINDER_MISFIRE
3008.29,0.4044,626.15,294.31,137.35,17.78,50.19,9.48,27.85,0.67,-66.9,-1.52,-1.09,0.018,EXHAUST_LEAK
3590.73,0.69,953.94,415.53,179.5,24.72,50.76,7.53,29.96,0.74,60.43,-0.57,0.84,-0.087,FUEL_RESTRICTION
3665.77,0.6488,874.65,405.88,175.85,24.04,50.8,13.04,30.84,0.874,2.08,2.33,-0.35,0.024,NORMAL
4048.16,0.8219,930.67,477.46,198.38,22.46,49.65,15.59,31.08,0.969,-64.89,0.12,-0.87,0.004,EXHAUST_LEAK
4070.09,0.8315,1048.73,504.16,200.11,26.98,52.04,15.61,44.49,1.091,46.32,22.71,1.48,0.12,OVERHEATING
3179.48,0.4703,691.68,326.05,148.4,19.17,50.21,10.09,28.27,0.665,-49.5,1.34,-1.0,-0.039,EXHAUST_LEAK
2879.63,0.3366,648.25,268.55,129.32,19.42,50.65,8.24,28.06,0.617,2.31,0.99,-1.01,0.003,NORMAL
3880.78,0.775,955.75,455.16,190.13,25.98,48.65,14.72,30.4,0.919,-3.26,-0.25,-1.62,0.005,NORMAL
3011.62,0.397,628.24,295.89,137.59,17.62,50.97,9.1,28.42,0.699,-60.55,2.62,-0.46,0.046,EXHAUST_LEAK
3973.73,0.8738,1101.02,492.31,198.57,27.33,49.42,11.06,29.63,0.979,78.04,-1.48,-0.37,0.037,FUEL_RESTRICTION
3830.98,0.7227,927.68,437.87,185.1,24.91,50.69,14.15,30.85,0.914,2.49,2.76,-0.21,0.015,NORMAL
3189.79,0.4503,733.1,314.64,146.54,21.42,49.16,10.14,29.3,0.694,3.45,-3.15,-2.47,-0.012,NORMAL
2884.65,0.4633,689.48,313.36,143.84,21.45,50.65,9.87,28.94,4.086,-32.71,0.05,1.23,3.47,CYLINDER_MISFIRE
3527.93,0.6074,873.06,400.93,168.5,23.78,51.57,12.35,44.53,0.835,32.23,16.43,0.57,0.027,OVERHEATING
3996.14,0.8128,1019.36,489.13,196.09,26.67,51.56,15.55,44.26,0.888,31.86,16.63,1.21,-0.061,OVERHEATING
2713.36,0.3474,698.37,262.57,126.65,20.0,50.26,4.45,27.86,0.551,54.24,-3.91,-0.12,-0.013,FUEL_RESTRICTION
2891.04,0.4384,774.37,302.16,142.96,21.32,49.29,5.05,28.82,0.641,66.8,-2.38,-0.61,0.024,FUEL_RESTRICTION
4283.58,0.9224,1101.1,536.85,199.83,27.87,51.13,17.05,49.26,1.015,33.5,16.29,-1.14,-0.02,OVERHEATING
2545.89,0.3209,580.23,251.43,124.11,19.51,50.87,7.82,26.83,3.956,-39.62,-0.48,1.1,3.442,CYLINDER_MISFIRE
3158.03,0.4512,729.17,321.97,144.43,21.72,53.81,9.98,28.37,0.67,0.55,4.8,2.41,-0.028,NORMAL
3852.29,0.7957,973.13,459.97,224.53,26.15,26.31,15.11,30.95,1.797,3.11,-2.04,-23.41,0.891,LUBRICATION_ISSUE
4072.23,0.8104,1019.73,496.61,199.91,26.4,50.41,15.44,48.58,0.99,29.86,22.69,-0.47,0.018,OVERHEATING
3740.72,0.6802,920.73,437.34,176.86,24.46,50.78,13.32,39.08,0.855,25.58,20.25,-0.29,-0.017,OVERHEATING
3528.1,0.6108,767.52,387.21,168.14,21.66,53.96,12.37,30.66,0.791,-75.36,1.48,3.02,-0.017,EXHAUST_LEAK
3138.83,0.4465,758.21,337.37,147.89,21.3,52.39,9.9,41.96,0.758,33.36,22.46,1.02,0.067,OVERHEATING
2801.13,0.3123,668.71,274.87,126.41,19.4,48.26,8.17,39.23,0.56,41.27,18.4,-3.33,-0.031,OVERHEATING
2825.53,0.4226,658.12,300.29,141.05,20.93,51.24,9.19,28.23,4.289,-36.72,3.39,1.48,3.691,CYLINDER_MISFIRE
2958.41,0.3725,601.49,282.98,138.09,19.03,52.06,8.81,27.71,0.631,-69.96,0.11,0.54,-0.006,EXHAUST_LEAK
2780.62,0.3915,671.46,285.5,157.97,20.84,26.64,8.8,27.5,1.454,-2.47,1.14,-23.39,0.87,LUBRICATION_ISSUE
4052.2,0.8192,995.85,476.97,198.61,26.55,52.33,15.56,31.73,0.931,1.72,0.49,1.74,-0.035,NORMAL
3339.57,0.5932,872.39,372.27,161.63,23.35,50.98,6.84,29.65,0.705,49.46,-1.48,0.96,-0.047,FUEL_RESTRICTION
3097.63,0.4894,788.61,329.94,148.24,21.65,51.07,6.12,27.97,0.641,40.11,0.84,0.74,-0.038,FUEL_RESTRICTION
3716.34,0.6851,895.31,416.91,180.79,24.65,50.06,13.33,30.35,0.844,-1.55,-1.2,-0.76,-0.021,NORMAL
3555.13,0.6782,890.17,409.11,199.27,24.72,23.64,13.0,29.66,2.021,5.47,-1.72,-26.26,1.205,LUBRICATION_ISSUE
3529.47,0.6212,851.6,393.89,171.16,23.9,53.13,12.55,29.82,0.85,2.41,4.38,2.37,0.041,NORMAL
2771.56,0.3601,654.68,277.6,160.3,20.04,27.59,8.57,28.37,1.974,0.01,4.8,-22.95,1.392,LUBRICATION_ISSUE
3568.27,0.7052,904.12,421.29,208.11,24.94,25.18,13.62,29.2,2.268,2.59,0.38,-24.32,1.447,LUBRICATION_ISSUE
3766.26,0.7113,958.38,451.29,182.68,24.97,50.57,14.06,44.86,0.843,43.27,22.22,-0.1,-0.037,OVERHEATING
3507.22,0.6084,887.44,401.96,168.44,23.01,49.56,12.19,38.18,0.81,47.05,17.72,-1.28,0.007,OVERHEATING
3826.05,0.7365,965.51,464.26,182.74,25.06,47.19,14.22,44.82,0.902,32.32,24.34,-3.42,0.004,OVERHEATING
3277.08,0.6057,791.64,379.14,166.04,23.29,48.72,12.12,30.01,5.135,-35.63,2.77,-0.67,4.402,CYLINDER_MISFIRE
3117.74,0.5031,755.96,337.83,175.43,22.18,15.31,10.97,28.67,1.919,-1.77,3.19,-34.9,1.234,LUBRICATION_ISSUE
3071.81,0.4075,698.68,302.85,138.14,20.45,50.4,9.36,30.44,0.605,0.6,3.99,-1.23,-0.066,NORMAL
3253.55,0.482,749.88,332.26,149.23,21.39,49.52,10.49,29.06,0.69,-1.99,1.14,-1.95,-0.036,NORMAL
3058.53,0.4155,727.34,318.67,140.33,20.96,51.22,9.33,40.42,0.667,25.1,17.32,-0.18,-0.001,OVERHEATING
3807.09,0.718,843.03,439.12,186.36,23.31,50.6,13.9,32.07,0.901,-78.1,6.45,-0.22,0.008,EXHAUST_LEAK
3998.87,0.8756,1019.73,496.21,225.24,27.06,27.67,16.17,32.59,2.372,-5.6,1.01,-22.33,1.423,LUBRICATION_ISSUE
2677.19,0.3316,629.08,259.99,158.74,19.66,26.14,8.13,26.77,2.301,-3.72,0.31,-24.29,1.747,LUBRICATION_ISSUE
3173.26,0.4794,745.99,329.68,148.2,21.79,49.83,10.4,29.29,0.7,-0.35,1.88,-1.17,-0.002,NORMAL
3200.3,0.5534,838.46,356.9,157.13,22.73,52.49,7.55,27.81,0.765,46.4,1.66,2.65,0.055,FUEL_RESTRICTION
3581.12,0.6388,859.66,395.59,171.76,24.07,50.03,12.8,30.16,0.793,-2.69,-1.82,-0.75,-0.031,NORMAL
3839.51,0.8102,1022.27,463.41,199.24,26.21,50.03,9.42,31.56,0.957,44.2,-3.44,0.65,0.055,FUEL_RESTRICTION
3173.24,0.4883,705.32,331.27,148.21,18.82,50.04,10.26,29.25,0.652,-46.29,0.3,-0.79,-0.05,EXHAUST_LEAK
3190.27,0.467,773.34,346.44,147.95,21.84,50.16,9.94,38.82,0.703,33.61,22.6,-1.17,-0.004,OVERHEATING
4004.54,0.7966,919.56,467.08,194.28,22.94,50.26,15.22,31.78,0.954,-58.6,0.19,-0.43,0.003,EXHAUST_LEAK
4221.17,0.8879,1043.21,503.73,201.63,27.2,50.24,16.46,32.23,0.988,-0.58,-2.54,-1.53,-0.029,NORMAL
3332.92,0.5546,835.16,382.43,159.5,22.71,50.33,11.59,38.72,0.734,35.75,22.79,-0.35,-0.015,OVERHEATING
2958.37,0.3779,674.17,285.23,131.9,20.1,53.11,8.88,26.68,0.595,-0.5,0.43,1.68,-0.043,NORMAL
2910.66,0.344,602.19,271.27,131.34,17.12,51.3,8.24,28.13,0.625,-49.72,0.12,-0.42,0.002,EXHAUST_LEAK
4158.02,0.8494,1043.73,510.17,197.31,26.67,52.33,16.11,45.21,1.029,26.18,19.64,1.07,0.032,OVERHEATING
3921.61,0.7651,953.73,452.9,189.99,25.7,49.08,14.47,32.16,0.862,-1.39,-0.18,-1.63,-0.064,NORMAL
3937.38,0.8443,1048.08,482.22,200.85,26.68,49.53,12.26,31.58,0.977,44.63,0.15,0.03,0.045,FUEL_RESTRICTION
4152.4,0.9203,1126.42,515.08,202.41,27.7,50.72,13.23,31.68,1.0,66.63,-0.79,-0.5,0.005,FUEL_RESTRICTION
3531.98,0.6647,876.19,405.72,200.47,24.52,19.99,13.03,29.84,2.393,0.8,0.48,-30.0,1.583,LUBRICATION_ISSUE
2585.77,0.327,584.65,253.78,127.17,19.61,49.69,7.82,26.81,3.319,-40.86,-1.53,-0.23,2.793,CYLINDER_MISFIRE
2680.61,0.3778,636.63,278.54,131.67,20.29,50.42,8.55,28.75,4.033,-24.07,2.12,0.8,3.479,CYLINDER_MISFIRE
3097.69,0.503,755.08,336.38,185.79,22.04,30.83,10.69,28.22,2.164,-1.6,2.37,-19.25,1.485,LUBRICATION_ISSUE
3136.02,0.4501,729.01,315.33,142.99,21.26,52.03,10.23,27.64,0.674,2.15,-0.79,0.75,-0.017,NORMAL
3796.97,0.7868,1002.7,457.85,195.6,26.42,50.54,10.56,30.42,0.922,40.77,0.69,1.02,0.033,FUEL_RESTRICTION
2947.63,0.4802,736.68,322.05,168.58,21.56,21.28,10.04,29.81,2.203,1.19,0.75,-28.24,1.569,LUBRICATION_ISSUE
2946.72,0.3584,667.0,274.22,129.61,20.02,50.89,8.45,27.88,0.643,4.64,-3.2,-0.81,0.009,NORMAL
4085.58,0.8161,988.42,478.15,197.9,26.57,50.9,15.26,31.66,1.064,-5.53,1.78,0.03,0.088,NORMAL
2701.83,0.3747,704.36,279.54,134.3,20.41,50.51,3.05,27.55,0.55,44.46,3.6,0.69,-0.01,FUEL_RESTRICTION
3687.59,0.6984,902.76,421.5,181.15,24.94,51.43,13.53,30.45,0.868,-0.66,-0.55,1.03,0.011,NORMAL
3835.77,0.792,969.49,461.14,215.88,25.93,21.53,15.03,30.74,2.002,2.51,0.95,-28.14,1.101,LUBRICATION_ISSUE
2730.35,0.4129,647.07,286.74,135.94,20.65,49.92,9.12,27.92,3.402,-37.17,-3.8,0.61,2.833,CYLINDER_MISFIRE
2712.04,0.3212,657.01,278.82,124.28,19.44,50.13,8.11,41.08,0.633,28.67,21.81,-0.72,0.069,OVERHEATING
4169.42,0.8834,965.27,502.3,199.39,24.28,51.07,16.42,32.8,0.964,-73.23,-0.8,-0.28,-0.037,EXHAUST_LEAK
2727.65,0.3753,662.53,275.36,161.18,20.26,17.52,8.89,28.46,1.307,0.95,-1.59,-32.46,0.739,LUBRICATION_ISSUE
2996.02,0.3886,616.41,288.43,137.34,17.11,52.42,9.03,27.52,0.608,-66.52,-1.33,0.94,-0.041,EXHAUST_LEAK
3704.93,0.7494,929.73,440.07,219.02,25.9,17.66,14.44,32.45,2.491,-5.15,-0.86,-31.93,1.629,LUBRICATION_ISSUE
3679.3,0.728,968.54,432.9,182.47,25.57,48.22,10.15,30.45,0.877,47.8,0.45,-1.59,0.024,FUEL_RESTRICTION
2801.29,0.4012,730.2,290.31,137.15,20.61,50.25,3.88,27.38,0.602,49.4,1.83,0.26,0.011,FUEL_RESTRICTION
3789.72,0.7835,1010.95,455.89,195.68,25.9,50.33,10.93,30.15,0.882,51.37,0.14,0.8,-0.005,FUEL_RESTRICTION
3254.02,0.5718,852.79,356.87,160.93,22.88,49.89,7.77,29.56,0.695,47.02,-6.59,0.03,-0.031,FUEL_RESTRICTION
2688.73,0.3635,722.19,270.73,129.25,19.86,50.37,3.52,27.0,0.502,69.65,-0.79,0.43,-0.055,FUEL_RESTRICTION
3982.42,0.8704,1021.16,494.87,223.67,27.14,15.05,16.14,33.16,2.173,-0.22,2.04,-34.81,1.228,LUBRICATION_ISSUE
2779.58,0.3296,678.81,284.33,126.41,19.8,51.12,8.27,42.53,0.622,42.09,22.29,-0.01,0.039,OVERHEATING
3344.73,0.567,843.03,385.6,163.53,22.76,51.14,11.64,43.47,0.744,35.6,21.14,0.6,-0.009,OVERHEATING
4103.47,0.8271,959.44,481.42,203.14,24.82,51.42,15.65,31.59,1.004,-41.99,0.56,0.59,0.023,EXHAUST_LEAK
4244.06,0.8836,1041.4,506.9,200.5,27.43,52.52,16.26,32.67,1.048,-0.99,1.46,0.56,0.024,NORMAL
3278.14,0.5034,761.33,339.13,153.6,22.38,52.12,10.64,30.38,0.735,-4.61,-0.43,0.87,0.002,NORMAL
2977.86,0.5119,731.38,335.47,150.68,22.28,51.45,10.72,29.75,3.362,-24.64,1.85,2.31,2.719,CYLINDER_MISFIRE
3631.92,0.726,979.35,431.72,183.37,25.25,48.78,8.5,30.48,0.809,62.16,1.4,-0.76,-0.031,FUEL_RESTRICTION
2851.65,0.4091,685.43,288.61,172.63,20.48,22.67,9.09,28.11,1.525,-2.58,-4.2,-27.51,0.92,LUBRICATION_ISSUE
3086.76,0.5191,806.75,341.52,151.66,22.38,50.63,6.24,28.6,0.631,40.97,2.05,0.91,-0.045,FUEL_RESTRICTION
4005.74,0.7889,976.55,464.19,192.6,26.24,50.51,14.86,32.39,1.036,2.93,0.02,-0.32,0.084,NORMAL
3558.81,0.611,798.83,388.33,168.96,21.34,52.01,12.42,29.98,0.857,-45.73,1.59,0.88,0.039,EXHAUST_LEAK
2838.88,0.4321,759.2,296.66,139.85,20.96,47.56,3.89,27.87,0.66,58.02,-4.05,-2.11,0.059,FUEL_RESTRICTION
4339.8,0.9316,1115.73,546.69,202.35,28.11,52.84,16.93,43.46,1.006,39.8,21.13,0.12,-0.046,OVERHEATING
3932.86,0.8348,1042.85,479.23,200.53,26.65,50.65,10.65,32.28,0.902,45.31,0.7,1.12,-0.028,FUEL_RESTRICTION
3297.37,0.5898,816.4,373.42,196.35,23.38,27.56,11.81,30.64,2.43,-2.38,2.15,-22.26,1.691,LUBRICATION_ISSUE
3635.63,0.6626,877.74,407.1,176.26,24.52,49.78,13.04,29.89,0.809,-1.62,-0.51,-0.93,-0.032,NORMAL
3551.12,0.619,802.52,391.86,171.0,20.34,50.17,12.29,30.13,0.799,-46.45,2.47,-0.77,-0.016,EXHAUST_LEAK
4364.86,0.9251,1073.54,520.43,198.37,27.63,50.93,17.43,34.05,1.015,0.26,-3.54,-1.99,-0.045,NORMAL
3456.13,0.5686,817.8,368.04,161.77,22.88,50.81,11.58,29.31,0.793,3.86,-0.33,-0.42,0.006,NORMAL
2752.68,0.308,548.86,252.9,128.56,16.11,53.54,7.95,27.59,0.552,-73.6,-0.58,2.2,-0.024,EXHAUST_LEAK
2734.67,0.3056,676.04,269.38,123.9,19.17,50.7,7.76,41.84,0.552,55.97,17.34,-0.58,-0.018,OVERHEATING
3464.51,0.6519,842.34,401.56,173.5,24.03,49.18,12.62,29.99,3.593,-22.02,2.95,-0.61,2.804,CYLINDER_MISFIRE
3055.91,0.4968,811.29,328.52,149.23,22.28,50.0,6.84,29.48,0.662,60.41,-2.0,0.08,-0.004,FUEL_RESTRICTION
4156.44,0.9071,1048.0,511.17,232.19,27.68,25.57,16.73,32.76,1.878,-4.07,-0.08,-25.68,0.881,LUBRICATION_ISSUE
3190.58,0.4835,749.56,329.52,149.89,21.86,49.81,10.63,29.27,0.741,-0.07,-0.26,-1.23,0.033,NORMAL
4049.29,0.8127,931.58,472.93,196.43,24.6,49.96,15.65,30.66,1.006,-58.49,-1.11,-0.73,0.041,EXHAUST_LEAK
3536.33,0.5861,752.67,379.75,163.77,20.82,50.94,12.14,28.93,0.747,-75.78,2.68,-0.49,-0.064,EXHAUST_LEAK
3696.18,0.6798,895.62,412.71,179.71,24.49,49.16,13.55,28.99,0.782,2.93,-2.91,-1.63,-0.077,NORMAL
3738.03,0.7733,1028.57,447.37,188.25,25.79,50.09,10.4,30.1,0.844,77.66,-3.18,0.72,-0.028,FUEL_RESTRICTION
3152.31,0.5399,858.33,346.57,156.66,22.5,50.32,7.91,28.06,0.7,76.76,-2.37,0.55,0.004,FUEL_RESTRICTION
3243.97,0.5594,796.85,358.76,185.0,22.95,20.81,11.48,28.8,2.064,-0.95,0.08,-29.2,1.341,LUBRICATION_ISSUE
3627.23,0.7502,896.44,435.24,186.22,25.76,48.35,14.25,31.59,4.411,-35.01,-3.63,-0.73,3.572,CYLINDER_MISFIRE
2906.55,0.4513,716.02,311.09,172.61,21.13,29.2,9.73,27.83,2.328,-0.08,1.43,-20.57,1.706,LUBRICATION_ISSUE
2792.91,0.3204,572.96,259.86,124.38,17.86,52.03,8.03,27.19,0.577,-58.94,0.72,0.64,-0.011,EXHAUST_LEAK
3521.77,0.5921,869.86,396.62,167.87,23.29,51.28,11.94,38.53,0.774,38.52,17.81,0.05,-0.033,OVERHEATING
3091.35,0.4594,728.58,320.33,145.76,21.2,51.1,10.05,30.24,0.709,-1.65,2.2,0.27,0.032,NORMAL
3614.09,0.7326,879.59,431.64,183.61,25.36,50.27,14.14,30.93,4.958,-40.66,-0.52,0.96,4.123,CYLINDER_MISFIRE
4239.7,0.9055,1096.34,536.93,199.51,27.61,51.49,16.87,40.68,1.078,41.04,23.75,-0.42,0.056,OVERHEATING
2838.76,0.4126,762.35,292.45,135.65,20.79,49.58,5.45,28.86,0.588,72.83,-1.27,-0.44,-0.013,FUEL_RESTRICTION
2976.61,0.3959,635.15,292.37,135.67,17.47,50.95,9.23,27.12,0.639,-51.25,0.53,-0.27,-0.004,EXHAUST_LEAK
3067.97,0.4172,705.51,304.14,143.15,21.06,51.67,9.46,28.43,0.659,1.79,1.92,0.24,-0.011,NORMAL
2760.83,0.3601,656.62,272.16,152.53,19.96,18.63,8.22,27.6,2.354,2.52,-0.3,-31.83,1.776,LUBRICATION_ISSUE
3312.02,0.6147,789.95,381.33,167.39,23.39,47.85,12.0,29.56,4.713,-44.46,0.69,-1.61,3.969,CYLINDER_MISFIRE
2590.28,0.3125,695.13,252.38,123.28,19.45,53.63,3.02,26.88,0.461,78.11,2.17,3.42,-0.066,FUEL_RESTRICTION
4372.49,0.9273,1076.18,523.8,200.85,28.0,50.92,17.29,32.09,1.119,1.2,-1.19,-2.06,0.057,NORMAL
4268.5,0.898,1080.4,530.64,199.89,27.47,51.9,16.55,40.72,1.074,28.17,19.3,-0.25,0.043,OVERHEATING
3450.85,0.6405,853.14,395.35,189.01,24.35,19.35,12.53,29.9,2.13,-3.68,1.25,-30.55,1.345,LUBRICATION_ISSUE
4098.65,0.9102,1093.62,511.56,201.23,27.56,49.9,12.15,32.52,1.039,42.55,0.92,-0.89,0.059,FUEL_RESTRICTION
3345.47,0.5223,787.26,347.65,153.98,22.57,52.38,11.0,28.69,0.725,6.63,-0.73,1.04,-0.029,NORMAL
4043.32,0.9119,1102.03,508.39,201.41,27.99,49.32,11.1,31.85,1.008,52.73,-1.19,-1.02,0.045,FUEL_RESTRICTION
3148.24,0.4676,690.48,321.78,147.02,17.84,52.08,10.26,28.73,0.646,-47.52,-1.02,1.03,-0.049,EXHAUST_LEAK
3705.97,0.6877,901.47,418.2,179.08,24.47,49.48,13.68,31.84,0.822,3.55,-0.56,-1.23,-0.039,NORMAL
3631.92,0.7151,986.87,420.26,181.24,24.97,51.59,8.82,30.2,0.873,76.21,-6.13,1.86,0.033,FUEL_RESTRICTION
3742.14,0.7998,922.08,463.62,192.11,25.96,48.44,14.91,31.6,4.172,-44.89,3.44,-0.49,3.3,CYLINDER_MISFIRE
3112.85,0.4163,642.91,305.55,139.0,18.96,51.4,9.46,27.9,0.678,-62.51,2.3,-0.34,-0.005,EXHAUST_LEAK
4279.23,0.934,1076.96,523.48,200.29,28.28,51.57,16.91,33.68,1.08,2.59,-1.14,-0.66,0.047,NORMAL
3852.03,0.7546,878.0,448.35,191.34,23.28,49.22,14.42,31.3,0.899,-67.37,1.13,-1.23,-0.007,EXHAUST_LEAK
4268.93,0.8829,1042.24,505.02,199.29,27.2,51.48,16.29,31.91,1.033,-0.96,-0.89,-0.67,0.002,NORMAL
2822.98,0.4411,658.95,302.19,142.6,21.32,49.02,9.62,27.46,3.455,-46.87,-1.3,-0.39,2.858,CYLINDER_MISFIRE
3669.38,0.7511,887.58,440.39,188.46,25.44,50.51,14.0,30.52,4.285,-46.56,-0.09,1.18,3.434,CYLINDER_MISFIRE
3898.87,0.7531,874.59,450.76,188.32,23.47,49.96,14.73,31.53,0.991,-72.23,2.66,-0.83,0.072,EXHAUST_LEAK
3940.45,0.7872,930.09,461.88,190.46,23.39,51.03,15.02,30.79,1.031,-39.28,0.26,0.59,0.099,EXHAUST_LEAK
3186.12,0.5739,762.53,360.32,159.73,23.46,49.16,11.49,30.27,3.805,-41.09,-1.86,-0.22,3.099,CYLINDER_MISFIRE
3286.13,0.5661,803.27,364.9,180.4,22.83,29.26,11.8,29.36,1.887,-0.72,2.51,-20.91,1.151,LUBRICATION_ISSUE
3588.01,0.6382,894.52,416.13,172.34,23.56,52.66,12.62,39.78,0.813,32.2,18.74,1.82,-0.013,OVERHEATING
2993.96,0.4727,699.42,319.3,147.37,21.51,50.85,10.21,28.88,3.849,-33.88,-0.68,0.9,3.2,CYLINDER_MISFIRE
3462.11,0.6421,919.14,395.92,170.84,23.61,47.75,9.01,29.95,0.741,60.77,0.9,-2.19,-0.047,FUEL_RESTRICTION
3525.22,0.6837,936.03,412.7,176.84,24.85,49.91,9.94,31.38,0.831,49.57,0.83,0.3,0.024,FUEL_RESTRICTION
3327.26,0.5371,795.14,354.38,156.35,22.11,51.93,11.19,29.17,0.779,6.49,1.2,0.97,0.031,NORMAL
3644.79,0.6868,894.28,416.08,178.9,24.73,48.91,13.6,31.07,0.872,-0.06,-0.53,-1.42,0.029,NORMAL
2824.62,0.332,569.19,264.34,130.32,17.35,50.9,7.97,26.87,0.614,-71.23,0.09,-0.48,0.017,EXHAUST_LEAK
4109.97,0.845,1056.95,505.26,199.92,26.78,50.82,15.75,45.15,0.899,44.48,17.77,-0.06,-0.084,OVERHEATING
3444.43,0.673,855.54,407.1,174.79,24.27,49.13,13.08,30.16,3.802,-20.51,1.47,-0.15,3.019,CYLINDER_MISFIRE
3896.81,0.7553,904.35,446.85,188.59,21.77,50.71,14.49,31.49,1.012,-43.67,-1.96,-0.02,0.093,EXHAUST_LEAK
4192.42,0.8726,966.35,498.21,200.54,25.14,52.73,16.36,31.6,1.043,-66.85,-1.71,1.19,0.036,EXHAUST_LEAK
3280.12,0.5216,776.46,347.73,156.06,22.16,51.21,10.72,29.66,0.746,-0.52,1.54,0.27,0.012,NORMAL
3025.27,0.425,633.96,302.87,139.95,17.83,49.63,9.52,26.56,0.708,-72.31,-0.89,-1.38,0.05,EXHAUST_LEAK
3394.63,0.6343,809.27,390.66,171.02,23.51,48.51,12.54,28.95,3.523,-41.06,0.47,-1.14,2.755,CYLINDER_MISFIRE
2936.66,0.3663,592.54,278.46,130.33,16.53,49.15,8.83,27.48,0.626,-74.1,-1.52,-2.35,-0.005,EXHAUST_LEAK
2655.08,0.3664,599.3,273.21,130.19,20.11,48.31,8.67,27.97,3.343,-53.27,1.67,-1.35,2.796,CYLINDER_MISFIRE
2766.69,0.3644,655.21,270.32,157.46,20.43,25.85,8.63,27.02,1.934,-1.77,-3.87,-24.58,1.354,LUBRICATION_ISSUE
3544.93,0.682,954.17,409.99,175.58,24.64,52.07,8.7,29.67,0.826,67.73,-1.87,2.3,0.012,FUEL_RESTRICTION
4265.02,0.9031,1006.65,514.37,200.42,26.12,50.74,17.14,32.65,1.055,-48.45,1.31,-1.38,0.025,EXHAUST_LEAK
3508.76,0.5959,878.37,406.72,167.27,23.25,50.41,12.1,36.84,0.804,45.41,26.95,-0.67,0.002,OVERHEATING
3303.08,0.5262,785.7,347.87,158.0,22.67,52.2,11.02,29.53,0.74,4.85,-0.64,1.2,-0.001,NORMAL
3668.88,0.7335,962.82,433.74,185.37,25.51,48.7,10.68,30.67,0.84,39.3,-0.37,-0.94,-0.011,FUEL_RESTRICTION
3463.11,0.6786,848.64,410.97,177.33,24.29,50.69,13.13,31.48,3.657,-31.67,2.78,1.39,2.868,CYLINDER_MISFIRE
3909.16,0.758,879.73,446.48,190.1,21.96,50.85,14.69,31.28,0.9,-70.51,-3.66,0.08,-0.023,EXHAUST_LEAK
4017.12,0.8801,1069.3,492.59,199.53,27.26,48.86,11.86,30.71,0.971,40.4,-4.74,-1.28,0.015,FUEL_RESTRICTION
3371.32,0.6306,920.1,384.74,169.15,23.97,50.13,7.3,29.69,0.711,73.17,-3.42,0.57,-0.05,FUEL_RESTRICTION
3265.5,0.5999,878.63,374.2,166.55,23.14,49.98,7.69,28.82,0.706,55.39,0.26,0.56,-0.024,FUEL_RESTRICTION
3509.61,0.6073,842.0,385.33,167.39,23.52,52.61,12.25,29.52,0.757,2.12,1.4,1.73,-0.046,NORMAL
2849.78,0.3218,636.77,260.65,128.36,19.76,51.2,8.01,27.13,0.643,1.21,-0.7,-0.53,0.039,NORMAL
4104.67,0.8467,1057.11,506.45,199.5,26.78,50.07,15.91,49.48,1.001,43.88,18.51,-0.76,0.02,OVERHEATING
3073.9,0.5414,750.72,343.43,155.34,22.6,49.82,11.36,27.76,3.481,-27.81,-3.69,0.59,2.808,CYLINDER_MISFIRE
3686.11,0.7173,917.44,426.18,211.89,25.11,21.86,13.94,29.03,2.212,2.78,-2.62,-28.19,1.356,LUBRICATION_ISSUE
3581.48,0.6347,888.34,414.39,171.82,24.19,52.69,12.84,37.74,0.8,28.44,18.45,1.84,-0.024,OVERHEATING
3880.5,0.76,950.29,452.97,188.29,25.6,49.68,14.3,31.01,0.909,0.27,2.96,-0.86,-0.005,NORMAL
2806.92,0.311,629.13,256.4,126.9,19.46,51.68,7.85,27.42,0.465,2.17,0.22,0.03,-0.127,NORMAL
3070.21,0.5157,831.36,334.26,151.93,22.09,46.92,5.79,29.34,0.701,68.42,-3.5,-2.75,0.03,FUEL_RESTRICTION
2739.27,0.3081,558.65,251.78,124.06,16.47,50.97,7.91,28.4,0.565,-63.15,-1.3,-0.29,-0.006,EXHAUST_LEAK
2768.39,0.3011,659.87,275.7,122.73,19.27,49.87,7.75,38.33,0.62,40.79,24.25,-1.71,0.039,OVERHEATING
3943.52,0.769,962.98,454.41,193.54,25.78,48.96,15.02,32.97,0.958,4.41,-0.73,-1.83,0.025,NORMAL
2907.12,0.3652,695.96,303.39,132.2,20.12,49.72,8.92,40.26,0.679,31.49,24.7,-1.6,0.057,OVERHEATING
3040.5,0.476,817.4,323.94,145.29,21.68,51.89,5.46,26.72,0.619,79.79,1.37,1.7,-0.043,FUEL_RESTRICTION
4147.78,0.9334,1066.21,517.72,229.55,28.74,23.55,17.08,32.03,2.571,-1.23,-2.74,-27.63,1.576,LUBRICATION_ISSUE
3148.15,0.5341,846.28,343.33,155.52,22.35,48.04,6.54,29.81,0.672,68.44,-3.38,-1.81,-0.022,FUEL_RESTRICTION
2751.03,0.4024,719.6,286.8,137.29,21.03,49.44,4.84,27.23,0.572,40.62,-0.59,-0.2,-0.004,FUEL_RESTRICTION
3723.85,0.6843,942.84,445.04,181.57,24.06,51.02,13.22,41.91,0.848,46.1,26.99,0.13,-0.019,OVERHEATING
3609.81,0.7388,887.79,436.66,185.07,25.57,48.8,14.12,31.34,5.064,-36.0,2.38,-0.37,4.231,CYLINDER_MISFIRE
3356.76,0.6115,836.76,379.01,201.99,23.67,20.73,12.07,30.45,1.642,2.03,-1.82,-29.08,0.885,LUBRICATION_ISSUE
4317.1,0.9121,1066.6,520.23,197.4,27.81,53.45,16.98,32.81,1.047,3.47,2.35,0.91,0.002,NORMAL
2876.06,0.3523,692.1,287.05,129.42,20.01,52.04,8.36,41.15,0.6,36.9,13.93,0.69,-0.013,OVERHEATING
3807.59,0.7844,961.24,459.06,220.76,26.29,29.97,14.9,30.87,2.235,0.21,2.45,-19.67,1.343,LUBRICATION_ISSUE
2874.71,0.4543,687.93,309.19,144.61,21.69,50.95,9.74,27.75,4.692,-28.38,-0.6,1.45,4.08,CYLINDER_MISFIRE
3287.86,0.4934,762.31,336.92,153.44,21.78,52.06,10.62,28.93,0.769,1.87,0.66,0.57,0.033,NORMAL
3714.65,0.7499,973.74,444.79,188.25,25.86,51.66,11.06,30.61,0.775,38.07,3.39,2.01,-0.089,FUEL_RESTRICTION
2991.6,0.3708,605.29,286.21,134.65,17.75,51.76,8.95,27.8,0.671,-66.78,2.97,-0.01,0.024,EXHAUST_LEAK
3658.58,0.7356,923.34,435.94,214.74,25.53,23.3,14.38,30.94,2.053,-0.93,1.38,-26.24,1.206,LUBRICATION_ISSUE
4223.13,0.8938,968.08,507.47,201.63,23.74,52.12,16.53,32.3,0.988,-79.34,-0.99,0.34,-0.029,EXHAUST_LEAK
2818.18,0.3279,678.01,292.21,129.23,19.56,51.6,8.1,38.91,0.569,40.37,29.62,0.18,-0.027,OVERHEATING
2727.28,0.3964,636.4,285.71,133.85,20.58,50.68,8.73,26.84,3.103,-37.82,1.18,1.09,2.535,CYLINDER_MISFIRE
2677.12,0.3498,711.33,267.89,127.18,19.77,50.58,3.47,27.73,0.457,67.62,1.67,0.48,-0.096,FUEL_RESTRICTION
3187.05,0.4811,679.67,328.07,150.14,18.6,49.1,10.55,28.63,0.716,-68.36,-0.75,-1.95,0.01,EXHAUST_LEAK
2824.23,0.4384,662.59,301.93,143.52,21.28,49.32,9.45,28.5,4.841,-41.69,-0.64,-0.15,4.243,CYLINDER_MISFIRE
3112.77,0.4427,643.21,310.13,145.39,18.45,50.7,10.04,27.94,0.666,-78.06,-2.63,-0.56,-0.017,EXHAUST_LEAK
3786.85,0.7701,951.55,453.71,220.82,26.07,24.15,14.6,31.32,2.026,0.15,2.88,-25.61,1.14,LUBRICATION_ISSUE
4088.52,0.939,1024.74,518.0,198.92,27.86,50.19,16.92,31.89,3.688,-43.07,-2.69,-0.52,2.712,CYLINDER_MISFIRE
4316.82,0.9278,1100.39,551.83,200.9,27.91,53.26,17.29,46.42,1.044,27.86,28.31,0.73,-0.001,OVERHEATING
3202.37,0.5246,781.14,345.54,178.19,22.38,31.82,11.32,29.05,2.302,6.23,0.59,-18.55,1.591,LUBRICATION_ISSUE
2815.65,0.3173,635.36,261.81,127.01,19.23,52.35,7.85,27.26,0.61,4.2,3.11,0.76,0.015,NORMAL
3878.07,0.7576,948.07,450.27,189.02,26.02,49.6,14.86,31.09,0.858,-0.37,1.21,-0.98,-0.055,NORMAL
3670.37,0.7389,1003.41,435.31,183.22,25.49,49.4,9.55,29.89,0.908,76.55,-0.8,-0.16,0.057,FUEL_RESTRICTION
3707.35,0.7778,927.99,453.1,189.56,25.84,49.39,14.57,30.3,5.254,-24.06,1.87,0.3,4.392,CYLINDER_MISFIRE
3330.23,0.5858,823.74,372.51,192.35,23.33,24.81,11.85,29.63,1.9,5.77,1.73,-25.3,1.151,LUBRICATION_ISSUE
3929.63,0.8528,1054.89,486.8,200.48,26.85,48.48,9.67,32.46,0.967,46.75,1.91,-0.95,0.038,FUEL_RESTRICTION
3007.22,0.4768,782.35,324.52,147.54,21.62,51.47,5.84,29.09,0.65,45.89,2.65,1.5,-0.003,FUEL_RESTRICTION
3169.16,0.4578,774.23,348.15,145.5,21.34,49.8,10.35,47.73,0.719,41.11,28.28,-1.56,0.018,OVERHEATING
3208.08,0.5712,866.35,361.93,161.06,22.9,48.45,5.99,28.54,0.658,63.24,0.07,-1.12,-0.055,FUEL_RESTRICTION
3877.32,0.8471,960.1,480.25,199.69,27.1,50.15,15.74,31.86,3.603,-42.03,-1.03,1.13,2.69,CYLINDER_MISFIRE
4334.38,0.9304,1075.82,520.09,198.65,28.0,52.61,17.2,32.69,1.111,0.84,-4.9,-0.07,0.061,NORMAL
4041.04,0.8635,1017.92,491.84,228.53,26.79,25.18,15.98,31.22,2.556,-2.24,-0.26,-25.15,1.594,LUBRICATION_ISSUE
3499.72,0.6133,771.88,384.35,168.01,20.97,49.7,12.48,30.12,0.77,-71.07,-1.42,-1.01,-0.03,EXHAUST_LEAK
3748.41,0.7737,953.8,450.57,218.19,25.93,17.3,14.56,32.36,1.769,2.18,-0.4,-32.14,0.895,LUBRICATION_ISSUE
3794.48,0.7234,925.36,437.51,187.11,24.93,51.25,14.01,31.43,0.904,1.58,3.24,0.61,0.015,NORMAL
2993.74,0.5107,723.15,332.81,148.77,21.81,49.2,10.59,29.07,3.703,-32.94,-0.84,-0.07,3.055,CYLINDER_MISFIRE
2957.72,0.468,680.3,314.27,150.07,21.29,48.96,9.67,26.56,4.282,-48.37,-2.93,-0.84,3.644,CYLINDER_MISFIRE
3371.23,0.6128,831.49,381.28,200.24,23.45,21.44,12.19,30.01,1.863,-4.74,-0.46,-28.44,1.102,LUBRICATION_ISSUE
3498.11,0.6105,756.89,383.81,170.13,21.78,50.19,12.48,30.33,0.768,-84.35,-0.93,-0.56,-0.031,EXHAUST_LEAK
3106.47,0.4767,738.17,327.6,171.26,21.84,17.56,9.93,28.8,2.085,-3.17,2.8,-33.05,1.403,LUBRICATION_ISSUE
4140.51,0.8779,1039.58,502.29,199.02,27.3,51.07,16.08,31.27,0.97,5.85,2.05,-0.06,-0.022,NORMAL
3183.31,0.5392,783.45,351.75,180.1,22.66,31.31,11.32,29.06,1.811,0.78,2.16,-18.67,1.106,LUBRICATION_ISSUE
3532.27,0.6534,867.64,401.68,208.3,24.15,24.27,12.76,29.14,2.272,-1.01,0.5,-25.93,1.462,LUBRICATION_ISSUE
4166.86,0.8785,1081.95,517.52,197.74,27.1,53.8,16.42,44.14,1.017,46.52,16.27,2.46,0.017,OVERHEATING
3766.02,0.7092,869.74,425.46,182.57,21.14,52.62,13.77,31.49,0.876,-44.08,-2.83,1.91,-0.004,EXHAUST_LEAK
3302.56,0.5203,824.51,375.0,157.47,22.42,50.01,11.03,44.84,0.774,47.22,28.63,-1.1,0.033,OVERHEATING
4006.21,0.811,991.26,472.04,198.07,26.51,49.24,15.37,32.54,1.025,4.33,-0.12,-1.2,0.073,NORMAL
4117.69,0.9216,1123.0,515.42,200.61,28.07,50.03,12.59,33.43,0.913,64.14,0.1,-0.91,-0.072,FUEL_RESTRICTION
3741.76,0.7376,936.86,439.46,211.5,25.34,19.66,14.14,31.01,2.522,7.2,1.66,-30.38,1.65,LUBRICATION_ISSUE
3768.74,0.7702,1002.95,452.75,190.76,25.75,48.96,8.87,32.45,0.799,52.41,2.43,-0.67,-0.081,FUEL_RESTRICTION
2975.34,0.4466,717.99,308.72,176.77,21.15,31.51,9.41,28.7,1.853,1.25,-1.33,-18.79,1.21,LUBRICATION_ISSUE
2814.14,0.3272,591.64,263.62,126.53,17.54,50.98,8.34,28.05,0.552,-45.4,1.39,-0.42,-0.042,EXHAUST_LEAK
2866.69,0.3563,610.87,271.59,130.97,16.6,49.88,8.56,27.42,0.666,-46.27,-2.69,-1.34,0.056,EXHAUST_LEAK
3300.48,0.522,718.37,346.79,157.32,20.57,49.53,10.88,28.99,0.759,-59.87,-0.14,-1.53,0.019,EXHAUST_LEAK
3153.54,0.5376,779.31,346.24,184.48,22.91,19.42,11.42,28.5,2.112,-0.9,-1.88,-30.41,1.416,LUBRICATION_ISSUE
3737.45,0.7668,1004.97,449.53,188.61,25.31,48.49,10.32,30.77,0.854,57.99,1.34,-1.0,-0.018,FUEL_RESTRICTION
4157.23,0.908,1049.8,513.08,234.12,27.56,24.35,16.86,31.79,2.288,-2.85,1.49,-26.91,1.291,LUBRICATION_ISSUE
4144.73,0.9137,1055.65,512.41,225.27,28.33,29.96,16.73,31.78,1.991,0.2,-0.86,-21.19,0.998,LUBRICATION_ISSUE
3885.18,0.789,969.31,462.47,215.15,26.14,21.42,15.07,31.13,2.592,1.68,1.89,-28.64,1.676,LUBRICATION_ISSUE
3531.92,0.6914,929.9,413.15,179.02,24.62,49.95,9.15,30.8,0.726,38.47,-1.71,0.44,-0.084,FUEL_RESTRICTION
4040.29,0.8425,1050.32,499.11,198.3,26.89,50.49,15.75,50.77,0.924,42.83,14.61,0.17,-0.038,OVERHEATING
2900.1,0.4448,662.87,305.51,140.66,21.11,49.39,9.85,28.91,4.749,-49.0,-1.61,-0.46,4.129,CYLINDER_MISFIRE
3018.85,0.5169,723.18,337.21,151.06,22.34,48.72,10.71,29.51,3.688,-37.9,0.56,-0.6,3.032,CYLINDER_MISFIRE
4289.02,0.9156,1099.62,535.12,200.05,28.04,52.18,16.94,43.1,1.054,35.79,16.82,-0.14,0.017,OVERHEATING
2966.73,0.4796,703.76,324.87,148.07,21.82,50.64,10.13,27.84,4.74,-32.35,3.21,0.99,4.1,CYLINDER_MISFIRE
4214.62,0.8993,1101.03,534.88,202.09,27.76,50.51,16.59,40.75,0.989,50.74,24.71,-1.21,-0.025,OVERHEATING
3882.32,0.8592,979.09,486.46,200.83,26.78,49.59,15.97,32.26,3.442,-30.55,0.68,0.53,2.527,CYLINDER_MISFIRE
3110.51,0.4329,650.19,308.92,142.85,17.83,50.62,9.51,26.44,0.736,-65.06,-0.23,-0.8,0.053,EXHAUST_LEAK
3754.67,0.7723,1005.7,449.94,189.54,25.86,49.93,10.48,30.57,0.913,54.57,-0.74,0.42,0.036,FUEL_RESTRICTION
2880.19,0.3995,756.03,295.69,138.42,20.3,49.16,5.71,27.6,0.624,72.33,5.46,-1.37,0.01,FUEL_RESTRICTION
2914.93,0.4519,674.75,314.08,143.99,21.44,48.63,9.76,28.54,4.86,-42.16,3.93,-1.18,4.235,CYLINDER_MISFIRE
4124.78,0.828,928.67,479.96,201.89,25.14,51.57,15.44,32.82,1.027,-74.39,-1.87,0.57,0.04,EXHAUST_LEAK
3373.04,0.567,846.88,395.31,159.73,22.95,50.27,11.8,37.4,0.779,38.03,30.0,-0.45,0.017,OVERHEATING
4332.71,0.937,1083.63,528.77,200.01,28.07,52.75,17.17,30.81,1.131,4.79,1.47,0.09,0.082,NORMAL
2914.65,0.4282,776.65,298.3,139.46,20.98,52.65,3.82,28.55,0.692,73.99,-3.29,2.41,0.068,FUEL_RESTRICTION
2870.88,0.3583,702.86,304.09,131.58,20.07,51.53,8.33,39.9,0.616,44.35,28.99,0.32,0.005,OVERHEATING
2800.67,0.315,626.79,251.14,127.0,19.51,53.16,7.62,27.0,0.595,-2.25,-6.28,1.62,0.005,NORMAL
2895.97,0.3723,607.29,280.99,134.94,17.04,51.26,8.45,28.71,0.669,-60.91,0.07,0.14,0.051,EXHAUST_LEAK
3714.33,0.6977,836.84,419.53,179.93,20.64,49.66,13.87,30.46,0.838,-67.5,-3.08,-0.93,-0.026,EXHAUST_LEAK
3533.95,0.6815,952.51,410.98,177.41,24.66,49.11,9.3,29.43,0.86,66.9,-0.38,-0.59,0.049,FUEL_RESTRICTION
3659.86,0.6501,799.31,403.11,177.4,22.26,49.89,13.1,31.33,0.92,-73.76,-0.73,-1.19,0.072,EXHAUST_LEAK
3486.37,0.6201,847.54,388.14,194.5,23.59,21.72,12.49,30.21,2.519,1.14,0.29,-28.78,1.723,LUBRICATION_ISSUE
2810.89,0.3331,637.69,261.94,128.31,19.56,51.86,7.91,26.77,0.595,-2.69,-2.29,0.59,0.002,NORMAL
3057.38,0.4601,802.29,313.42,148.23,21.46,52.32,6.5,29.85,0.648,73.39,-3.93,1.73,-0.019,FUEL_RESTRICTION
3726.56,0.6773,893.43,417.39,176.36,24.3,52.49,13.47,29.92,0.916,0.74,1.77,1.46,0.048,NORMAL
3107.31,0.4198,703.94,306.18,143.19,20.41,50.9,9.78,27.31,0.73,-3.31,1.83,-0.74,0.048,NORMAL
3167.53,0.55,860.89,351.52,160.42,22.62,49.53,7.78,28.47,0.609,72.51,-1.52,-0.16,-0.091,FUEL_RESTRICTION
4168.51,0.8717,1033.0,499.51,199.95,27.19,50.47,16.28,32.68,0.962,1.53,0.63,-0.88,-0.039,NORMAL
3322.92,0.6097,893.32,377.38,166.5,23.51,52.76,8.36,29.98,0.631,61.33,-1.81,3.13,-0.116,FUEL_RESTRICTION
3367.15,0.5431,732.55,356.3,156.68,19.26,50.64,11.49,29.28,0.686,-61.66,-0.22,-0.47,-0.074,EXHAUST_LEAK
4000.45,0.8708,1020.91,493.05,221.32,27.21,19.86,16.11,31.07,2.072,-1.6,-0.46,-30.14,1.122,LUBRICATION_ISSUE
3297.02,0.6444,821.26,391.81,169.54,23.88,48.57,12.68,29.23,5.0,-30.25,0.9,-0.26,4.26,CYLINDER_MISFIRE
3772.5,0.7005,945.37,456.32,182.74,24.98,52.96,13.91,48.48,0.918,36.43,30.96,2.05,0.036,OVERHEATING
4026.35,0.9127,1016.18,512.93,197.49,27.66,51.07,16.69,32.5,4.455,-32.73,3.59,0.86,3.497,CYLINDER_MISFIRE
3769.86,0.7795,1002.15,453.04,192.55,26.22,47.59,10.06,31.53,0.911,45.96,-0.68,-1.88,0.03,FUEL_RESTRICTION
3230.15,0.5959,780.55,373.0,162.16,23.35,48.19,11.82,29.69,4.339,-38.52,1.56,-1.08,3.62,CYLINDER_MISFIRE
3705.3,0.672,825.47,414.21,179.21,22.63,51.11,13.25,29.25,0.812,-63.0,1.13,0.13,-0.05,EXHAUST_LEAK
4172.3,0.8584,960.23,493.41,199.33,23.32,50.45,16.09,31.48,0.962,-63.44,-0.79,-0.92,-0.04,EXHAUST_LEAK
2832.88,0.3292,636.65,266.01,129.01,19.6,50.99,7.84,26.78,0.676,-2.54,2.5,-0.5,0.076,NORMAL
2790.61,0.3971,680.31,284.99,155.83,20.82,33.33,8.7,28.2,2.092,2.51,-1.69,-16.66,1.504,LUBRICATION_ISSUE
3506.32,0.7037,870.74,419.02,180.82,24.73,47.63,13.47,30.47,5.059,-26.79,0.51,-1.49,4.257,CYLINDER_MISFIRE
3560.97,0.6833,954.52,409.15,174.66,24.47,50.42,9.51,30.31,0.759,66.46,-3.69,0.57,-0.059,FUEL_RESTRICTION
2817.84,0.3296,639.16,264.12,128.11,19.67,51.17,8.15,27.47,0.523,0.52,0.94,-0.22,-0.072,NORMAL
3078.19,0.4203,639.91,302.74,137.34,17.88,51.59,9.52,28.6,0.691,-66.19,-0.92,0.15,0.018,EXHAUST_LEAK
2980.74,0.4029,643.09,296.71,136.14,17.56,50.69,9.34,28.52,0.628,-47.7,2.24,-0.43,-0.017,EXHAUST_LEAK
3448.29,0.674,851.24,403.61,173.77,24.69,51.21,13.07,30.7,3.498,-25.59,-2.48,1.93,2.713,CYLINDER_MISFIRE
3184.85,0.4876,752.61,336.65,147.95,21.8,50.44,10.39,29.51,0.75,0.8,5.57,-0.49,0.044,NORMAL
3227.32,0.5602,862.18,358.42,160.22,22.84,49.52,5.7,28.73,0.758,64.69,-0.08,-0.38,0.04,FUEL_RESTRICTION
3716.81,0.6827,830.03,419.18,178.78,20.74,50.86,13.47,29.75,0.818,-65.46,1.89,-0.01,-0.047,EXHAUST_LEAK
3805.32,0.6968,953.08,445.58,180.74,24.97,49.54,13.53,47.05,0.891,44.76,20.59,-1.65,-0.0,OVERHEATING
3438.45,0.5532,842.49,380.62,163.98,23.03,50.5,11.53,43.85,0.816,38.65,18.32,-0.89,0.035,OVERHEATING
3078.48,0.4865,791.69,327.75,149.27,21.74,50.14,6.74,29.65,0.576,45.87,0.25,-0.11,-0.098,FUEL_RESTRICTION
3503.13,0.6023,779.83,383.63,166.01,20.46,49.77,12.39,30.49,0.777,-56.71,1.71,-1.16,-0.024,EXHAUST_LEAK
3248.4,0.4817,752.61,330.6,150.66,21.66,49.0,10.32,28.84,0.687,1.15,-0.27,-2.44,-0.038,NORMAL
4049.84,0.8285,930.4,482.84,200.5,23.37,49.78,15.77,31.29,0.975,-69.18,3.09,-0.63,0.01,EXHAUST_LEAK
2659.03,0.3128,619.69,253.55,143.85,19.18,30.8,7.76,28.03,1.768,-0.94,1.17,-19.85,1.221,LUBRICATION_ISSUE
3937.91,0.8743,975.26,492.66,201.95,27.41,49.34,16.17,32.05,3.717,-46.23,-0.24,-0.16,2.786,CYLINDER_MISFIRE
3681.07,0.6612,836.64,409.51,174.31,20.83,51.6,13.25,30.47,0.892,-44.12,1.05,0.58,0.038,EXHAUST_LEAK
2847.91,0.3575,659.28,274.47,129.55,19.85,51.15,8.66,29.04,0.599,2.36,0.32,0.07,-0.005,NORMAL
3363.93,0.6416,824.51,393.76,170.23,23.88,49.2,12.76,30.63,4.006,-28.66,1.86,-0.11,3.247,CYLINDER_MISFIRE
3686.62,0.6797,839.6,417.45,178.06,21.86,50.98,13.52,31.15,0.838,-52.57,2.15,0.25,-0.018,EXHAUST_LEAK
3883.45,0.7337,935.83,441.37,187.47,24.89,50.7,14.38,30.83,0.859,1.45,0.74,-0.33,-0.056,NORMAL
2602.74,0.3282,591.78,256.48,125.23,19.41,50.22,8.03,27.7,4.079,-35.3,0.24,0.21,3.548,CYLINDER_MISFIRE
4182.27,0.9433,1131.59,526.05,199.45,28.0,50.6,13.6,31.72,0.966,56.49,1.0,-0.86,-0.039,FUEL_RESTRICTION
3292.38,0.6284,808.1,384.37,168.84,24.15,49.48,12.2,30.38,3.667,-33.55,-0.62,0.39,2.929,CYLINDER_MISFIRE
2888.74,0.4051,688.71,290.85,157.88,20.29,28.6,8.96,27.34,1.635,1.2,-1.66,-21.88,1.018,LUBRICATION_ISSUE
3060.53,0.4794,745.76,327.24,180.29,21.83,28.01,10.12,28.37,1.772,5.08,2.83,-22.25,1.104,LUBRICATION_ISSUE
3769.21,0.7551,942.16,445.02,222.19,25.55,21.36,14.32,31.94,2.261,0.63,0.1,-28.55,1.38,LUBRICATION_ISSUE
4091.59,0.8344,955.89,484.01,201.53,23.01,51.14,15.93,31.35,0.992,-49.32,0.88,0.41,0.014,EXHAUST_LEAK
3807.83,0.7192,925.08,432.24,185.39,24.51,52.12,14.0,30.55,0.932,3.17,-0.9,1.32,0.039,NORMAL
3535.13,0.6301,856.12,393.68,171.0,24.0,49.83,12.66,28.79,0.827,1.29,0.78,-0.81,0.016,NORMAL
3508.6,0.6894,846.58,415.8,175.69,24.81,49.46,13.2,30.87,5.154,-42.49,2.36,0.06,4.351,CYLINDER_MISFIRE
2716.11,0.3674,652.63,278.54,165.17,20.33,23.23,8.62,26.53,1.845,-3.59,4.81,-26.82,1.28,LUBRICATION_ISSUE
4279.78,0.9296,1072.69,523.48,201.69,28.15,52.47,17.33,32.77,1.086,0.94,0.43,0.23,0.052,NORMAL
2856.54,0.3368,593.79,269.19,127.26,16.32,52.01,8.43,27.58,0.58,-51.15,2.23,0.51,-0.027,EXHAUST_LEAK
2959.12,0.3888,712.57,317.83,135.24,20.49,50.58,8.91,40.6,0.658,31.31,29.07,-0.66,0.02,OVERHEATING
3709.34,0.7601,1017.59,445.02,186.44,25.73,52.33,10.18,29.53,0.845,76.07,0.11,2.9,-0.018,FUEL_RESTRICTION
3631.48,0.7285,979.65,430.29,181.63,25.21,51.67,9.12,30.26,0.83,60.97,-0.92,2.18,-0.01,FUEL_RESTRICTION
2938.59,0.3709,702.85,300.99,133.71,20.16,52.55,8.84,45.99,0.63,33.41,19.33,1.12,-0.001,OVERHEATING
4178.14,0.8741,1028.0,497.32,198.94,27.63,50.79,16.33,32.31,1.009,-5.38,-2.71,-0.63,0.005,NORMAL
4211.24,0.8762,993.48,499.96,199.31,25.05,51.39,16.37,31.95,0.978,-42.83,-1.83,-0.3,-0.036,EXHAUST_LEAK
3698.04,0.7361,1007.18,439.24,182.05,24.94,51.86,8.96,30.98,0.929,80.64,3.31,2.07,0.07,FUEL_RESTRICTION
3388.33,0.5523,798.68,357.04,157.79,22.64,51.32,11.7,29.81,0.751,-2.11,-3.43,0.23,-0.015,NORMAL
3504.31,0.6045,764.78,383.22,167.01,19.33,50.21,12.3,30.5,0.741,-73.11,0.49,-0.69,-0.06,EXHAUST_LEAK
4308.76,0.9291,1075.43,524.17,197.93,28.21,52.32,17.08,32.08,1.028,2.54,0.44,-0.15,-0.015,NORMAL
2752.69,0.4064,663.83,287.89,138.56,21.27,49.18,8.8,28.27,3.804,-17.64,-0.99,-0.4,3.229,CYLINDER_MISFIRE
4086.57,0.8925,1041.11,502.06,233.32,27.6,18.43,16.46,31.46,2.566,1.28,-1.84,-32.26,1.59,LUBRICATION_ISSUE
3773.45,0.7794,957.75,455.6,213.27,25.87,19.43,14.75,31.25,1.843,1.43,1.8,-30.07,0.961,LUBRICATION_ISSUE
3910.95,0.8369,1045.9,478.08,197.84,26.88,48.92,11.83,32.65,0.881,48.2,-0.54,-0.43,-0.042,FUEL_RESTRICTION
3047.36,0.5166,724.63,339.29,153.27,22.33,50.47,10.75,29.04,5.003,-37.69,1.89,0.96,4.339,CYLINDER_MISFIRE
3286.06,0.6344,809.23,385.41,168.46,23.86,48.01,12.51,30.8,4.987,-35.74,-1.57,-0.93,4.252,CYLINDER_MISFIRE
2838.37,0.3439,574.55,268.76,127.17,16.2,51.28,8.37,27.35,0.603,-73.69,-0.19,0.02,0.001,EXHAUST_LEAK
3882.41,0.793,1015.38,458.3,191.73,26.35,49.57,11.87,31.14,0.852,45.45,-3.66,-0.39,-0.063,FUEL_RESTRICTION
3093.09,0.4218,745.66,319.77,140.95,20.54,52.35,9.81,38.69,0.673,37.95,15.15,0.84,-0.005,OVERHEATING
2767.25,0.3689,709.54,277.13,133.39,20.06,49.03,3.24,28.3,0.629,49.84,1.31,-1.32,0.049,FUEL_RESTRICTION
3283.87,0.5936,870.94,376.99,165.45,23.41,51.1,7.05,30.17,0.793,50.59,4.78,1.44,0.058,FUEL_RESTRICTION
3228.69,0.5694,848.72,365.04,161.1,22.83,49.83,7.97,30.11,0.624,45.64,3.19,0.09,-0.094,FUEL_RESTRICTION
2583.4,0.3239,575.49,256.76,122.91,19.38,48.94,7.83,26.4,3.102,-48.04,2.64,-1.02,2.577,CYLINDER_MISFIRE
3963.26,0.8833,997.03,500.38,201.81,27.19,49.29,16.18,32.72,4.813,-31.11,3.49,-0.41,3.874,CYLINDER_MISFIRE
4281.78,0.912,1012.32,514.62,200.97,24.33,51.78,16.9,33.69,1.061,-49.0,-2.17,-0.48,0.026,EXHAUST_LEAK
3528.91,0.6954,860.31,415.17,181.26,24.86,48.08,13.13,31.62,3.44,-33.35,-1.03,-1.34,2.632,CYLINDER_MISFIRE
3276.01,0.6042,784.19,377.74,163.76,23.32,50.4,12.02,29.78,4.938,-42.11,1.97,0.98,4.205,CYLINDER_MISFIRE
4081.6,0.9036,1116.77,508.58,200.91,27.39,51.47,11.42,32.97,1.045,70.54,0.84,0.82,0.07,FUEL_RESTRICTION
4305.16,0.921,1069.64,519.9,200.39,27.85,52.45,16.97,32.24,1.05,1.76,-0.82,0.01,0.008,NORMAL
2597.25,0.3284,577.5,254.29,123.64,19.71,48.24,7.94,27.07,3.128,-49.39,-1.84,-1.73,2.599,CYLINDER_MISFIRE
3484.3,0.7158,858.72,422.03,182.41,25.3,48.62,13.57,28.81,3.474,-45.0,-0.2,-0.14,2.679,CYLINDER_MISFIRE
3544.71,0.6215,851.66,391.83,169.73,23.76,51.65,12.45,30.62,0.792,1.53,1.75,0.79,-0.022,NORMAL
2816.19,0.4231,656.96,299.54,140.36,21.11,49.19,9.33,27.76,3.432,-37.71,2.74,-0.5,2.838,CYLINDER_MISFIRE
2701.96,0.3576,717.66,269.67,129.49,20.53,49.16,4.06,27.06,0.55,68.03,-0.11,-0.97,-0.01,FUEL_RESTRICTION
3864.65,0.7432,888.59,443.94,185.8,21.78,50.24,14.38,30.89,0.929,-50.59,0.43,-0.5,0.02,EXHAUST_LEAK
3001.49,0.3874,679.59,286.74,135.56,20.6,52.68,9.12,28.68,0.671,-2.91,-2.76,1.14,0.021,NORMAL
3744.85,0.7018,934.83,445.57,183.31,24.35,50.07,13.84,44.47,0.841,26.53,20.6,-0.64,-0.033,OVERHEATING
3181.13,0.4461,662.53,318.53,142.87,19.3,52.75,10.01,28.59,0.747,-64.21,2.48,1.1,0.042,EXHAUST_LEAK
3914.34,0.8236,989.52,474.13,219.95,26.27,23.6,15.58,31.51,2.26,-0.34,0.21,-26.02,1.335,LUBRICATION_ISSUE
2608.2,0.3068,659.63,245.58,121.38,19.31,49.65,2.05,27.68,0.522,45.11,-3.13,-0.78,-0.01,FUEL_RESTRICTION
2758.49,0.3683,720.11,274.23,132.95,19.95,50.96,2.97,27.97,0.585,61.23,-1.1,0.66,0.007,FUEL_RESTRICTION
3772.89,0.7208,958.51,456.18,185.29,24.71,49.6,14.22,46.13,0.86,37.4,23.52,-0.95,-0.022,OVERHEATING
2757.18,0.3857,634.16,283.03,134.3,19.99,48.04,8.74,29.62,4.261,-35.11,1.47,-1.94,3.684,CYLINDER_MISFIRE
3617.18,0.7248,911.74,431.63,212.92,25.15,10.93,13.77,31.07,1.656,-3.97,2.2,-38.53,0.821,LUBRICATION_ISSUE
3237.77,0.4904,679.14,332.77,153.36,19.02,50.67,10.71,29.33,0.752,-77.02,-0.92,-0.54,0.03,EXHAUST_LEAK
3607.54,0.6477,901.96,434.26,174.18,23.94,51.33,12.86,46.02,0.78,32.95,32.85,0.54,-0.052,OVERHEATING
3807.32,0.6998,946.62,442.21,184.2,24.71,49.49,13.51,49.25,0.871,36.36,16.05,-1.66,-0.021,OVERHEATING
3337.2,0.537,751.66,354.1,159.27,20.93,51.62,11.12,27.98,0.766,-37.42,0.65,0.59,0.015,EXHAUST_LEAK
2993.04,0.3979,645.22,292.24,138.92,17.57,51.61,9.32,28.11,0.644,-43.2,-0.82,0.32,-0.004,EXHAUST_LEAK
3260.36,0.5486,792.46,353.86,178.52,22.5,20.54,11.32,30.41,2.349,0.32,-1.43,-29.78,1.621,LUBRICATION_ISSUE
3693.08,0.6811,941.37,435.37,178.3,24.3,48.25,13.53,45.65,0.894,48.03,19.37,-2.5,0.036,OVERHEATING
3319.26,0.5176,723.35,345.58,156.84,19.79,48.38,11.14,28.07,0.745,-53.16,-0.33,-2.88,-0.0,EXHAUST_LEAK
4188.59,0.8881,981.91,507.66,200.09,26.17,51.81,16.79,33.74,0.971,-60.38,2.28,0.3,-0.036,EXHAUST_LEAK
3048.46,0.4018,629.66,297.06,137.33,16.78,50.46,9.4,29.44,0.631,-63.84,0.96,-1.12,-0.034,EXHAUST_LEAK
4182.14,0.8628,983.54,495.78,198.82,23.81,53.09,16.31,31.89,0.997,-43.27,-0.31,1.64,-0.008,EXHAUST_LEAK
3563.56,0.7038,863.88,419.9,180.93,24.99,49.97,13.9,30.94,4.104,-36.58,-0.37,0.47,3.285,CYLINDER_MISFIRE
3666.85,0.6636,825.6,408.43,177.14,21.6,50.19,13.02,27.57,0.879,-55.9,-0.48,-0.7,0.029,EXHAUST_LEAK
3567.29,0.6232,851.8,393.48,169.11,23.65,50.76,12.12,31.32,0.784,-0.46,2.12,-0.21,-0.036,NORMAL
3423.06,0.5643,769.18,367.63,160.01,20.56,52.26,11.58,28.34,0.722,-40.55,1.79,1.17,-0.055,EXHAUST_LEAK
3214.32,0.5853,773.41,369.82,158.85,23.3,49.94,11.74,30.0,4.36,-38.48,2.69,0.58,3.645,CYLINDER_MISFIRE
2841.22,0.3439,650.53,271.12,129.85,19.91,53.82,8.16,26.76,0.63,2.1,2.06,2.54,0.028,NORMAL
2956.32,0.3984,610.64,291.09,137.5,18.9,49.17,9.29,27.95,0.62,-76.23,-1.03,-1.88,-0.017,EXHAUST_LEAK
3900.83,0.796,971.42,466.59,216.45,26.14,22.8,15.18,33.14,2.112,-1.19,3.02,-27.22,1.192,LUBRICATION_ISSUE
3868.32,0.8311,1053.25,472.94,197.98,26.66,51.86,11.07,31.87,0.883,61.17,-2.31,2.67,-0.027,FUEL_RESTRICTION
3342.77,0.5394,709.33,353.66,158.43,20.26,51.17,11.38,28.1,0.787,-81.43,-0.8,0.15,0.035,EXHAUST_LEAK
3338.77,0.586,820.83,372.35,188.63,23.55,26.63,11.9,30.14,1.617,2.26,1.21,-23.52,0.865,LUBRICATION_ISSUE
3689.77,0.6774,888.84,416.83,177.39,24.64,49.04,13.39,28.83,0.846,-2.09,2.28,-1.75,-0.011,NORMAL
3429.54,0.571,849.24,384.21,162.0,23.09,50.32,11.89,46.69,0.796,35.17,15.77,-0.7,0.017,OVERHEATING
2808.92,0.3255,635.94,260.74,130.84,19.5,50.74,8.1,28.38,0.564,0.19,-0.71,-0.66,-0.029,NORMAL
3279.0,0.4898,704.36,333.74,152.75,19.48,52.45,10.61,28.53,0.754,-53.47,-0.95,0.95,0.02,EXHAUST_LEAK
3560.53,0.719,856.69,424.37,181.95,25.18,46.62,13.63,29.02,4.76,-52.76,-1.3,-2.58,3.942,CYLINDER_MISFIRE
3752.13,0.7537,940.62,443.44,207.68,25.38,29.97,14.48,29.62,1.762,0.78,-0.47,-19.86,0.887,LUBRICATION_ISSUE
3197.49,0.5928,782.84,367.66,163.9,23.45,50.24,11.8,30.55,4.182,-32.72,-1.67,1.12,3.473,CYLINDER_MISFIRE
3399.0,0.6092,835.77,382.33,191.47,23.6,20.65,12.24,28.7,2.269,0.28,1.04,-29.47,1.5,LUBRICATION_ISSUE
3596.09,0.6389,863.29,399.76,172.91,24.2,51.34,13.02,29.76,0.835,0.15,1.87,0.47,0.006,NORMAL
4086.36,0.8975,1043.29,503.93,234.08,27.83,17.84,16.55,32.83,2.278,0.47,-1.76,-32.85,1.302,LUBRICATION_ISSUE
2889.82,0.3521,662.58,272.65,131.89,20.04,51.68,8.48,28.17,0.516,6.81,-0.81,0.23,-0.101,NORMAL
3800.23,0.7263,925.76,438.47,186.33,25.47,50.05,13.97,30.25,0.874,-0.01,3.01,-0.58,-0.016,NORMAL
2867.56,0.4179,764.31,293.07,140.2,21.16,51.2,3.97,27.73,0.601,70.22,-3.39,1.09,-0.009,FUEL_RESTRICTION
3020.21,0.4031,649.7,295.39,138.23,17.31,53.91,9.52,29.36,0.728,-43.16,-0.32,2.53,0.072,EXHAUST_LEAK
3173.6,0.5659,768.45,355.91,157.9,23.12,50.6,11.23,30.43,4.039,-29.75,-3.01,1.16,3.337,CYLINDER_MISFIRE
3178.71,0.5632,748.58,359.92,159.38,23.17,49.04,11.27,30.78,3.97,-48.25,1.82,-0.48,3.267,CYLINDER_MISFIRE
3439.07,0.5701,737.4,369.36,163.89,20.13,50.17,11.69,28.87,0.707,-76.64,0.93,-0.92,-0.075,EXHAUST_LEAK
3469.24,0.6571,947.12,398.47,171.48,24.46,50.85,9.46,29.56,0.888,79.38,-2.18,1.13,0.097,FUEL_RESTRICTION
3733.52,0.7568,943.11,442.59,212.56,25.64,18.39,14.44,30.78,2.103,2.37,-1.85,-31.26,1.233,LUBRICATION_ISSUE
3629.34,0.6767,917.03,437.61,179.61,24.62,48.81,13.48,39.1,0.834,29.56,25.12,-1.6,-0.005,OVERHEATING
4089.74,0.8133,994.65,478.26,198.52,26.45,51.92,15.35,31.55,0.982,2.19,2.78,0.97,0.005,NORMAL
2693.8,0.3721,632.73,274.32,130.33,20.15,48.81,8.09,27.97,4.279,-25.23,-0.46,-1.0,3.72,CYLINDER_MISFIRE
3919.01,0.8037,979.34,467.32,214.24,25.91,27.29,15.33,31.17,2.733,1.18,0.42,-22.71,1.807,LUBRICATION_ISSUE
3035.35,0.4064,698.54,299.59,141.08,20.64,50.04,9.3,28.76,0.612,2.96,2.24,-1.38,-0.049,NORMAL
3655.97,0.7574,1017.55,443.41,185.9,25.3,46.4,9.52,30.7,0.87,80.3,1.06,-2.73,0.024,FUEL_RESTRICTION
3755.31,0.6958,854.29,423.81,181.07,21.81,52.01,13.92,29.79,0.923,-50.96,0.66,1.12,0.047,EXHAUST_LEAK
3021.3,0.4431,713.73,309.12,164.44,21.28,22.73,10.0,27.68,1.538,-3.22,-1.05,-27.93,0.882,LUBRICATION_ISSUE
3517.12,0.6551,873.87,398.04,195.76,24.08,18.96,12.74,30.84,1.731,4.97,-3.3,-31.11,0.926,LUBRICATION_ISSUE
3794.02,0.7677,1018.62,451.55,189.08,25.72,50.85,9.64,30.41,0.865,68.3,1.36,1.01,-0.024,FUEL_RESTRICTION
3041.47,0.5083,730.14,334.97,148.24,22.09,50.58,10.44,28.92,3.249,-26.9,0.75,0.96,2.586,CYLINDER_MISFIRE
3374.9,0.5459,730.66,357.69,156.97,18.71,51.48,11.4,29.34,0.8,-65.64,-0.09,0.37,0.038,EXHAUST_LEAK
2934.76,0.4517,684.74,309.16,142.76,21.35,49.26,9.89,29.17,4.962,-33.05,-1.51,-0.69,4.332,CYLINDER_MISFIRE
4221.9,0.9435,1077.82,525.74,225.76,28.29,17.82,17.38,33.08,2.667,0.61,-0.59,-33.96,1.65,LUBRICATION_ISSUE
3616.06,0.6934,890.52,419.62,209.66,25.02,25.11,13.64,31.98,2.603,-6.31,1.53,-24.91,1.768,LUBRICATION_ISSUE
4065.75,0.83,1033.41,507.81,198.91,25.98,49.93,15.65,46.56,1.049,32.14,27.04,-0.59,0.079,OVERHEATING
3192.84,0.5386,846.32,347.86,157.05,22.73,48.56,7.88,28.89,0.687,63.53,-1.81,-1.5,-0.021,FUEL_RESTRICTION
3056.47,0.4013,724.82,318.19,138.0,20.56,51.85,9.24,43.88,0.644,31.22,22.03,0.21,-0.023,OVERHEATING
3979.85,0.8439,1003.63,484.44,232.41,26.72,26.46,15.83,31.92,2.734,-1.68,1.26,-23.38,1.79,LUBRICATION_ISSUE
4172.75,0.9307,1065.97,522.1,233.4,28.52,22.74,16.83,32.12,2.21,-1.1,1.86,-28.64,1.208,LUBRICATION_ISSUE
3559.64,0.6838,890.19,416.12,212.75,24.69,24.2,13.41,31.26,2.5,1.91,3.15,-25.63,1.682,LUBRICATION_ISSUE
3879.98,0.7641,948.94,447.87,189.62,25.72,49.26,14.7,31.63,0.895,-3.54,-3.62,-1.21,-0.019,NORMAL
4278.55,0.9117,1004.82,519.49,199.53,24.56,51.24,16.58,31.67,1.104,-56.1,2.94,-0.99,0.07,EXHAUST_LEAK
3526.07,0.6043,889.46,412.06,167.59,23.59,50.58,12.14,45.74,0.805,50.54,28.71,-0.46,-0.003,OVERHEATING
3641.28,0.703,903.58,421.82,202.97,24.8,24.22,13.82,29.93,2.619,-0.3,-0.51,-25.8,1.777,LUBRICATION_ISSUE
3167.16,0.5082,763.72,339.49,189.35,22.11,25.56,10.86,29.58,2.181,0.46,1.53,-24.88,1.481,LUBRICATION_ISSUE
4019.85,0.7825,969.79,458.53,193.42,25.75,50.31,14.98,32.03,0.964,-0.73,-3.78,-0.73,0.008,NORMAL
3067.75,0.4247,716.28,303.04,141.27,20.8,51.12,9.55,27.7,0.689,8.06,-1.89,-0.17,0.019,NORMAL
3238.83,0.4896,797.24,358.5,150.24,21.93,51.67,10.43,40.62,0.733,41.55,25.09,0.43,0.011,OVERHEATING
3866.26,0.7377,938.53,442.07,186.84,25.21,52.62,14.18,30.07,0.936,2.58,0.5,1.77,0.027,NORMAL
3812.09,0.7767,954.63,451.17,221.0,25.69,25.29,14.8,30.29,1.906,-2.01,-2.81,-24.51,1.012,LUBRICATION_ISSUE
4343.99,0.9198,1100.95,547.21,200.88,28.14,51.45,16.83,42.47,0.967,31.85,25.76,-1.3,-0.086,OVERHEATING
2920.31,0.4389,708.22,300.98,169.41,20.93,15.23,9.27,28.66,2.055,-1.15,-4.64,-34.86,1.429,LUBRICATION_ISSUE
2825.85,0.4428,659.07,305.9,140.11,21.3,48.52,9.42,29.94,4.321,-47.92,1.7,-0.87,3.723,CYLINDER_MISFIRE
3905.56,0.7587,990.61,478.04,191.02,25.67,51.45,14.74,39.43,0.875,40.08,27.72,0.72,-0.046,OVERHEATING
3534.15,0.5977,761.35,381.01,168.16,20.83,48.57,11.95,29.76,0.798,-73.99,-0.19,-2.64,-0.013,EXHAUST_LEAK
3953.83,0.83,1043.41,477.49,198.53,26.83,48.79,10.26,31.55,0.983,47.73,0.08,-0.97,0.047,FUEL_RESTRICTION
3264.36,0.5608,798.58,362.89,181.98,22.85,29.49,11.7,30.11,2.497,-1.09,3.09,-20.63,1.768,LUBRICATION_ISSUE
2889.64,0.3648,585.8,278.2,132.47,15.78,53.16,8.6,27.71,0.638,-77.55,0.18,1.94,0.021,EXHAUST_LEAK
3565.78,0.6825,960.11,410.9,176.84,24.73,51.17,7.66,30.54,0.781,72.34,-1.76,1.27,-0.039,FUEL_RESTRICTION
4043.36,0.8261,1022.64,496.24,198.98,26.64,51.23,15.73,40.42,0.885,24.84,17.56,0.82,-0.078,OVERHEATING
3319.08,0.591,885.37,370.48,163.15,23.36,49.51,6.11,28.58,0.802,64.8,-1.86,-0.43,0.056,FUEL_RESTRICTION
3568.63,0.7432,896.63,435.36,183.97,25.4,49.0,14.16,29.67,4.785,-27.74,0.74,0.18,3.965,CYLINDER_MISFIRE
3637.8,0.6603,816.66,405.3,176.59,22.58,49.78,13.26,30.72,0.852,-61.41,-1.55,-0.98,0.01,EXHAUST_LEAK
3013.66,0.3915,731.79,309.87,137.24,20.52,52.28,9.11,45.38,0.644,46.18,18.51,0.74,-0.01,OVERHEATING
2637.25,0.3151,626.2,253.76,153.15,19.23,20.6,7.87,26.32,1.442,5.29,1.21,-29.87,0.901,LUBRICATION_ISSUE
3475.18,0.6451,861.03,395.64,207.36,24.12,24.56,12.9,31.2,2.121,0.22,-0.84,-25.42,1.328,LUBRICATION_ISSUE
3492.66,0.6171,842.91,388.45,170.12,23.55,50.32,12.4,29.76,0.804,-1.97,1.52,-0.28,0.007,NORMAL
2863.63,0.4032,683.39,289.66,164.85,20.69,26.56,8.81,29.73,1.633,-1.7,-1.4,-23.8,1.024,LUBRICATION_ISSUE
3081.83,0.4786,801.11,323.6,148.25,21.39,51.72,4.93,28.63,0.674,59.88,-1.14,1.31,-0.0,FUEL_RESTRICTION
2782.9,0.316,557.06,257.29,126.65,16.02,51.78,7.91,27.81,0.628,-71.65,0.06,0.38,0.043,EXHAUST_LEAK
4014.98,0.7851,905.59,458.37,195.31,22.21,50.53,15.31,30.89,0.89,-66.21,-4.71,-0.43,-0.064,EXHAUST_LEAK
3156.61,0.5287,819.43,345.81,154.5,22.23,49.67,5.01,29.76,0.693,44.39,0.78,-0.33,-0.004,FUEL_RESTRICTION
3268.71,0.5031,792.29,358.09,151.84,22.33,51.59,10.85,43.68,0.707,26.97,18.9,0.4,-0.024,OVERHEATING
4077.68,0.8137,1028.47,490.12,198.96,26.4,50.61,15.39,46.22,0.94,36.36,14.85,-0.25,-0.033,OVERHEATING
3096.96,0.496,755.65,333.32,174.78,22.18,20.72,10.66,28.34,1.559,3.19,1.84,-29.48,0.88,LUBRICATION_ISSUE
3042.36,0.4745,735.74,322.32,177.62,21.49,28.57,10.01,29.85,2.008,-1.08,0.23,-21.67,1.346,LUBRICATION_ISSUE
3404.17,0.63,848.21,388.49,191.6,23.56,14.11,12.44,29.72,1.894,-0.02,-0.45,-35.68,1.123,LUBRICATION_ISSUE
3223.34,0.5069,805.52,359.37,152.4,22.22,50.87,10.74,47.35,0.659,40.22,20.19,0.05,-0.058,OVERHEATING
2586.67,0.348,607.79,258.65,127.41,19.38,49.6,8.31,28.22,3.88,-30.34,-4.22,0.05,3.354,CYLINDER_MISFIRE
2607.78,0.3289,699.04,252.56,125.79,19.47,49.84,3.13,28.79,0.462,71.29,-4.1,-0.19,-0.07,FUEL_RESTRICTION
2828.1,0.3711,665.14,281.78,159.86,20.38,27.13,8.61,27.36,1.747,1.07,3.34,-23.58,1.148,LUBRICATION_ISSUE
3700.11,0.6879,901.22,417.26,179.5,24.99,49.92,13.77,31.07,0.838,3.45,-1.41,-0.75,-0.022,NORMAL
2889.77,0.4101,689.27,293.3,162.57,20.95,17.77,9.23,27.69,1.795,-1.29,-1.04,-32.63,1.178,LUBRICATION_ISSUE
3917.79,0.8636,1070.54,487.65,199.29,27.04,48.1,12.49,30.97,0.942,56.51,-0.77,-1.24,0.017,FUEL_RESTRICTION
4314.42,0.9339,1115.16,548.77,198.71,27.95,50.01,17.14,42.65,1.047,39.07,23.12,-2.5,0.003,OVERHEATING
4010.94,0.9122,1013.59,509.39,195.95,27.79,52.25,16.66,32.33,4.293,-34.3,0.65,2.16,3.34,CYLINDER_MISFIRE
3958.43,0.7696,957.8,457.87,191.15,25.74,50.66,14.63,29.77,0.986,-1.87,2.07,-0.21,0.049,NORMAL
3877.19,0.7509,882.9,449.73,188.86,23.08,52.64,14.24,30.2,0.864,-61.5,3.09,1.96,-0.049,EXHAUST_LEAK
3100.95,0.5162,717.29,337.16,152.38,22.08,50.34,10.78,30.19,3.97,-47.45,-1.68,0.47,3.29,CYLINDER_MISFIRE
3284.52,0.5683,808.96,361.21,179.59,23.08,31.48,11.95,30.3,2.046,3.75,-1.91,-18.64,1.311,LUBRICATION_ISSUE
4181.01,0.8413,953.71,488.69,201.09,24.2,53.62,15.84,32.68,1.012,-60.11,0.39,2.17,0.008,EXHAUST_LEAK
3653.24,0.7039,904.29,422.17,211.03,24.66,29.73,13.5,31.33,2.156,-0.69,-0.82,-20.35,1.31,LUBRICATION_ISSUE
3472.41,0.6839,843.76,410.65,179.42,24.43,51.11,13.11,31.0,5.163,-40.17,0.29,1.85,4.371,CYLINDER_MISFIRE
3105.8,0.4916,746.76,330.33,176.7,21.69,30.55,10.56,29.72,1.861,-3.51,0.17,-19.79,1.179,LUBRICATION_ISSUE
3844.56,0.742,869.92,439.9,187.69,23.85,50.51,14.41,31.46,0.926,-67.49,-2.55,-0.13,0.022,EXHAUST_LEAK
2951.21,0.3732,674.27,282.44,135.89,20.52,50.37,8.69,27.87,0.648,2.8,-0.45,-1.1,0.012,NORMAL
3021.43,0.4114,737.44,320.65,137.11,20.62,50.37,8.98,39.58,0.647,39.54,21.91,-0.86,-0.01,OVERHEATING
3813.13,0.7875,1028.87,460.83,193.39,26.11,48.97,9.46,30.04,0.924,65.69,2.92,-0.64,0.03,FUEL_RESTRICTION
2734.52,0.3887,642.41,282.85,131.51,20.31,51.17,8.52,29.75,5.041,-27.5,0.9,1.39,4.471,CYLINDER_MISFIRE
3297.57,0.6211,808.32,379.54,170.46,23.57,47.35,12.23,30.0,4.405,-29.19,-2.97,-1.91,3.666,CYLINDER_MISFIRE
3271.77,0.5499,864.55,354.76,158.58,22.83,49.62,8.14,29.43,0.733,71.03,-1.36,-0.75,0.002,FUEL_RESTRICTION
3101.29,0.4296,760.96,329.99,143.64,21.16,52.38,9.63,45.89,0.725,48.12,22.29,0.96,0.044,OVERHEATING
4032.79,0.8032,1004.15,494.91,196.29,26.19,50.02,15.22,48.27,0.883,20.58,24.77,-0.74,-0.077,OVERHEATING
4009.39,0.7946,935.86,468.96,195.01,24.44,49.63,14.97,30.24,0.904,-41.39,2.61,-1.13,-0.049,EXHAUST_LEAK
3329.75,0.5347,745.33,352.47,157.62,19.51,51.51,11.05,29.52,0.688,-41.97,0.09,0.5,-0.061,EXHAUST_LEAK
2555.42,0.3263,588.17,254.15,125.18,19.45,48.96,7.74,27.24,3.958,-35.39,0.01,-0.78,3.441,CYLINDER_MISFIRE
3309.21,0.5711,803.19,364.37,179.82,22.47,20.01,11.62,28.45,2.197,-4.93,-0.49,-30.22,1.454,LUBRICATION_ISSUE
3378.86,0.5421,829.7,373.64,158.67,22.38,52.44,11.24,37.92,0.796,35.5,17.12,1.23,0.033,OVERHEATING
3733.64,0.8092,932.61,461.86,194.71,26.34,47.77,15.17,31.49,4.802,-39.6,-1.46,-0.93,3.932,CYLINDER_MISFIRE
3904.57,0.85,959.67,482.98,197.83,26.81,48.29,15.89,30.93,5.179,-45.57,-0.16,-0.95,4.258,CYLINDER_MISFIRE
2606.93,0.3169,621.94,251.9,144.85,19.96,24.7,7.93,29.3,1.766,1.48,-0.38,-25.54,1.234,LUBRICATION_ISSUE
2797.88,0.3295,675.86,292.14,124.59,19.63,50.78,7.68,38.17,0.62,38.29,29.59,-0.48,0.031,OVERHEATING
3618.72,0.6445,864.05,401.78,174.59,23.99,50.72,12.75,29.08,0.904,-3.56,1.22,-0.2,0.068,NORMAL
3486.39,0.5995,855.45,405.9,167.71,23.46,50.01,12.28,40.01,0.795,21.46,25.51,-0.86,-0.001,OVERHEATING
2918.69,0.3674,615.23,276.73,134.75,17.07,52.88,8.93,27.72,0.679,-51.12,-3.07,1.53,0.054,EXHAUST_LEAK
4132.81,0.9407,1073.63,526.27,224.92,27.98,25.37,17.31,32.52,1.777,2.54,3.62,-25.69,0.787,LUBRICATION_ISSUE
3266.59,0.558,798.85,357.34,192.89,22.83,23.52,11.4,29.33,2.213,0.74,-1.52,-26.67,1.483,LUBRICATION_ISSUE
3529.6,0.5933,858.49,408.19,167.68,23.51,50.43,12.1,40.85,0.793,26.02,28.71,-0.84,-0.016,OVERHEATING
4036.86,0.8153,988.72,478.67,199.64,26.19,51.57,15.61,31.63,0.976,-2.29,4.06,1.01,0.014,NORMAL
3163.62,0.5368,754.64,349.7,156.73,22.47,50.01,11.01,29.53,4.064,-25.63,1.53,0.11,3.365,CYLINDER_MISFIRE
3479.89,0.6463,859.53,395.84,196.31,24.29,25.2,12.93,30.11,1.77,-2.22,-1.21,-24.79,0.976,LUBRICATION_ISSUE
3790.67,0.8092,1023.39,460.03,191.86,26.39,51.52,11.06,29.51,0.823,48.37,-4.99,2.44,-0.064,FUEL_RESTRICTION
3465.03,0.5702,813.82,371.01,164.96,23.22,50.28,11.62,29.96,0.815,-1.54,1.8,-0.98,0.025,NORMAL
3973.34,0.7765,895.57,459.74,192.73,23.27,50.54,14.69,30.48,0.935,-68.98,1.01,-0.31,-0.007,EXHAUST_LEAK
2956.22,0.4541,717.4,311.66,164.75,21.45,23.68,9.71,28.29,2.269,-2.87,-0.5,-26.36,1.632,LUBRICATION_ISSUE
4056.46,0.8956,1088.29,507.58,200.24,27.56,51.59,11.59,31.95,1.027,48.08,3.46,1.14,0.061,FUEL_RESTRICTION
2974.14,0.3975,727.21,314.64,136.18,20.42,50.28,8.9,36.5,0.678,40.03,22.33,-0.9,0.036,OVERHEATING
3765.83,0.7115,970.77,447.77,180.83,24.49,50.76,13.99,44.1,0.921,55.56,18.64,0.09,0.041,OVERHEATING
3760.17,0.6968,937.04,447.25,181.89,24.93,49.61,13.65,48.66,0.846,30.93,23.58,-1.29,-0.032,OVERHEATING
4035.17,0.9029,1102.51,507.04,199.39,27.45,49.13,12.46,30.76,0.981,59.02,0.94,-1.15,0.02,FUEL_RESTRICTION
2925.09,0.4352,780.64,305.99,142.92,20.94,51.2,6.37,30.12,0.663,73.28,1.58,1.02,0.036,FUEL_RESTRICTION
2618.46,0.3632,626.29,265.68,129.29,20.07,52.0,8.02,27.89,3.776,-22.54,-3.61,2.51,3.241,CYLINDER_MISFIRE
3987.33,0.8573,1081.9,490.22,200.23,26.94,48.2,12.61,32.31,0.928,68.15,1.97,-1.69,-0.018,FUEL_RESTRICTION
3085.43,0.5093,804.56,336.86,148.32,22.03,49.29,4.81,27.35,0.711,44.73,0.96,-0.6,0.036,FUEL_RESTRICTION
3300.11,0.6051,897.94,374.8,165.08,23.56,50.57,6.96,29.24,0.778,69.85,-2.06,1.01,0.038,FUEL_RESTRICTION
2783.24,0.3059,622.06,254.87,122.63,19.14,50.28,7.88,28.02,0.579,-0.62,1.26,-1.3,-0.006,NORMAL
3998.33,0.7786,964.93,460.47,193.77,25.71,50.51,14.9,32.51,0.866,-2.13,0.23,-0.46,-0.083,NORMAL
3669.09,0.7708,904.03,447.43,190.13,25.78,48.62,14.46,31.63,4.74,-41.88,-0.12,-0.35,3.89,CYLINDER_MISFIRE
3974.86,0.7945,1031.59,483.85,194.6,26.15,50.24,15.12,44.46,0.937,56.13,18.57,-0.29,-0.005,OVERHEATING
3932.34,0.8539,1006.23,489.93,227.02,26.87,32.12,15.69,30.15,1.861,-2.73,4.55,-17.34,0.932,LUBRICATION_ISSUE
3228.25,0.4915,754.38,331.22,150.14,22.09,52.03,10.6,29.4,0.673,-1.94,-2.57,0.9,-0.045,NORMAL
3267.83,0.578,855.76,363.37,162.42,23.15,49.71,6.09,28.3,0.696,45.6,-2.73,-0.13,-0.035,FUEL_RESTRICTION
3812.17,0.8337,954.97,475.93,200.48,26.91,47.35,15.62,31.54,3.662,-35.85,1.44,-1.43,2.768,CYLINDER_MISFIRE
3385.17,0.6239,844.03,385.92,188.22,23.73,24.33,12.4,29.69,1.925,0.41,-0.26,-25.44,1.16,LUBRICATION_ISSUE
4101.45,0.9167,1053.88,512.42,232.21,27.89,30.24,16.59,33.24,2.432,-1.21,-0.63,-20.57,1.451,LUBRICATION_ISSUE
4132.43,0.8612,1015.82,498.57,197.92,26.73,52.29,16.46,33.0,1.012,-7.5,4.58,1.23,0.023,NORMAL
4147.21,0.8472,1014.5,492.01,199.26,26.58,50.56,16.03,32.89,0.999,-1.16,2.61,-0.62,0.004,NORMAL
4227.48,0.8911,1048.48,505.16,200.31,27.08,50.23,16.6,32.72,1.025,2.47,-2.44,-1.59,0.007,NORMAL
2774.83,0.3813,729.84,282.36,132.75,20.66,51.09,3.23,27.61,0.618,62.32,1.85,0.91,0.035,FUEL_RESTRICTION
2836.85,0.3368,644.55,264.39,128.78,19.87,51.15,8.43,28.51,0.638,0.63,-1.97,-0.23,0.037,NORMAL
3961.27,0.7739,959.86,456.81,192.97,26.03,50.24,14.81,30.31,0.891,-2.52,-0.62,-0.58,-0.048,NORMAL
3477.56,0.5926,828.75,380.99,164.87,23.17,52.77,12.02,31.02,0.829,-0.68,3.33,1.83,0.036,NORMAL
3110.8,0.5226,765.29,342.53,181.9,22.53,23.22,10.62,30.41,2.42,-3.84,1.06,-26.59,1.737,LUBRICATION_ISSUE
4003.74,0.8643,1086.49,492.39,200.91,27.24,48.69,11.51,32.44,0.955,67.7,1.11,-1.34,0.004,FUEL_RESTRICTION
3550.18,0.6314,901.64,416.7,168.84,23.6,52.03,12.47,44.03,0.89,45.27,22.88,1.32,0.075,OVERHEATING
2867.99,0.406,688.32,292.6,169.42,20.58,32.22,9.15,27.87,2.168,1.33,0.41,-18.11,1.558,LUBRICATION_ISSUE
3371.26,0.5584,801.64,358.68,160.53,23.01,49.32,11.57,29.78,0.758,-1.99,-3.49,-1.54,-0.003,NORMAL
3022.18,0.5215,724.43,337.1,150.8,22.78,48.62,10.75,30.42,3.831,-39.57,-1.3,-0.64,3.175,CYLINDER_MISFIRE
3467.36,0.5938,872.92,407.91,165.23,23.21,49.63,12.0,41.04,0.807,43.26,30.12,-1.22,0.017,OVERHEATING
4013.05,0.8632,1020.62,492.08,227.16,27.27,32.27,15.95,30.33,1.828,2.05,0.93,-17.83,0.874,LUBRICATION_ISSUE
2830.13,0.3544,605.31,270.71,131.81,16.97,50.07,8.34,25.44,0.622,-48.83,-1.78,-0.95,0.023,EXHAUST_LEAK
3159.65,0.5065,764.84,335.74,182.33,21.71,19.65,10.76,28.49,2.037,2.96,-1.39,-30.77,1.339,LUBRICATION_ISSUE
3338.15,0.5283,734.58,354.57,156.11,18.9,50.71,11.14,30.27,0.695,-49.33,4.23,-0.48,-0.056,EXHAUST_LEAK
4067.99,0.8462,928.72,487.27,201.13,24.77,50.07,15.89,32.66,1.016,-82.37,0.61,-0.47,0.046,EXHAUST_LEAK
3820.52,0.7834,967.08,456.87,220.87,25.95,22.61,14.64,31.96,1.958,6.03,0.24,-27.12,1.062,LUBRICATION_ISSUE
4012.05,0.8061,1017.12,499.49,196.76,25.92,51.92,14.87,38.33,0.975,32.87,28.94,1.35,0.021,OVERHEATING
3792.86,0.7965,933.88,461.5,191.73,26.03,49.41,14.85,31.35,4.031,-33.69,0.96,0.09,3.143,CYLINDER_MISFIRE
3030.31,0.459,725.28,316.48,179.76,21.47,22.49,10.03,29.3,2.142,-1.65,0.33,-27.94,1.483,LUBRICATION_ISSUE
3414.29,0.633,850.27,390.59,193.79,23.76,24.36,12.63,31.17,2.486,-0.26,0.27,-25.44,1.712,LUBRICATION_ISSUE
2750.96,0.3999,633.59,287.03,137.81,20.49,51.28,8.89,27.91,3.101,-43.89,0.54,1.6,2.526,CYLINDER_MISFIRE
3848.54,0.7764,990.33,474.24,193.32,25.95,51.39,14.59,41.51,0.989,32.06,19.28,1.35,0.084,OVERHEATING
3926.99,0.7876,921.0,460.38,194.29,24.7,48.94,15.14,32.02,0.954,-47.91,-0.96,-1.41,0.026,EXHAUST_LEAK
3131.27,0.4529,684.68,316.19,146.32,19.64,50.03,9.91,28.02,0.62,-43.65,-0.81,-1.17,-0.07,EXHAUST_LEAK
3334.17,0.6372,813.03,390.59,169.0,24.06,50.37,12.83,29.05,4.521,-36.0,1.17,1.17,3.771,CYLINDER_MISFIRE
2655.01,0.3262,630.95,261.46,148.74,19.79,25.46,8.06,27.57,2.302,2.47,4.38,-24.93,1.756,LUBRICATION_ISSUE
3511.88,0.5867,855.88,394.92,164.1,22.88,51.34,12.18,45.41,0.814,28.28,18.36,0.07,0.01,OVERHEATING
4377.71,0.942,1010.71,525.65,200.33,24.7,54.0,17.25,32.4,1.077,-73.41,-4.82,0.98,0.013,EXHAUST_LEAK
3611.13,0.6353,914.51,418.85,172.53,23.79,52.68,12.65,40.67,0.887,52.8,21.83,1.64,0.054,OVERHEATING
2985.48,0.4625,726.91,319.71,174.25,21.38,28.2,10.14,28.97,1.69,0.11,3.63,-21.88,1.044,LUBRICATION_ISSUE
3299.75,0.6137,796.08,376.64,168.02,23.51,48.6,12.15,28.93,4.63,-37.13,-3.29,-0.8,3.89,CYLINDER_MISFIRE
3173.98,0.5428,780.48,349.78,180.36,22.99,15.33,11.09,29.43,2.239,-3.89,-0.84,-34.53,1.537,LUBRICATION_ISSUE
3381.73,0.5884,888.97,374.67,164.36,23.17,51.86,7.35,29.63,0.796,66.85,1.4,1.47,0.032,FUEL_RESTRICTION
3269.54,0.6024,887.84,374.55,163.07,23.18,49.0,7.58,30.58,0.775,62.92,-0.4,-0.41,0.045,FUEL_RESTRICTION
3024.71,0.4064,726.69,325.0,140.5,20.58,52.64,9.33,39.39,0.672,31.61,27.95,1.29,0.015,OVERHEATING
3274.21,0.5989,877.83,375.1,163.51,23.5,49.91,6.7,30.13,0.716,54.78,1.27,0.4,-0.017,FUEL_RESTRICTION
3680.91,0.7107,910.98,426.71,215.66,24.92,27.14,13.8,31.32,2.505,0.54,0.44,-23.0,1.651,LUBRICATION_ISSUE
3434.88,0.5806,853.39,393.29,163.25,23.04,50.96,11.81,42.54,0.789,33.3,21.24,0.09,0.009,OVERHEATING
4056.37,0.9209,1011.72,514.89,198.55,27.98,49.15,16.82,32.0,4.387,-43.62,1.69,-1.3,3.42,CYLINDER_MISFIRE
4063.46,0.8309,998.31,483.95,197.42,26.51,50.78,15.92,31.95,0.988,-3.41,2.92,0.27,0.019,NORMAL
2740.76,0.3085,623.69,251.69,124.18,19.32,51.45,7.7,27.59,0.541,1.55,-1.6,0.19,-0.031,NORMAL
3985.31,0.8041,1006.71,492.54,194.37,26.45,50.57,15.27,46.97,0.887,24.98,23.5,0.14,-0.059,OVERHEATING
3870.71,0.7319,868.52,440.1,186.9,22.61,51.13,14.03,31.55,0.921,-64.17,0.49,0.14,0.01,EXHAUST_LEAK
2719.37,0.3059,575.83,253.27,127.26,16.35,49.68,7.74,26.65,0.581,-43.65,1.58,-1.49,0.016,EXHAUST_LEAK
3333.38,0.631,917.72,383.13,167.97,23.92,48.14,8.97,30.04,0.771,72.45,-4.03,-1.17,0.021,FUEL_RESTRICTION
3673.85,0.676,888.13,413.15,176.98,24.26,49.93,13.14,30.43,0.821,-1.14,-0.41,-0.78,-0.031,NORMAL
4208.18,0.8834,1064.68,529.65,199.14,27.17,52.22,16.59,47.46,1.043,24.2,25.36,0.56,0.03,OVERHEATING
3558.68,0.6241,899.9,413.73,170.61,23.84,53.77,12.58,41.75,0.832,47.49,22.29,2.87,0.014,OVERHEATING
3123.22,0.5332,748.38,344.07,154.06,22.43,49.65,10.92,30.14,4.144,-27.72,-1.59,-0.05,3.457,CYLINDER_MISFIRE
3066.02,0.5174,732.23,338.31,153.42,22.05,49.47,10.59,29.2,3.802,-31.52,0.06,-0.14,3.132,CYLINDER_MISFIRE
3413.64,0.6352,851.28,394.71,198.74,23.87,32.35,12.49,29.48,2.317,-0.53,3.63,-17.4,1.543,LUBRICATION_ISSUE
2697.59,0.3547,698.1,269.96,127.85,19.71,50.4,4.37,28.86,0.575,50.41,1.35,0.25,0.016,FUEL_RESTRICTION
3576.74,0.6216,809.39,389.61,169.73,20.07,51.0,12.76,31.02,0.813,-42.39,-1.46,-0.06,-0.01,EXHAUST_LEAK
3187.74,0.5716,764.35,362.23,159.32,22.88,48.89,11.55,29.72,4.357,-38.02,0.8,-0.54,3.65,CYLINDER_MISFIRE
3311.59,0.5325,719.86,349.1,156.96,19.65,49.5,11.15,29.25,0.73,-65.23,-1.95,-1.44,-0.013,EXHAUST_LEAK
3203.28,0.5773,765.35,365.93,162.69,22.92,48.73,11.6,29.13,4.191,-41.18,2.02,-0.7,3.48,CYLINDER_MISFIRE
3080.67,0.4958,751.93,330.27,175.5,21.92,18.78,10.65,30.18,2.273,0.44,-0.63,-31.32,1.599,LUBRICATION_ISSUE
4045.6,0.8,981.01,466.69,195.45,26.09,52.82,15.36,30.89,0.996,-1.26,-2.67,1.93,0.032,NORMAL
3202.31,0.4695,765.07,341.24,148.82,21.36,51.15,10.48,41.5,0.716,23.23,16.14,-0.21,0.005,OVERHEATING
3878.43,0.8549,961.19,481.65,200.36,26.96,48.37,15.62,30.37,4.395,-45.68,-2.48,-0.66,3.481,CYLINDER_MISFIRE
3314.87,0.6447,825.16,392.53,170.96,24.0,49.94,12.66,30.0,3.529,-27.38,1.0,1.0,2.784,CYLINDER_MISFIRE
3236.95,0.5876,866.51,366.28,166.0,23.09,48.24,8.16,29.5,0.807,52.08,-2.38,-1.23,0.086,FUEL_RESTRICTION
2775.12,0.3844,745.86,279.8,130.43,20.55,49.69,3.08,28.38,0.599,76.48,-1.83,-0.43,0.017,FUEL_RESTRICTION
2837.88,0.353,653.99,270.79,128.4,20.21,52.51,8.43,28.62,0.677,0.28,-1.44,1.42,0.076,NORMAL
3642.92,0.6464,794.25,401.35,173.25,20.5,51.33,12.96,30.26,0.82,-75.71,-0.62,0.29,-0.023,EXHAUST_LEAK
2837.1,0.3802,667.7,282.28,156.77,20.36,27.34,8.8,28.23,2.012,-2.29,0.28,-23.25,1.411,LUBRICATION_ISSUE
3555.68,0.7021,943.68,419.6,176.6,24.66,48.98,8.23,31.69,0.802,44.63,0.18,-0.49,-0.015,FUEL_RESTRICTION
2715.85,0.3646,704.09,272.11,131.07,19.96,50.07,3.62,28.31,0.621,49.52,-0.64,-0.02,0.057,FUEL_RESTRICTION
2741.31,0.3065,621.4,252.77,124.84,19.46,51.77,7.84,26.19,0.574,0.45,0.2,0.47,0.002,NORMAL
3675.23,0.7308,962.12,434.48,182.48,25.02,49.87,10.52,32.14,0.846,39.89,1.14,0.13,-0.007,FUEL_RESTRICTION
3741.06,0.6872,891.94,418.02,180.74,24.58,51.39,13.44,30.57,0.866,-7.41,-1.59,0.45,-0.006,NORMAL
3524.25,0.6313,858.3,388.55,170.4,23.99,50.86,12.56,29.17,0.821,3.28,-4.46,0.32,0.014,NORMAL
3811.17,0.7271,929.38,437.01,186.12,25.21,49.59,13.95,30.74,0.899,2.58,0.93,-1.09,0.006,NORMAL
3097.07,0.4988,755.89,335.97,179.63,21.71,22.07,10.66,29.7,2.446,1.77,3.49,-28.08,1.767,LUBRICATION_ISSUE
3412.79,0.5619,846.51,390.17,159.42,22.94,48.51,11.36,47.78,0.752,38.7,25.48,-2.55,-0.022,OVERHEATING
4049.45,0.8944,1091.46,502.24,199.05,27.51,49.55,11.56,32.4,0.944,52.33,-1.24,-0.84,-0.021,FUEL_RESTRICTION
3675.32,0.7262,921.83,430.13,203.61,25.18,18.07,13.98,31.23,1.986,2.36,-1.55,-31.75,1.133,LUBRICATION_ISSUE
2705.78,0.3912,639.15,283.39,133.46,20.32,51.06,8.99,27.61,4.497,-30.87,1.38,1.51,3.935,CYLINDER_MISFIRE
4044.73,0.892,1106.38,500.63,199.08,27.48,48.93,11.04,31.56,0.959,68.93,-1.84,-1.43,-0.005,FUEL_RESTRICTION
2736.93,0.3005,564.75,249.5,123.12,15.91,52.13,7.61,25.78,0.515,-52.39,-0.79,0.75,-0.056,EXHAUST_LEAK
3309.79,0.5888,861.7,372.79,164.87,23.44,50.92,6.24,30.04,0.815,42.92,1.53,1.01,0.072,FUEL_RESTRICTION
2773.25,0.3595,649.48,269.48,152.87,20.1,29.07,8.52,26.75,2.332,-4.9,-3.15,-21.48,1.75,LUBRICATION_ISSUE
3391.19,0.6458,919.49,392.49,169.58,24.11,49.94,6.87,30.47,0.705,62.47,-1.72,0.52,-0.063,FUEL_RESTRICTION
3344.18,0.5977,827.71,377.16,191.6,23.58,21.42,11.99,29.43,2.033,1.89,1.68,-28.56,1.279,LUBRICATION_ISSUE
3498.66,0.6534,867.78,403.77,206.37,24.04,26.0,12.83,30.15,1.692,0.8,3.58,-23.98,0.893,LUBRICATION_ISSUE
3990.17,0.8577,1010.86,485.1,233.29,26.82,16.13,15.87,32.11,2.1,-3.28,-3.39,-33.79,1.153,LUBRICATION_ISSUE
3227.77,0.4878,798.82,352.25,150.5,21.71,52.19,10.71,44.68,0.673,44.73,19.8,0.99,-0.045,OVERHEATING
3376.87,0.5637,833.71,393.23,162.11,23.03,49.54,11.57,43.39,0.729,26.64,28.99,-1.26,-0.034,OVERHEATING
3950.72,0.8932,995.95,496.27,200.99,27.44,49.2,16.61,33.58,4.275,-37.49,-3.8,-0.4,3.339,CYLINDER_MISFIRE
3605.34,0.6383,796.85,395.24,173.78,22.33,52.16,12.7,31.15,0.794,-66.42,-2.72,1.21,-0.038,EXHAUST_LEAK
2860.87,0.4182,696.7,293.83,165.78,21.1,17.42,9.55,28.8,2.057,2.73,-2.55,-32.64,1.448,LUBRICATION_ISSUE
2964.4,0.3761,670.65,284.49,134.05,20.77,51.45,8.65,27.9,0.66,-3.22,0.16,-0.05,0.021,NORMAL
4149.16,0.8453,964.15,492.56,198.81,23.96,52.79,15.8,30.86,1.014,-50.46,3.79,1.59,0.02,EXHAUST_LEAK
2921.45,0.4767,702.64,320.58,145.19,21.68,47.55,10.24,30.16,4.016,-29.43,1.34,-1.86,3.39,CYLINDER_MISFIRE
2784.56,0.3915,744.77,284.62,135.4,20.69,49.35,3.41,29.75,0.657,70.64,0.14,-0.71,0.071,FUEL_RESTRICTION
4024.23,0.8881,989.55,501.49,197.2,27.18,50.03,16.41,31.92,3.978,-44.51,1.05,-0.16,3.021,CYLINDER_MISFIRE
4218.75,0.8851,972.65,504.89,197.33,24.21,51.89,16.52,33.23,0.985,-69.33,-0.3,0.14,-0.03,EXHAUST_LEAK
3908.5,0.8408,1071.64,476.55,200.44,26.77,46.91,9.69,30.91,0.881,71.76,-3.38,-2.36,-0.041,FUEL_RESTRICTION
4196.16,0.8986,1076.14,538.77,200.27,27.43,53.1,16.66,44.91,0.966,27.19,29.41,1.53,-0.043,OVERHEATING
2821.12,0.3213,640.29,259.38,127.01,19.73,50.82,7.89,27.77,0.525,6.43,-0.94,-0.73,-0.072,NORMAL
3735.05,0.7535,1001.65,445.48,188.12,25.28,49.6,10.34,31.34,0.902,62.77,2.16,-0.11,0.031,FUEL_RESTRICTION
3482.11,0.5868,826.24,374.82,165.54,23.33,50.28,12.07,30.56,0.786,0.03,-0.9,-0.79,-0.009,NORMAL
3450.58,0.6786,835.9,410.8,178.5,24.99,51.0,13.35,32.55,3.307,-43.78,2.99,1.79,2.521,CYLINDER_MISFIRE
3413.16,0.5671,858.87,381.16,162.45,22.71,49.66,11.81,44.85,0.775,47.95,14.61,-1.32,0.001,OVERHEATING
3789.59,0.706,853.01,424.38,181.61,21.22,49.9,13.93,31.11,0.918,-60.05,-3.46,-1.02,0.031,EXHAUST_LEAK
3224.25,0.4862,753.18,334.16,150.41,21.77,50.62,10.55,29.14,0.691,0.22,2.38,-0.58,-0.027,NORMAL
3165.76,0.4595,775.95,350.34,146.31,21.53,53.83,10.0,39.22,0.742,41.97,29.96,2.52,0.042,OVERHEATING
3664.01,0.7388,927.99,430.71,213.81,25.13,17.32,13.77,30.41,2.43,1.49,-5.19,-32.19,1.581,LUBRICATION_ISSUE
3812.87,0.7793,1027.35,455.07,192.13,25.93,49.29,10.82,30.93,0.943,69.12,0.13,-0.47,0.049,FUEL_RESTRICTION
3744.16,0.7122,913.53,431.02,184.65,24.94,49.63,13.99,31.64,0.827,-1.03,2.28,-0.88,-0.047,NORMAL
2647.64,0.3499,594.73,268.3,127.81,20.03,49.44,8.07,28.97,4.496,-47.6,2.9,-0.47,3.952,CYLINDER_MISFIRE
3633.88,0.6639,878.5,405.18,175.27,24.01,50.86,12.95,30.34,0.887,-1.55,-2.85,0.19,0.046,NORMAL
3227.82,0.4824,796.26,348.99,151.65,21.99,52.54,10.76,43.66,0.687,45.46,18.51,1.24,-0.032,OVERHEATING
3836.17,0.8173,1049.33,471.55,195.79,26.56,47.79,11.6,30.94,0.889,67.11,2.22,-1.43,-0.012,FUEL_RESTRICTION
3194.92,0.4785,685.74,328.16,152.06,19.03,50.25,10.37,28.43,0.69,-61.12,0.05,-0.9,-0.018,EXHAUST_LEAK
4097.39,0.9314,1127.6,517.09,200.56,27.83,51.8,13.68,31.89,0.961,63.86,-1.16,1.02,-0.019,FUEL_RESTRICTION
3338.42,0.5229,716.73,349.69,154.65,18.85,50.51,10.97,30.24,0.697,-63.95,1.29,-0.78,-0.054,EXHAUST_LEAK
4104.54,0.9238,1107.84,515.89,201.05,27.69,52.42,10.95,33.07,0.948,48.33,0.19,1.59,-0.034,FUEL_RESTRICTION
3897.08,0.8189,991.9,468.05,229.07,26.61,13.89,15.42,30.88,1.958,5.72,-3.66,-35.7,1.039,LUBRICATION_ISSUE
3620.65,0.7382,1002.54,434.28,185.82,25.1,48.5,9.65,30.33,0.822,78.58,-0.1,-0.74,-0.014,FUEL_RESTRICTION
3055.27,0.4289,655.13,302.97,138.86,18.13,49.8,9.76,28.75,0.672,-54.95,-3.08,-1.34,0.005,EXHAUST_LEAK
2886.13,0.351,592.41,275.62,129.86,17.37,49.28,8.34,27.21,0.649,-62.5,2.68,-2.16,0.033,EXHAUST_LEAK
3399.19,0.6299,853.31,386.4,189.81,23.68,20.27,12.58,29.87,2.438,5.41,-2.34,-29.49,1.669,LUBRICATION_ISSUE
2959.84,0.375,597.62,285.56,134.2,18.09,52.67,9.0,28.12,0.678,-75.37,1.76,1.18,0.04,EXHAUST_LEAK
3387.83,0.5692,812.53,368.06,161.32,22.45,50.12,11.76,28.37,0.774,1.62,1.52,-0.66,0.007,NORMAL
3082.22,0.4963,825.2,333.8,152.34,22.05,51.25,7.52,29.02,0.71,73.3,2.66,1.15,0.035,FUEL_RESTRICTION
4101.13,0.9054,1051.65,509.67,228.61,27.72,30.7,16.86,32.44,2.11,3.35,0.69,-20.11,1.129,LUBRICATION_ISSUE
3518.5,0.6666,874.05,403.77,193.45,24.56,31.35,13.04,29.58,2.409,-1.83,-1.76,-18.52,1.604,LUBRICATION_ISSUE
3728.17,0.7062,847.98,423.85,179.35,21.52,49.56,13.94,30.66,0.849,-62.13,-2.22,-0.97,-0.019,EXHAUST_LEAK
2958.21,0.4509,753.34,308.63,141.74,21.52,48.89,5.48,28.98,0.617,34.88,-2.45,-1.22,-0.02,FUEL_RESTRICTION
3484.25,0.6721,928.51,404.63,174.43,24.56,48.78,9.5,29.46,0.821,51.02,-1.86,-0.77,0.025,FUEL_RESTRICTION
2581.95,0.3194,599.03,249.45,127.52,19.78,50.51,7.87,27.37,4.478,-21.72,-3.0,0.48,3.953,CYLINDER_MISFIRE
2746.56,0.4102,636.77,291.52,133.8,20.4,49.01,8.91,28.97,3.689,-46.68,1.45,-0.46,3.115,CYLINDER_MISFIRE
2695.43,0.3517,699.07,269.46,128.75,19.73,47.89,3.44,28.3,0.578,53.28,1.98,-2.3,0.019,FUEL_RESTRICTION
3421.57,0.6214,920.35,387.51,168.2,23.68,50.33,7.6,29.85,0.721,76.41,1.15,0.28,-0.055,FUEL_RESTRICTION
4293.0,0.9386,1107.64,545.85,199.79,28.25,52.15,17.13,41.17,1.016,29.82,19.15,-0.2,-0.022,OVERHEATING
3340.88,0.5889,818.04,369.95,198.39,23.2,20.87,11.9,29.01,2.095,-2.33,-2.28,-29.25,1.343,LUBRICATION_ISSUE
2937.17,0.4537,768.06,309.55,141.85,21.36,51.79,5.27,28.84,0.73,48.97,-1.91,1.86,0.099,FUEL_RESTRICTION
3564.47,0.6838,887.09,410.65,210.56,24.63,18.25,13.12,29.72,2.335,-1.43,-2.46,-31.61,1.516,LUBRICATION_ISSUE
3305.99,0.5312,836.94,380.26,157.51,22.67,48.26,11.03,46.8,0.732,52.89,29.83,-2.67,-0.009,OVERHEATING
2976.95,0.4057,715.88,312.91,141.78,20.8,50.8,9.24,45.11,0.647,23.62,17.55,-0.24,0.004,OVERHEATING
2639.19,0.3501,606.35,264.14,125.89,20.29,47.84,8.16,27.83,3.629,-35.65,-1.06,-2.01,3.087,CYLINDER_MISFIRE
3499.09,0.6647,871.73,404.65,193.92,24.52,26.07,12.71,30.03,1.595,-2.03,0.4,-23.71,0.796,LUBRICATION_ISSUE
3464.17,0.6615,912.58,398.49,172.18,24.47,49.22,9.57,30.66,0.808,42.45,-3.58,-0.39,0.018,FUEL_RESTRICTION
3477.85,0.6414,854.24,397.46,205.76,23.82,18.55,12.8,30.12,1.811,-4.51,2.21,-31.51,1.018,LUBRICATION_ISSUE
3892.92,0.8272,1052.86,472.33,197.91,26.62,50.72,12.01,30.75,0.905,61.87,-2.26,1.31,-0.013,FUEL_RESTRICTION
3476.19,0.5935,786.12,378.6,165.92,21.71,50.65,12.21,29.43,0.848,-43.81,0.63,-0.26,0.055,EXHAUST_LEAK
2895.8,0.363,694.14,296.18,132.06,20.12,52.16,8.72,45.37,0.623,31.57,18.63,0.87,0.004,OVERHEATING
3251.08,0.4946,680.17,335.17,151.54,20.3,51.05,10.8,29.73,0.814,-79.15,-0.42,-0.17,0.088,EXHAUST_LEAK
2915.1,0.3768,606.91,281.54,134.51,16.68,52.42,9.03,28.27,0.67,-64.92,-1.56,1.25,0.045,EXHAUST_LEAK
3685.53,0.7415,928.25,440.54,212.19,25.37,30.64,14.54,30.96,2.302,-0.94,3.02,-18.97,1.446,LUBRICATION_ISSUE
4159.85,0.943,1128.42,522.65,198.78,28.19,50.51,11.63,32.99,1.033,54.62,-1.63,-0.77,0.035,FUEL_RESTRICTION
3104.5,0.4428,767.43,333.1,145.96,20.94,51.77,9.95,42.97,0.717,46.53,20.56,0.56,0.036,OVERHEATING
2656.38,0.3353,687.1,260.01,124.95,19.46,50.38,4.51,28.16,0.534,53.1,-0.38,0.14,-0.013,FUEL_RESTRICTION
2740.15,0.3148,562.25,252.38,123.65,16.34,49.2,7.72,28.44,0.568,-63.61,-3.14,-1.95,-0.004,EXHAUST_LEAK
3057.75,0.4164,702.33,302.45,139.72,21.09,50.7,9.64,27.15,0.652,-0.4,0.81,-0.68,-0.015,NORMAL
3327.38,0.5245,782.37,350.19,156.9,22.68,51.18,11.18,28.32,0.733,1.32,1.56,-0.01,-0.015,NORMAL
3664.34,0.6787,930.8,437.97,177.25,24.62,50.1,13.54,39.92,0.821,40.39,23.72,-0.51,-0.028,OVERHEATING
3463.09,0.5644,862.85,381.5,161.16,23.0,49.77,11.7,44.31,0.782,51.04,14.41,-1.58,-0.007,OVERHEATING
3000.53,0.4691,801.52,321.99,145.47,21.56,52.11,5.12,28.55,0.643,70.01,3.08,2.06,-0.007,FUEL_RESTRICTION
2836.52,0.3333,592.73,262.94,127.95,16.19,52.15,8.33,27.18,0.638,-49.06,-2.13,0.71,0.037,EXHAUST_LEAK
4192.01,0.879,1038.79,501.67,201.71,27.71,50.46,16.19,32.33,0.956,1.77,-0.54,-1.07,-0.051,NORMAL
3880.97,0.8395,996.1,481.14,218.48,26.62,19.31,15.65,31.86,2.003,-1.65,2.49,-29.8,1.089,LUBRICATION_ISSUE
3183.11,0.5497,844.8,354.63,159.69,23.04,49.5,7.98,29.92,0.742,55.8,1.23,-0.29,0.037,FUEL_RESTRICTION
2971.79,0.3735,672.05,281.26,136.74,20.1,49.39,9.04,27.58,0.617,-0.65,-2.36,-2.21,-0.024,NORMAL
3969.56,0.7796,963.98,459.84,194.28,25.87,52.06,15.27,30.61,0.886,-2.29,0.08,1.29,-0.055,NORMAL
3435.44,0.5845,851.8,397.92,162.08,23.11,52.16,12.04,45.67,0.764,29.32,24.43,1.35,-0.017,OVERHEATING
2825.87,0.3267,575.34,260.87,127.96,17.33,52.79,8.0,26.99,0.648,-61.96,-1.51,1.3,0.05,EXHAUST_LEAK
3044.21,0.4628,726.73,316.86,180.74,21.54,20.2,10.01,28.5,2.386,-3.17,-1.09,-30.26,1.723,LUBRICATION_ISSUE
3785.42,0.7099,963.01,453.15,184.35,25.04,50.96,13.93,43.95,0.886,47.79,24.02,0.13,0.001,OVERHEATING
2573.85,0.3351,592.59,261.64,128.12,19.24,49.92,7.75,27.53,4.355,-37.17,3.79,0.22,3.833,CYLINDER_MISFIRE
3482.15,0.693,857.9,415.31,178.22,24.28,49.42,13.2,29.98,4.497,-32.0,1.37,0.26,3.702,CYLINDER_MISFIRE
3605.64,0.7028,972.86,420.93,177.02,24.68,52.16,10.01,30.38,0.786,70.92,-0.24,2.38,-0.046,FUEL_RESTRICTION
3246.82,0.5021,762.12,337.61,152.72,21.95,50.06,10.61,29.13,0.718,-1.5,-0.56,-1.01,-0.006,NORMAL
2724.87,0.3829,621.65,282.32,132.34,20.18,50.05,8.52,27.39,4.168,-44.36,2.71,0.24,3.601,CYLINDER_MISFIRE
3730.45,0.8149,951.82,465.09,196.55,25.83,48.7,15.16,31.76,4.101,-23.63,-0.18,0.12,3.232,CYLINDER_MISFIRE
3688.42,0.7299,918.12,437.45,204.78,25.14,21.15,13.94,30.47,2.3,-4.22,4.05,-28.69,1.443,LUBRICATION_ISSUE
3858.81,0.8282,1036.74,474.73,196.91,27.07,50.04,11.53,32.39,0.973,46.89,0.82,0.86,0.065,FUEL_RESTRICTION
3648.7,0.7296,982.31,432.43,184.32,25.4,48.85,9.17,29.73,0.808,62.08,0.3,-0.73,-0.036,FUEL_RESTRICTION
4189.57,0.9243,1061.33,518.73,232.96,27.92,24.98,16.95,31.85,2.008,-2.7,0.31,-26.54,1.001,LUBRICATION_ISSUE
2888.62,0.4755,698.54,317.06,146.98,21.62,50.1,10.08,27.67,3.436,-31.21,-0.79,0.88,2.819,CYLINDER_MISFIRE
3906.72,0.7656,997.74,477.46,188.47,25.64,49.55,14.6,41.77,0.951,43.05,24.64,-1.07,0.029,OVERHEATING
3441.48,0.5778,862.57,393.79,164.17,23.18,51.3,11.97,39.45,0.791,43.84,22.55,0.33,0.008,OVERHEATING
3309.56,0.5836,817.25,373.07,187.25,23.26,21.96,11.76,30.91,1.592,1.62,3.69,-28.04,0.849,LUBRICATION_ISSUE
3393.31,0.6275,846.66,385.83,196.58,24.09,18.29,12.45,29.49,2.388,0.48,-1.88,-31.47,1.62,LUBRICATION_ISSUE
2660.36,0.3375,692.58,258.91,127.07,19.68,49.09,2.07,28.61,0.541,57.09,-2.39,-1.13,-0.007,FUEL_RESTRICTION
3815.25,0.8028,1045.24,461.42,195.49,26.51,48.93,11.69,30.84,0.897,72.81,-2.04,-0.42,0.003,FUEL_RESTRICTION
3755.25,0.7012,908.84,422.53,182.26,25.04,52.6,13.68,32.61,0.794,0.37,-2.55,1.81,-0.082,NORMAL
3206.74,0.4937,755.11,333.18,151.75,21.73,51.34,10.65,28.58,0.68,-1.48,-0.77,0.38,-0.032,NORMAL
3735.49,0.7909,913.13,459.79,191.45,26.27,50.48,15.28,31.08,5.02,-48.21,2.99,1.44,4.149,CYLINDER_MISFIRE
3042.79,0.4728,738.37,319.58,175.64,21.46,31.91,10.14,28.53,2.33,2.55,-1.91,-18.36,1.667,LUBRICATION_ISSUE
3776.07,0.7163,967.5,453.11,183.62,25.07,51.57,13.69,41.51,0.943,48.94,21.98,0.92,0.06,OVERHEATING
4071.69,0.9495,1029.05,519.86,199.51,28.43,50.51,17.28,31.55,4.476,-44.24,-4.12,-0.07,3.504,CYLINDER_MISFIRE
3181.18,0.5469,848.85,353.41,157.56,23.1,51.45,6.95,30.55,0.759,61.63,1.07,1.62,0.054,FUEL_RESTRICTION
3768.52,0.6925,830.83,422.61,181.41,22.52,49.9,13.87,30.21,0.852,-73.11,0.24,-1.13,-0.029,EXHAUST_LEAK
3873.37,0.8244,1052.2,473.2,196.44,26.65,48.4,9.71,32.42,0.872,63.88,0.21,-0.93,-0.04,FUEL_RESTRICTION
2600.84,0.3271,673.44,260.55,124.7,19.51,50.61,2.37,27.27,0.586,47.16,4.78,0.6,0.055,FUEL_RESTRICTION
3879.99,0.7669,956.31,449.9,189.4,25.83,52.2,14.72,30.88,0.914,2.16,-2.59,1.78,-0.0,NORMAL
3434.35,0.6399,855.33,392.73,196.69,23.72,26.48,12.64,29.44,2.523,-0.33,-0.66,-23.32,1.743,LUBRICATION_ISSUE
3862.72,0.7437,892.52,445.58,189.0,22.46,50.87,14.48,30.47,0.856,-46.83,1.97,0.15,-0.053,EXHAUST_LEAK
3095.14,0.5171,813.56,339.58,151.88,22.34,49.5,7.37,28.79,0.678,48.55,0.57,-0.31,-0.001,FUEL_RESTRICTION
2902.84,0.3469,677.93,292.5,131.97,19.5,51.36,8.41,40.1,0.581,24.67,20.54,-0.27,-0.04,OVERHEATING
2708.77,0.3745,623.63,275.88,130.25,20.23,51.19,8.32,28.01,4.419,-36.49,-0.19,1.32,3.857,CYLINDER_MISFIRE
3784.94,0.8113,924.95,468.76,193.49,26.66,48.65,15.27,32.17,3.543,-51.07,3.15,-0.35,2.658,CYLINDER_MISFIRE
2726.13,0.3683,709.66,275.08,133.37,20.18,50.6,5.64,27.57,0.529,52.36,0.7,0.51,-0.039,FUEL_RESTRICTION
3538.81,0.6129,845.02,385.22,167.55,23.49,51.06,12.58,28.83,0.799,0.34,-1.59,0.09,-0.013,NORMAL
3721.74,0.7448,936.17,444.57,205.92,25.49,14.47,14.16,30.85,1.844,3.22,4.8,-35.32,0.978,LUBRICATION_ISSUE
2949.03,0.3715,669.2,279.3,134.52,20.25,51.49,8.76,26.84,0.618,-1.18,-2.93,0.01,-0.017,NORMAL
3740.55,0.682,946.85,435.98,181.4,24.48,50.44,13.44,44.46,0.929,50.64,18.26,-0.6,0.057,OVERHEATING
3570.36,0.6429,897.37,418.19,171.37,23.89,48.43,13.01,42.9,0.843,33.08,19.61,-2.2,0.022,OVERHEATING
3320.79,0.6041,888.4,379.76,163.82,23.7,48.93,8.05,30.03,0.714,59.88,2.64,-0.78,-0.032,FUEL_RESTRICTION
4146.01,0.8582,1025.0,494.31,200.63,27.14,53.64,15.9,32.24,0.957,2.77,0.97,2.47,-0.037,NORMAL
2812.24,0.4017,724.32,288.1,135.42,20.55,50.16,3.27,28.89,0.65,42.69,-0.88,0.11,0.056,FUEL_RESTRICTION
3987.97,0.9094,999.32,504.98,198.96,27.63,49.35,16.52,32.24,4.739,-45.73,-2.06,-0.55,3.793,CYLINDER_MISFIRE
3865.31,0.7459,967.88,458.0,191.41,25.71,51.88,14.18,44.46,0.958,27.05,13.49,1.18,0.048,OVERHEATING
3127.57,0.5163,759.7,342.58,183.22,22.37,27.42,11.03,30.14,1.896,-6.44,2.91,-22.61,1.207,LUBRICATION_ISSUE
2871.24,0.3651,662.31,277.93,132.6,20.38,50.91,8.35,30.76,0.584,-0.33,0.34,-0.18,-0.028,NORMAL
4092.66,0.9154,1031.11,512.05,199.29,27.76,49.87,16.86,31.91,3.823,-22.77,-0.28,-0.87,2.846,CYLINDER_MISFIRE
4175.06,0.903,1054.24,511.86,222.09,27.59,23.21,16.86,32.55,2.22,3.7,1.54,-28.19,1.217,LUBRICATION_ISSUE
2789.03,0.4198,636.19,294.24,139.16,21.07,50.16,9.09,27.96,3.925,-55.12,-0.54,0.59,3.338,CYLINDER_MISFIRE
3748.85,0.696,827.62,421.14,180.17,22.83,50.14,13.53,30.53,0.915,-77.4,-1.87,-0.7,0.04,EXHAUST_LEAK
3878.52,0.8296,1058.07,471.83,199.65,26.78,50.18,11.48,32.0,0.917,66.37,-3.19,0.91,0.004,FUEL_RESTRICTION
3894.6,0.8348,1054.58,477.62,200.4,26.46,48.06,11.85,33.11,0.904,58.94,0.24,-1.23,-0.015,FUEL_RESTRICTION
2947.91,0.4645,804.16,315.63,146.54,21.36,49.47,5.59,28.53,0.633,78.08,-0.02,-0.33,-0.001,FUEL_RESTRICTION
3747.97,0.7479,934.31,440.91,214.18,25.46,31.49,14.03,30.46,1.993,-1.81,-0.75,-18.41,1.119,LUBRICATION_ISSUE
3190.49,0.4646,742.15,328.14,145.86,21.64,50.88,10.32,27.54,0.657,3.87,5.18,-0.49,-0.051,NORMAL
3950.8,0.8246,989.6,475.64,221.61,26.59,24.24,15.27,30.89,2.168,-2.7,0.26,-25.6,1.233,LUBRICATION_ISSUE
2715.67,0.3852,628.52,277.12,132.8,20.28,49.07,8.57,27.12,3.791,-38.37,-3.01,-0.65,3.226,CYLINDER_MISFIRE
2612.89,0.3208,587.04,255.56,121.77,19.2,50.6,7.78,28.86,4.715,-36.05,1.7,0.39,4.182,CYLINDER_MISFIRE
3388.84,0.554,850.93,386.47,159.37,22.48,51.01,11.74,44.16,0.798,49.06,25.35,-0.05,0.031,OVERHEATING
4010.5,0.9199,1015.2,511.01,198.74,27.94,51.45,16.63,32.05,4.595,-37.27,-0.47,1.36,3.641,CYLINDER_MISFIRE
3184.12,0.5417,847.83,351.67,160.11,22.45,50.51,7.07,29.63,0.736,63.62,1.15,0.56,0.031,FUEL_RESTRICTION
4098.41,0.8385,1005.99,486.47,198.57,26.88,50.17,15.63,31.93,0.873,-2.06,1.64,-0.62,-0.107,NORMAL
2744.68,0.3009,557.2,251.3,122.96,16.08,51.83,7.67,27.51,0.569,-60.6,0.62,0.4,-0.004,EXHAUST_LEAK
2966.49,0.391,686.76,285.32,137.34,19.98,50.09,9.3,27.66,0.593,3.84,-4.43,-1.16,-0.047,NORMAL
3446.81,0.6912,850.95,412.93,175.21,24.47,48.98,12.94,29.65,3.58,-36.11,0.69,0.02,2.796,CYLINDER_MISFIRE
3017.84,0.4587,728.54,314.74,178.02,21.47,18.42,9.8,28.68,1.84,2.4,-0.94,-31.93,1.185,LUBRICATION_ISSUE
2922.93,0.444,713.87,305.95,162.38,21.06,18.06,9.86,27.98,2.28,1.32,-1.58,-31.95,1.653,LUBRICATION_ISSUE
4311.74,0.9317,1121.44,550.74,200.19,27.89,52.12,17.15,39.96,1.005,46.81,25.96,-0.38,-0.038,OVERHEATING
2773.17,0.3954,639.44,282.2,135.18,20.86,49.39,9.01,28.23,4.449,-36.45,-3.34,-0.52,3.867,CYLINDER_MISFIRE
3067.43,0.4375,719.3,307.01,143.21,21.07,52.31,9.65,28.83,0.623,3.45,-2.51,1.24,-0.047,NORMAL
4118.09,0.8955,1043.02,507.95,224.15,27.51,17.87,16.54,31.97,1.899,-0.17,2.04,-33.07,0.914,LUBRICATION_ISSUE
4304.09,0.9131,984.64,517.42,199.09,24.28,49.16,16.9,31.39,1.006,-78.39,-0.4,-3.27,-0.035,EXHAUST_LEAK
3892.06,0.7532,886.61,450.45,189.23,23.74,49.58,14.59,31.87,0.937,-59.93,2.53,-1.16,0.019,EXHAUST_LEAK
4317.23,0.9347,1101.98,551.32,197.97,28.13,51.11,17.13,42.05,1.037,25.32,25.32,-1.42,-0.008,OVERHEATING
3984.02,0.7959,932.79,467.9,194.3,22.97,51.36,15.16,31.49,0.931,-43.93,1.87,0.79,-0.014,EXHAUST_LEAK
3854.37,0.8364,955.59,479.66,198.62,27.08,49.08,15.71,31.74,5.201,-38.95,2.94,0.09,4.294,CYLINDER_MISFIRE
2552.87,0.3083,581.01,248.82,122.38,19.23,50.27,7.78,27.21,3.674,-31.59,1.26,0.23,3.158,CYLINDER_MISFIRE
4377.58,0.9442,1026.48,532.96,198.71,24.77,52.64,17.31,31.38,1.018,-58.91,1.72,-0.38,-0.045,EXHAUST_LEAK
3771.93,0.7086,957.45,447.09,182.0,25.03,49.02,13.8,41.34,0.895,43.66,18.82,-1.75,0.013,OVERHEATING
3733.95,0.7216,864.44,430.36,184.46,21.97,48.83,13.89,31.9,0.856,-55.23,-1.45,-1.45,-0.014,EXHAUST_LEAK
2951.9,0.3852,724.46,317.33,132.69,20.2,52.42,9.03,45.53,0.703,45.75,30.1,1.17,0.067,OVERHEATING
3312.15,0.638,808.64,392.4,171.96,24.06,46.93,12.54,29.65,3.325,-39.79,3.34,-2.11,2.582,CYLINDER_MISFIRE
4022.66,0.8791,1088.65,498.05,199.49,27.2,49.42,10.91,32.07,0.951,60.08,0.91,-0.76,-0.006,FUEL_RESTRICTION
3082.34,0.4368,670.67,309.49,143.95,19.63,53.7,9.84,27.62,0.623,-45.51,-0.22,2.53,-0.051,EXHAUST_LEAK
3680.45,0.7329,922.89,435.34,205.91,25.38,25.21,14.1,31.92,2.3,-0.89,1.07,-24.52,1.446,LUBRICATION_ISSUE
3116.76,0.5105,841.13,334.85,153.47,22.14,49.77,5.61,29.25,0.645,79.01,-2.43,-0.3,-0.04,FUEL_RESTRICTION
3405.29,0.6593,829.79,401.99,173.06,24.38,49.38,12.63,30.31,4.273,-36.03,2.49,0.12,3.501,CYLINDER_MISFIRE
2731.6,0.3777,710.39,277.22,132.46,20.51,52.1,4.28,28.11,0.576,47.18,-0.71,2.14,0.007,FUEL_RESTRICTION
2906.57,0.3616,697.83,302.95,133.71,20.33,50.99,8.59,43.63,0.633,35.54,25.58,-0.39,0.011,OVERHEATING
3183.96,0.5753,776.77,360.9,162.56,22.96,48.23,11.55,30.33,4.815,-27.6,-1.73,-1.11,4.109,CYLINDER_MISFIRE
3720.63,0.8018,935.27,462.16,193.86,26.45,47.35,14.96,31.58,4.885,-31.81,1.9,-1.41,4.019,CYLINDER_MISFIRE
2741.15,0.3632,653.65,273.21,159.37,19.92,31.35,8.3,28.9,1.672,-1.3,0.24,-18.93,1.099,LUBRICATION_ISSUE
3983.81,0.7971,977.5,463.86,193.9,26.1,49.82,15.12,31.42,0.966,0.03,-2.62,-0.73,0.021,NORMAL
2734.67,0.3701,606.5,275.95,135.2,20.19,50.98,8.45,27.26,3.761,-52.28,0.68,0.86,3.191,CYLINDER_MISFIRE
3857.98,0.8102,933.92,464.4,195.06,26.48,46.39,15.03,30.99,4.66,-45.1,-3.01,-3.11,3.752,CYLINDER_MISFIRE
3713.17,0.6964,906.9,422.84,182.45,24.97,48.09,13.44,30.79,0.796,3.4,0.73,-2.51,-0.068,NORMAL
4170.85,0.8686,1029.07,497.44,197.84,27.35,52.51,16.35,31.45,0.973,-0.61,-0.37,1.14,-0.028,NORMAL
3771.28,0.829,946.19,471.84,195.43,26.98,48.82,15.37,31.56,3.553,-39.79,0.26,0.23,2.672,CYLINDER_MISFIRE
2839.69,0.3461,681.31,285.41,132.03,19.94,50.26,8.78,43.33,0.579,31.67,15.62,-0.96,-0.023,OVERHEATING
3076.75,0.4591,763.13,338.95,146.71,21.33,50.79,9.93,37.89,0.735,33.82,21.37,0.06,0.062,OVERHEATING
3296.87,0.5194,775.72,350.17,156.63,22.46,51.65,10.93,28.93,0.732,-0.74,4.29,0.57,-0.007,NORMAL
2758.67,0.3644,717.3,276.57,129.37,20.14,48.51,5.01,27.53,0.598,60.7,2.61,-1.86,0.02,FUEL_RESTRICTION
3092.93,0.4216,754.3,326.98,140.12,20.69,51.82,9.91,37.11,0.614,46.7,22.42,0.3,-0.064,OVERHEATING
3987.05,0.8306,945.89,474.06,197.7,23.94,51.0,15.69,32.27,0.969,-51.84,-4.58,1.03,0.022,EXHAUST_LEAK
3180.67,0.4675,789.88,351.17,146.33,21.17,50.6,10.2,45.56,0.7,50.34,27.45,-0.66,-0.004,OVERHEATING
2931.98,0.3779,709.65,300.71,133.46,20.14,52.51,8.61,36.09,0.687,36.3,16.7,1.25,0.058,OVERHEATING
3050.3,0.4086,700.12,298.83,136.38,20.38,51.76,9.32,28.85,0.662,2.46,0.24,0.29,-0.003,NORMAL
3818.88,0.8145,1039.62,468.52,195.44,26.28,47.73,10.7,33.7,0.853,59.97,0.73,-1.43,-0.042,FUEL_RESTRICTION
4121.08,0.8581,1021.23,493.32,200.48,27.27,52.52,16.13,32.54,1.007,0.32,0.77,1.55,0.021,NORMAL
2792.9,0.4242,660.8,297.55,138.05,20.82,49.62,9.15,30.49,5.007,-33.35,1.06,0.1,4.419,CYLINDER_MISFIRE
2856.31,0.3471,589.39,270.52,129.84,17.17,50.52,8.33,28.17,0.641,-61.68,-0.12,-0.8,0.034,EXHAUST_LEAK
3307.27,0.6153,790.06,378.06,169.49,23.27,46.84,12.3,29.68,4.792,-44.51,-2.68,-2.58,4.05,CYLINDER_MISFIRE
3456.39,0.6564,914.03,401.8,173.88,24.18,50.31,7.22,30.83,0.753,47.39,1.81,0.66,-0.034,FUEL_RESTRICTION
2978.98,0.4514,784.61,312.75,144.74,21.27,50.55,5.54,27.72,0.653,64.81,0.87,0.32,0.009,FUEL_RESTRICTION
3429.28,0.629,889.22,390.02,168.68,23.86,51.0,7.33,30.13,0.799,40.37,0.71,1.03,0.021,FUEL_RESTRICTION
3949.96,0.766,893.29,456.87,189.95,24.16,50.12,14.71,31.3,0.939,-63.82,2.61,-0.77,0.004,EXHAUST_LEAK
4171.88,0.9418,1129.92,527.54,198.07,28.13,52.02,11.24,32.63,0.978,56.23,3.32,0.65,-0.023,FUEL_RESTRICTION
4284.49,0.9064,1010.39,517.35,200.94,25.45,53.2,16.61,32.94,1.047,-47.66,2.52,0.93,0.012,EXHAUST_LEAK
3870.05,0.7484,939.33,445.42,191.37,25.71,52.3,14.43,31.24,0.951,-3.2,-0.1,1.62,0.04,NORMAL
3037.04,0.4821,802.42,325.9,148.96,21.52,49.16,4.46,29.69,0.648,61.27,1.22,-0.9,-0.013,FUEL_RESTRICTION
4176.36,0.9141,1052.17,511.71,232.3,27.85,16.73,16.6,32.47,2.655,-5.11,-2.65,-34.68,1.652,LUBRICATION_ISSUE
3843.81,0.8562,966.87,484.76,197.61,26.88,48.27,15.64,31.9,3.69,-39.03,1.22,-0.48,2.786,CYLINDER_MISFIRE
3137.12,0.5237,768.65,344.38,183.2,22.4,25.67,11.13,30.12,1.54,-2.4,1.75,-24.29,0.848,LUBRICATION_ISSUE
3823.93,0.7295,962.62,458.89,185.14,25.28,51.28,14.03,39.7,0.945,33.71,21.54,0.56,0.048,OVERHEATING
3361.45,0.5358,726.48,353.64,157.99,19.45,49.9,11.19,29.68,0.788,-63.1,-0.11,-1.31,0.03,EXHAUST_LEAK
2975.85,0.3589,623.85,276.24,132.92,17.1,52.86,8.61,26.91,0.656,-40.26,-2.23,0.97,0.013,EXHAUST_LEAK
3731.36,0.6656,928.87,431.46,178.58,24.32,52.5,13.3,40.08,0.873,42.94,19.9,1.23,0.004,OVERHEATING
3579.64,0.6358,903.65,422.5,172.02,23.85,50.57,12.82,38.63,0.823,43.17,26.22,-0.25,-0.001,OVERHEATING
3968.4,0.7765,1007.83,474.79,194.07,26.26,49.99,15.14,47.82,0.906,43.53,16.21,-0.83,-0.034,OVERHEATING
3419.98,0.6274,923.39,389.97,170.15,23.6,50.83,6.67,28.69,0.806,75.94,1.5,0.9,0.03,FUEL_RESTRICTION
3205.32,0.4804,749.34,332.82,151.16,21.74,50.79,10.86,29.34,0.685,0.84,3.72,-0.4,-0.027,NORMAL
3856.92,0.7394,977.13,470.02,189.0,25.57,50.81,14.19,45.58,0.945,40.65,28.12,0.05,0.038,OVERHEATING
3014.99,0.4013,693.43,293.97,137.15,20.94,51.65,9.33,27.55,0.606,1.9,-0.95,0.27,-0.049,NORMAL
3191.63,0.5832,787.47,365.29,161.85,23.02,48.12,11.71,30.52,4.155,-22.03,-0.41,-1.13,3.448,CYLINDER_MISFIRE
3149.21,0.4388,763.23,335.34,146.27,21.86,51.62,10.05,38.34,0.735,42.5,22.9,0.05,0.04,OVERHEATING
3597.9,0.6276,898.57,413.13,171.05,23.62,51.68,12.76,40.05,0.801,42.09,19.24,0.59,-0.028,OVERHEATING
4387.71,0.9408,1039.71,528.39,203.3,26.72,55.59,17.68,32.02,1.031,-44.15,-1.92,2.49,-0.035,EXHAUST_LEAK
3835.58,0.7879,966.91,458.86,226.92,26.16,14.4,14.67,32.25,1.889,2.37,0.13,-35.35,0.988,LUBRICATION_ISSUE
3232.63,0.4867,712.23,330.67,152.17,20.01,51.59,10.46,28.59,0.704,-41.42,-1.52,0.34,-0.016,EXHAUST_LEAK
3198.34,0.4772,775.91,345.91,149.39,21.72,52.71,10.42,42.13,0.672,29.7,18.18,1.51,-0.038,OVERHEATING
3090.68,0.4372,756.34,335.79,145.37,20.97,50.39,9.73,38.37,0.671,39.5,25.68,-0.83,-0.007,OVERHEATING
4170.89,0.9194,1056.52,518.25,235.59,27.92,17.11,16.86,32.16,2.672,-3.68,2.14,-34.26,1.671,LUBRICATION_ISSUE
3195.78,0.5448,789.77,353.6,189.43,22.58,15.19,11.02,29.79,1.611,3.1,1.59,-34.78,0.902,LUBRICATION_ISSUE
3737.43,0.6923,951.6,448.45,181.2,24.99,51.68,13.71,39.45,0.811,49.32,27.08,0.85,-0.06,OVERHEATING
2879.69,0.4407,668.93,304.79,141.78,21.13,50.29,9.69,28.43,3.534,-39.49,-0.26,0.51,2.92,CYLINDER_MISFIRE
3653.98,0.6586,907.98,427.8,174.21,24.19,52.57,13.02,44.2,0.814,30.13,21.09,1.67,-0.032,OVERHEATING
4334.67,0.9205,1018.9,521.74,201.77,25.91,52.3,17.09,31.1,1.106,-50.12,0.33,-0.38,0.055,EXHAUST_LEAK
4201.71,0.8895,1003.03,506.53,199.8,24.18,52.29,16.69,33.18,1.069,-40.77,0.25,0.68,0.059,EXHAUST_LEAK
2606.96,0.3012,604.96,247.0,156.61,19.18,19.55,7.7,27.04,2.009,-6.12,0.35,-30.97,1.477,LUBRICATION_ISSUE
3693.54,0.6651,886.69,412.1,177.99,24.39,51.3,13.36,31.86,0.82,2.99,1.87,0.26,-0.038,NORMAL
3989.95,0.8732,1078.5,491.68,201.82,27.06,48.23,12.59,32.14,0.943,55.05,-2.39,-1.69,-0.004,FUEL_RESTRICTION
3927.0,0.8422,1078.15,482.54,199.77,27.12,47.49,12.34,33.78,0.899,76.48,1.54,-1.93,-0.029,FUEL_RESTRICTION
3376.09,0.5405,795.21,357.44,160.02,22.45,49.89,11.03,29.03,0.732,2.1,1.57,-1.32,-0.031,NORMAL
2691.79,0.3811,622.84,275.42,132.91,20.15,49.09,8.78,28.84,4.434,-40.38,-2.51,-0.55,3.876,CYLINDER_MISFIRE
3119.19,0.4296,731.43,337.13,143.82,21.24,51.46,9.72,45.91,0.745,17.73,28.91,-0.08,0.06,OVERHEATING
3065.98,0.5087,735.77,336.3,150.43,21.73,50.49,10.55,28.96,3.621,-22.75,1.19,0.72,2.951,CYLINDER_MISFIRE
4191.53,0.8635,967.53,493.29,200.39,23.84,52.75,16.26,32.57,0.916,-60.15,-3.31,1.21,-0.091,EXHAUST_LEAK
3168.92,0.5512,790.77,354.1,192.84,22.71,15.91,11.25,30.12,2.334,1.59,0.6,-33.77,1.633,LUBRICATION_ISSUE
3806.48,0.8264,937.58,473.68,195.35,27.02,47.17,15.28,30.92,4.563,-48.56,1.99,-1.7,3.671,CYLINDER_MISFIRE
4108.88,0.9139,1023.74,511.68,201.75,27.72,49.19,16.45,31.32,4.814,-30.08,-0.61,-1.68,3.832,CYLINDER_MISFIRE
3411.16,0.6243,844.37,388.1,191.12,23.63,19.9,12.08,29.94,1.968,-0.75,1.02,-30.03,1.194,LUBRICATION_ISSUE
4145.53,0.8769,1078.95,524.46,200.22,26.9,51.09,16.34,43.34,0.971,45.51,24.4,-0.07,-0.023,OVERHEATING
3567.25,0.6853,887.43,411.83,205.61,24.84,28.97,13.27,28.92,2.514,-2.1,-1.89,-20.88,1.694,LUBRICATION_ISSUE
2888.25,0.3466,704.85,296.68,128.32,19.84,51.12,8.29,44.1,0.592,52.5,25.27,-0.42,-0.024,OVERHEATING
3492.18,0.593,789.05,376.13,164.54,20.85,51.69,11.92,28.52,0.772,-41.37,-2.13,0.66,-0.026,EXHAUST_LEAK
3837.83,0.7343,878.24,434.71,185.41,21.71,52.83,14.37,31.2,0.867,-54.21,-4.76,2.1,-0.034,EXHAUST_LEAK
3383.28,0.6171,835.38,382.53,199.06,23.39,21.26,12.44,31.13,1.573,-4.07,-1.14,-28.62,0.808,LUBRICATION_ISSUE
4143.1,0.9337,1107.18,521.24,202.57,27.86,49.94,13.26,32.93,0.998,39.82,0.83,-1.2,0.005,FUEL_RESTRICTION
3012.78,0.4046,642.82,295.36,137.42,18.19,53.86,9.33,27.18,0.692,-50.59,-0.68,2.56,0.038,EXHAUST_LEAK
2984.12,0.4628,778.54,317.84,143.6,21.17,51.53,4.53,29.37,0.551,51.66,1.71,1.46,-0.094,FUEL_RESTRICTION
2932.18,0.3789,677.93,285.48,135.47,20.74,50.47,9.01,28.08,0.64,3.98,1.11,-0.77,0.011,NORMAL
3038.57,0.4018,622.87,293.86,137.85,19.57,50.53,9.45,28.03,0.664,-70.16,-1.96,-0.99,0.002,EXHAUST_LEAK
3167.74,0.5248,847.95,345.01,152.36,22.41,51.78,4.89,28.59,0.715,74.66,1.04,1.64,0.014,FUEL_RESTRICTION
2947.81,0.4325,710.48,300.95,172.96,20.92,21.59,9.5,29.52,1.831,3.59,-3.18,-28.79,1.196,LUBRICATION_ISSUE
4248.77,0.8932,1050.47,510.56,202.41,27.78,53.61,16.83,32.38,1.026,2.12,1.55,1.62,0.001,NORMAL
3134.44,0.465,762.29,347.57,141.36,21.73,48.98,10.24,37.39,0.775,26.55,26.13,-2.02,0.085,OVERHEATING
3164.84,0.5257,777.22,341.32,181.25,22.24,33.65,10.85,30.42,2.239,3.56,-2.88,-16.46,1.54,LUBRICATION_ISSUE
3226.16,0.5649,869.31,362.79,163.07,22.83,49.7,7.93,28.55,0.632,69.07,2.64,-0.11,-0.086,FUEL_RESTRICTION
2613.71,0.3215,668.43,253.11,124.58,19.4,48.52,3.67,27.6,0.597,44.84,-1.04,-1.68,0.063,FUEL_RESTRICTION
3469.83,0.5892,820.4,375.87,165.61,23.42,51.78,12.12,29.07,0.715,-6.59,-0.32,0.83,-0.076,NORMAL
3019.89,0.5214,727.56,340.03,152.8,22.62,48.74,10.79,29.65,4.343,-36.29,1.72,-0.51,3.687,CYLINDER_MISFIRE
3009.49,0.4836,779.24,324.58,147.08,21.78,48.56,4.91,28.65,0.639,38.61,0.2,-1.3,-0.013,FUEL_RESTRICTION
2907.74,0.344,687.31,298.99,127.42,19.63,53.41,8.44,43.05,0.667,35.53,27.92,1.7,0.045,OVERHEATING
3552.3,0.7311,873.36,429.39,182.51,25.31,50.37,13.96,30.79,4.824,-42.94,-0.4,1.44,4.009,CYLINDER_MISFIRE
3739.58,0.6927,895.3,422.93,179.3,24.73,49.34,13.56,30.57,0.883,-7.31,1.37,-1.5,0.011,NORMAL
4141.44,0.8611,960.94,490.6,202.55,23.73,50.42,15.98,31.46,0.982,-62.77,-3.63,-0.71,-0.011,EXHAUST_LEAK
2791.77,0.4326,674.7,300.63,137.55,20.85,50.37,9.2,27.7,3.343,-24.47,1.13,1.01,2.755,CYLINDER_MISFIRE
3243.4,0.5673,876.02,363.73,160.78,22.73,47.85,7.06,29.6,0.621,73.47,2.2,-2.02,-0.102,FUEL_RESTRICTION
2903.05,0.415,691.87,294.16,156.38,21.06,18.05,9.38,27.93,2.308,-2.31,-2.35,-32.35,1.687,LUBRICATION_ISSUE
3371.05,0.591,819.07,375.51,201.24,22.89,23.33,12.07,29.93,2.218,-4.06,1.63,-26.94,1.456,LUBRICATION_ISSUE
3787.78,0.6865,850.45,418.53,179.48,21.97,50.48,13.7,30.27,0.858,-50.87,-2.26,-0.78,-0.029,EXHAUST_LEAK
3677.01,0.666,810.16,409.05,179.57,21.18,51.55,13.52,31.06,0.877,-73.26,-1.0,0.64,0.024,EXHAUST_LEAK
3889.01,0.7686,889.14,454.08,192.31,22.58,50.88,14.73,32.47,0.917,-66.48,0.71,0.43,0.0,EXHAUST_LEAK
4083.38,0.9056,1125.46,505.31,199.05,27.57,51.32,11.53,33.83,0.9,77.94,-3.2,0.65,-0.075,FUEL_RESTRICTION
3070.01,0.5356,728.0,346.43,155.02,22.41,48.71,10.89,28.18,4.47,-46.86,1.52,-0.6,3.799,CYLINDER_MISFIRE
4084.2,0.8899,1038.0,504.36,219.71,27.37,19.47,16.33,32.83,1.902,-0.13,1.48,-31.2,0.927,LUBRICATION_ISSUE
3207.13,0.6067,795.05,374.1,165.84,23.64,49.9,12.15,30.02,4.764,-29.31,-0.51,0.97,4.052,CYLINDER_MISFIRE
3963.65,0.8909,985.58,498.14,199.46,27.65,49.77,16.29,31.58,3.915,-47.12,-1.48,0.06,2.975,CYLINDER_MISFIRE
3561.01,0.6303,878.45,410.46,175.14,23.6,50.18,12.72,47.67,0.839,22.2,16.72,-0.62,0.021,OVERHEATING
2796.01,0.3887,742.27,283.87,134.14,20.51,46.34,5.81,27.96,0.596,69.27,0.06,-3.84,0.007,FUEL_RESTRICTION
4219.58,0.9036,1102.65,541.29,200.19,27.61,53.12,16.66,43.13,1.068,49.52,29.41,1.37,0.052,OVERHEATING
3180.69,0.5353,780.18,347.13,186.97,22.25,26.62,10.76,28.72,2.122,-0.02,-0.99,-23.42,1.418,LUBRICATION_ISSUE
3598.66,0.7328,924.1,427.95,210.01,25.0,27.88,14.21,31.04,2.029,4.51,-3.8,-21.32,1.199,LUBRICATION_ISSUE
4176.1,0.9308,1064.91,521.89,220.34,27.74,28.94,17.06,31.78,2.524,-2.38,1.52,-22.46,1.521,LUBRICATION_ISSUE
2867.79,0.3561,612.91,274.19,131.91,16.17,51.32,8.73,27.72,0.63,-44.15,-0.05,0.09,0.02,EXHAUST_LEAK
2845.56,0.3586,655.09,274.88,132.51,20.21,49.57,8.86,28.48,0.604,-2.36,0.41,-1.47,-0.0,NORMAL
3916.45,0.8237,990.76,472.35,220.03,26.56,22.96,15.45,31.1,1.888,0.71,-1.68,-26.67,0.964,LUBRICATION_ISSUE
3610.82,0.6383,817.48,399.15,171.49,22.27,50.01,12.86,29.93,0.882,-46.07,1.02,-0.97,0.048,EXHAUST_LEAK
3624.06,0.6365,857.04,394.11,171.24,23.73,52.78,12.75,31.09,0.815,-6.04,-3.74,1.68,-0.023,NORMAL
3630.52,0.6635,879.72,410.51,173.47,24.34,50.01,13.14,30.88,0.848,0.1,2.74,-0.65,0.009,NORMAL
2852.62,0.3346,599.33,264.33,127.29,15.25,51.44,8.59,27.25,0.586,-44.05,-1.7,-0.08,-0.02,EXHAUST_LEAK
3296.87,0.5103,805.32,361.84,157.92,22.31,50.95,10.75,45.79,0.752,34.29,19.22,-0.29,0.013,OVERHEATING
3666.53,0.6708,886.09,411.77,174.9,24.59,49.7,13.26,31.3,0.887,0.32,0.3,-1.06,0.037,NORMAL
3182.83,0.4637,661.68,324.52,148.05,18.96,52.41,10.3,28.41,0.71,-75.65,2.12,1.07,0.005,EXHAUST_LEAK
2878.27,0.3599,623.32,276.87,132.85,16.34,49.85,8.57,27.54,0.573,-36.54,0.95,-1.38,-0.041,EXHAUST_LEAK
2840.24,0.3366,642.74,264.98,125.94,19.57,50.79,8.27,29.26,0.577,-1.24,-1.41,-0.61,-0.025,NORMAL
4175.19,0.866,1032.66,498.14,200.53,26.79,50.28,16.36,32.38,1.031,4.31,1.13,-1.12,0.029,NORMAL
3192.57,0.4791,750.8,326.2,150.31,21.59,50.97,10.39,27.63,0.677,3.7,-2.06,-0.16,-0.031,NORMAL
2828.78,0.326,580.8,256.73,123.75,17.66,52.13,8.02,28.08,0.638,-56.25,-5.49,0.61,0.039,EXHAUST_LEAK
3360.93,0.5434,831.69,386.51,160.94,22.59,50.38,11.31,43.86,0.833,37.6,30.05,-0.68,0.075,OVERHEATING
4030.87,0.9152,1016.34,511.16,197.0,28.09,51.72,16.9,32.96,4.528,-34.34,0.75,1.47,3.569,CYLINDER_MISFIRE
2828.66,0.4213,757.5,295.68,138.06,21.1,50.3,4.07,27.97,0.621,63.3,-0.84,0.49,0.023,FUEL_RESTRICTION
3076.09,0.4835,741.53,325.86,184.07,21.82,17.51,10.32,29.22,1.679,-2.39,-0.49,-32.78,1.006,LUBRICATION_ISSUE
3878.29,0.8456,971.14,482.92,203.5,26.65,50.16,15.65,31.12,4.711,-30.12,2.16,1.13,3.798,CYLINDER_MISFIRE
4148.39,0.9331,1068.81,522.49,235.6,27.98,17.01,16.9,33.37,2.276,1.5,2.11,-34.18,1.282,LUBRICATION_ISSUE
3890.65,0.7715,958.35,454.0,189.7,26.19,49.49,14.83,32.02,0.895,0.92,-0.46,-0.91,-0.022,NORMAL
2636.84,0.3279,627.08,257.29,150.83,19.51,31.25,8.11,27.37,2.147,-1.49,0.15,-18.99,1.606,LUBRICATION_ISSUE
2906.8,0.3744,602.15,284.02,135.06,18.29,50.69,8.57,27.43,0.582,-67.84,2.03,-0.47,-0.04,EXHAUST_LEAK
2809.18,0.3557,611.4,270.38,130.04,16.83,52.24,8.48,27.87,0.605,-42.45,-1.93,1.39,0.012,EXHAUST_LEAK
3462.23,0.6469,941.18,397.54,171.4,23.95,50.04,6.84,28.12,0.762,79.9,0.77,0.18,-0.027,FUEL_RESTRICTION
2991.93,0.4402,715.33,305.48,168.97,21.05,30.26,9.74,27.74,1.565,1.6,-2.76,-20.27,0.917,LUBRICATION_ISSUE
3342.74,0.6205,914.44,387.14,166.08,23.65,48.15,8.99,29.02,0.725,74.97,3.46,-1.41,-0.028,FUEL_RESTRICTION
4197.04,0.8846,1094.73,525.18,199.22,27.14,52.07,16.29,48.06,1.002,54.14,20.82,0.49,-0.007,OVERHEATING
2946.95,0.4002,631.17,290.47,139.27,18.65,49.87,9.32,28.84,0.592,-56.28,-2.0,-1.08,-0.042,EXHAUST_LEAK
3479.43,0.7095,864.7,420.23,178.83,24.8,48.08,13.52,32.26,4.238,-34.95,0.44,-0.76,3.444,CYLINDER_MISFIRE
3398.46,0.6405,824.73,389.19,171.66,23.86,48.49,12.47,31.04,3.694,-29.47,-3.33,-1.07,2.924,CYLINDER_MISFIRE
3438.89,0.5605,750.52,363.44,161.9,19.76,51.95,11.73,28.85,0.767,-57.71,-1.49,0.68,-0.014,EXHAUST_LEAK
2680.57,0.3158,620.9,254.0,151.74,19.32,23.09,7.83,26.99,1.964,-2.63,-0.12,-27.65,1.41,LUBRICATION_ISSUE
3066.6,0.5428,747.24,346.9,154.78,22.73,49.73,11.1,28.88,4.383,-31.76,-0.5,0.57,3.713,CYLINDER_MISFIRE
3550.36,0.6865,948.91,413.98,178.99,24.47,48.42,9.8,31.73,0.776,59.51,0.34,-1.3,-0.039,FUEL_RESTRICTION
3023.87,0.4068,717.53,327.15,140.4,20.97,50.7,9.37,37.21,0.702,22.24,29.98,-0.63,0.045,OVERHEATING
3685.79,0.7376,925.76,432.23,213.17,25.53,15.28,14.0,31.25,1.778,-1.08,-3.87,-34.4,0.922,LUBRICATION_ISSUE
4015.74,0.7938,937.13,465.19,196.86,22.64,52.66,15.38,31.04,0.952,-39.91,-1.03,1.84,-0.003,EXHAUST_LEAK
2583.2,0.3503,602.18,263.07,128.49,19.97,48.21,8.15,28.82,5.035,-37.16,-0.54,-1.27,4.51,CYLINDER_MISFIRE
3959.33,0.7743,1008.46,485.74,194.33,25.77,51.24,14.72,39.65,0.928,45.9,28.21,0.44,-0.009,OVERHEATING
3743.76,0.6981,908.65,425.17,180.93,24.94,49.78,13.6,28.98,0.82,2.59,1.54,-0.99,-0.053,NORMAL
2994.41,0.4072,644.44,296.33,137.88,17.09,50.36,9.46,27.7,0.645,-49.61,-0.1,-0.77,-0.003,EXHAUST_LEAK
3608.4,0.6452,862.84,399.26,173.82,23.99,52.61,12.65,29.56,0.893,-4.71,-1.27,1.77,0.061,NORMAL
3806.8,0.803,1036.28,459.44,194.8,26.08,49.58,9.94,30.75,0.852,64.14,-3.85,0.29,-0.04,FUEL_RESTRICTION
3909.58,0.7554,950.31,449.95,192.39,25.58,49.4,14.62,32.71,0.882,1.6,0.72,-1.42,-0.041,NORMAL
3321.89,0.5716,812.14,365.88,182.67,22.93,33.05,11.55,30.63,1.544,3.07,0.44,-17.26,0.798,LUBRICATION_ISSUE
3476.98,0.5897,752.27,378.67,167.39,19.96,50.37,11.98,28.17,0.745,-75.38,2.08,-0.61,-0.048,EXHAUST_LEAK
2669.28,0.352,696.46,270.33,129.57,19.56,50.35,4.02,28.05,0.615,51.78,3.53,0.33,0.065,FUEL_RESTRICTION
3382.05,0.5477,840.12,380.11,161.21,22.48,49.53,11.23,46.17,0.788,42.4,21.48,-1.6,0.024,OVERHEATING
3769.94,0.6924,948.64,448.42,181.16,24.83,51.51,13.47,47.96,0.898,44.72,26.07,0.47,0.017,OVERHEATING
3443.5,0.6277,846.17,389.58,191.5,23.96,24.01,12.58,28.97,1.899,-2.64,0.29,-26.08,1.116,LUBRICATION_ISSUE
2864.12,0.3535,686.61,290.09,132.0,19.91,52.89,8.44,40.81,0.636,31.3,16.9,1.64,0.026,OVERHEATING
3922.75,0.8241,991.43,473.79,231.66,26.63,20.41,15.4,30.62,2.126,0.84,-0.57,-29.25,1.199,LUBRICATION_ISSUE
4221.0,0.8746,973.45,499.82,199.92,24.53,52.89,16.45,33.52,0.978,-62.38,-1.67,1.12,-0.038,EXHAUST_LEAK
3492.05,0.605,769.45,378.53,167.73,21.33,50.91,11.96,29.82,0.866,-68.16,-4.04,0.11,0.068,EXHAUST_LEAK
2726.32,0.4003,646.69,285.52,133.96,20.15,49.87,8.99,28.49,3.231,-29.8,-0.37,0.36,2.663,CYLINDER_MISFIRE
2896.33,0.4078,687.66,292.61,164.49,20.88,24.93,9.27,27.89,1.451,-1.81,-1.08,-25.56,0.832,LUBRICATION_ISSUE
2817.99,0.4152,750.52,293.08,139.3,21.0,50.35,4.46,29.34,0.576,60.48,-0.95,0.51,-0.02,FUEL_RESTRICTION
3173.18,0.5779,769.75,359.34,160.94,22.95,49.0,11.5,27.86,4.023,-35.64,-3.9,-0.23,3.321,CYLINDER_MISFIRE
3244.29,0.6061,802.6,376.67,164.62,23.7,48.92,11.96,30.04,3.496,-23.28,1.14,-0.26,2.773,CYLINDER_MISFIRE
2959.38,0.4007,728.64,315.09,137.1,20.58,50.83,9.2,41.07,0.669,40.25,22.06,-0.2,0.031,OVERHEATING
4065.46,0.8695,1101.37,493.33,198.91,26.82,50.44,10.52,30.34,0.932,76.39,-1.66,-0.08,-0.037,FUEL_RESTRICTION
3819.56,0.7864,957.66,458.03,218.46,25.98,25.06,14.69,31.24,2.55,-5.15,0.35,-24.62,1.654,LUBRICATION_ISSUE
3794.38,0.7783,953.6,454.11,216.13,25.67,21.65,14.64,31.79,2.324,-3.12,0.08,-28.01,1.436,LUBRICATION_ISSUE
3056.4,0.4773,737.39,322.25,166.04,21.48,17.13,10.13,27.96,1.748,-1.79,-1.25,-33.15,1.081,LUBRICATION_ISSUE
3900.28,0.8568,978.38,483.08,199.9,26.79,47.44,15.53,31.72,3.565,-30.7,-2.37,-1.76,2.645,CYLINDER_MISFIRE
2683.23,0.3676,612.89,271.84,130.67,20.1,48.22,8.55,27.46,3.178,-41.82,-0.98,-1.61,2.623,CYLINDER_MISFIRE
3361.7,0.5615,728.94,362.33,160.99,20.16,50.83,11.26,28.51,0.869,-76.07,-0.67,0.08,0.11,EXHAUST_LEAK
2877.44,0.447,680.21,308.01,141.63,21.18,49.42,9.74,29.83,3.333,-31.84,0.78,-0.24,2.72,CYLINDER_MISFIRE
3707.6,0.7215,913.31,432.01,204.49,25.16,28.51,13.95,30.18,1.814,-4.96,1.05,-21.61,0.952,LUBRICATION_ISSUE
4008.18,0.8917,1006.1,499.12,200.47,27.52,50.19,16.42,33.0,5.386,-29.35,-2.15,0.12,4.433,CYLINDER_MISFIRE
3655.09,0.6471,824.34,402.25,173.47,20.05,50.82,12.8,29.74,0.849,-46.65,-0.34,-0.29,0.002,EXHAUST_LEAK
3283.6,0.6297,796.27,382.17,167.93,23.73,50.08,12.31,30.63,4.032,-45.73,-3.03,1.08,3.297,CYLINDER_MISFIRE
3933.34,0.8716,976.49,490.91,200.87,27.41,50.57,16.05,33.07,4.699,-43.15,-0.88,1.1,3.769,CYLINDER_MISFIRE
3964.98,0.8825,1074.63,498.76,200.2,27.07,49.12,12.06,32.51,0.983,46.87,2.1,-0.6,0.043,FUEL_RESTRICTION
3846.04,0.7323,882.5,437.53,187.01,23.35,51.27,14.13,31.2,0.878,-49.17,-1.47,0.45,-0.026,EXHAUST_LEAK
3534.84,0.6532,870.23,402.13,198.84,24.04,21.74,12.6,29.84,2.357,1.6,0.95,-28.48,1.546,LUBRICATION_ISSUE
3730.66,0.7734,926.27,450.18,188.77,25.39,49.44,14.55,28.66,4.228,-24.29,-0.16,0.11,3.359,CYLINDER_MISFIRE
3564.23,0.619,776.26,389.76,168.95,21.07,52.17,12.48,29.61,0.769,-73.37,-0.02,1.14,-0.05,EXHAUST_LEAK
3452.03,0.5928,857.85,394.93,166.3,23.6,50.59,12.08,42.39,0.738,29.57,17.96,-0.18,-0.048,OVERHEATING
2744.03,0.3697,705.69,276.5,132.37,20.36,49.98,3.09,27.99,0.538,46.68,1.1,-0.2,-0.035,FUEL_RESTRICTION
4167.08,0.8713,976.52,498.74,201.53,23.31,52.43,15.89,32.86,0.949,-54.6,0.07,1.09,-0.052,EXHAUST_LEAK
2896.35,0.4161,694.46,296.96,165.14,20.95,32.61,9.33,27.04,2.03,-0.04,0.27,-17.72,1.411,LUBRICATION_ISSUE
3601.04,0.6263,862.02,396.05,165.85,23.86,50.57,12.47,30.11,0.824,6.21,2.57,-0.56,-0.006,NORMAL
3738.66,0.6938,940.04,450.63,179.73,24.6,49.76,13.69,45.73,0.915,36.82,28.7,-1.06,0.043,OVERHEATING
2547.16,0.3036,648.4,245.86,121.85,19.39,51.11,3.15,27.62,0.452,38.9,0.16,1.01,-0.063,FUEL_RESTRICTION
3940.37,0.8457,1056.51,483.0,200.65,26.52,50.56,12.8,31.97,0.878,52.06,0.32,1.04,-0.054,FUEL_RESTRICTION
3214.56,0.5641,751.74,361.38,158.15,23.06,48.58,11.63,29.41,3.864,-47.42,1.89,-1.16,3.149,CYLINDER_MISFIRE
2859.5,0.3499,605.69,273.33,130.75,16.36,52.59,8.44,27.55,0.626,-47.23,1.58,1.3,0.018,EXHAUST_LEAK
3587.05,0.7178,976.49,426.79,184.01,25.24,49.28,10.26,31.87,0.798,66.43,0.75,-0.11,-0.028,FUEL_RESTRICTION
3686.34,0.7358,994.57,433.34,183.75,25.21,49.28,8.7,30.33,0.869,68.79,-2.14,-0.44,0.013,FUEL_RESTRICTION
4114.51,0.8376,945.15,482.76,201.66,23.28,51.26,15.93,32.41,1.028,-63.12,-2.2,0.34,0.043,EXHAUST_LEAK
4141.64,0.8636,1024.29,495.41,202.27,27.17,50.69,16.06,31.77,1.058,-0.98,0.25,-0.45,0.065,NORMAL
3419.47,0.6667,819.8,403.55,175.77,24.16,49.37,12.77,29.4,4.657,-51.19,0.96,0.14,3.881,CYLINDER_MISFIRE
3959.74,0.8856,991.35,499.3,199.81,27.68,49.31,16.3,32.59,5.335,-38.01,1.68,-0.37,4.397,CYLINDER_MISFIRE
3416.41,0.638,848.44,393.07,188.07,23.68,21.53,12.74,29.65,2.38,-5.2,0.88,-28.19,1.605,LUBRICATION_ISSUE
3018.21,0.4094,692.44,295.95,138.06,21.0,52.8,9.29,29.26,0.649,-4.08,-1.96,1.55,-0.007,NORMAL
2948.98,0.4355,755.77,307.56,143.44,20.93,50.58,6.03,28.55,0.648,47.04,2.32,0.25,0.014,FUEL_RESTRICTION
3533.3,0.618,885.47,404.82,169.98,23.87,48.14,12.29,41.73,0.81,37.98,16.33,-2.7,-0.0,OVERHEATING
3801.34,0.7171,954.48,455.21,181.55,24.92,51.28,13.86,39.06,0.975,34.15,23.01,0.47,0.085,OVERHEATING
3846.43,0.7408,984.65,460.81,187.7,25.03,51.92,14.31,46.3,0.871,47.84,18.73,1.26,-0.033,OVERHEATING
3462.92,0.5723,850.15,398.27,162.91,23.03,50.55,12.01,44.15,0.754,33.61,28.35,-0.65,-0.035,OVERHEATING
3390.6,0.5633,855.33,386.31,162.21,23.13,50.04,11.61,38.1,0.75,47.8,21.8,-0.86,-0.017,OVERHEATING
4231.89,0.9421,1077.48,526.26,221.99,28.16,29.35,17.38,32.86,2.309,0.61,0.13,-22.51,1.289,LUBRICATION_ISSUE
3334.83,0.5526,797.37,356.38,158.75,22.77,49.89,11.61,30.65,0.66,-0.91,-2.59,-0.84,-0.09,NORMAL
4012.02,0.8,980.23,468.98,196.55,26.09,49.75,15.06,30.65,0.946,-0.35,0.64,-0.93,-0.008,NORMAL
3229.89,0.5626,764.46,357.18,159.65,22.74,52.07,11.19,29.87,4.568,-34.57,-2.23,2.21,3.849,CYLINDER_MISFIRE
3370.52,0.6534,822.4,396.18,171.49,24.37,49.8,12.88,30.56,4.891,-38.15,-0.15,0.65,4.13,CYLINDER_MISFIRE
3091.06,0.4393,641.63,311.23,143.9,19.58,50.07,9.82,28.4,0.717,-76.5,0.36,-1.11,0.039,EXHAUST_LEAK
3750.11,0.7054,913.95,422.61,179.93,25.01,50.44,13.74,29.89,0.885,3.19,-3.85,-0.23,0.01,NORMAL
3607.61,0.6505,873.41,399.25,172.65,24.29,49.56,12.9,30.64,0.794,2.75,-3.14,-1.18,-0.039,NORMAL
2887.79,0.4257,763.49,299.84,139.35,21.18,48.73,3.86,28.43,0.684,63.71,-0.03,-1.38,0.068,FUEL_RESTRICTION
2836.53,0.4249,665.62,294.72,139.36,20.9,50.2,9.12,29.31,4.993,-31.14,-3.33,0.41,4.392,CYLINDER_MISFIRE
3596.96,0.747,885.53,436.7,188.31,25.83,48.57,13.99,31.72,3.78,-42.51,-0.12,-0.37,2.951,CYLINDER_MISFIRE
2726.42,0.3834,623.15,279.33,133.76,20.45,49.51,8.66,28.53,4.994,-43.22,-0.5,-0.31,4.426,CYLINDER_MISFIRE
3468.0,0.587,829.2,375.29,164.99,23.59,51.6,11.96,28.56,0.806,3.6,-0.06,0.62,0.016,NORMAL
3731.09,0.7845,1017.49,450.19,191.5,25.73,49.8,9.52,30.3,0.885,60.26,-4.15,0.67,0.015,FUEL_RESTRICTION
3046.98,0.4854,810.06,324.99,148.78,21.7,51.77,4.43,28.98,0.72,66.48,-1.16,1.7,0.056,FUEL_RESTRICTION
4021.61,0.89,1085.38,500.13,199.65,27.39,49.66,13.15,33.32,0.951,50.32,-0.91,-0.51,-0.005,FUEL_RESTRICTION
2896.11,0.3775,671.87,283.56,132.72,19.96,51.78,9.04,27.2,0.682,0.56,0.78,0.75,0.064,NORMAL
3693.46,0.6737,891.27,415.67,177.66,24.65,50.78,13.21,30.08,0.869,2.37,2.33,-0.1,0.011,NORMAL
2670.51,0.3372,686.77,258.58,128.98,19.93,50.07,4.52,26.97,0.561,50.91,-2.94,-0.22,0.01,FUEL_RESTRICTION
2856.31,0.44,678.65,302.24,143.09,21.12,47.98,9.44,28.04,4.439,-28.16,-1.85,-1.67,3.832,CYLINDER_MISFIRE
2614.97,0.345,596.36,258.82,128.12,19.75,50.84,8.08,27.27,5.063,-41.36,-3.81,1.06,4.528,CYLINDER_MISFIRE
2863.53,0.3575,652.94,276.16,130.73,19.74,50.12,8.36,27.97,0.632,-4.75,1.55,-1.06,0.023,NORMAL
3019.48,0.4199,632.68,300.46,139.88,17.85,49.96,9.7,28.08,0.61,-70.22,-1.28,-1.1,-0.045,EXHAUST_LEAK
3659.02,0.6661,845.54,407.44,176.33,20.48,49.22,13.19,30.42,0.872,-37.08,-2.13,-1.57,0.024,EXHAUST_LEAK
2876.24,0.4136,696.13,291.48,172.95,20.89,29.98,9.19,28.68,1.921,4.17,-3.7,-20.27,1.308,LUBRICATION_ISSUE
2668.85,0.3456,641.4,262.66,148.05,20.01,24.81,8.11,27.42,2.279,0.58,-1.84,-25.31,1.729,LUBRICATION_ISSUE
4076.85,0.9399,1027.79,519.73,198.3,28.11,50.51,16.77,32.81,4.749,-39.98,-0.93,-0.11,3.776,CYLINDER_MISFIRE
3672.05,0.6705,814.28,413.79,178.0,20.49,51.69,13.16,29.84,0.863,-71.61,2.25,0.89,0.011,EXHAUST_LEAK
2703.86,0.3725,717.35,270.99,131.61,20.3,48.87,2.8,28.1,0.569,58.65,-4.23,-1.0,0.008,FUEL_RESTRICTION
3160.48,0.5142,833.07,341.16,154.36,22.54,50.73,6.97,28.76,0.664,66.55,1.25,0.44,-0.034,FUEL_RESTRICTION
3429.19,0.5611,845.45,381.27,163.6,22.88,49.31,11.66,40.04,0.803,37.36,16.42,-1.88,0.024,OVERHEATING
4129.9,0.8345,1043.03,505.11,199.86,26.92,52.4,15.83,45.51,1.006,35.81,20.78,1.36,0.017,OVERHEATING
2908.11,0.3687,593.62,277.97,131.53,18.37,51.23,8.65,28.79,0.599,-72.99,-2.0,-0.04,-0.024,EXHAUST_LEAK
4227.46,0.8899,1042.14,506.71,201.46,27.3,51.78,16.41,31.17,1.015,-3.14,-0.46,-0.04,-0.003,NORMAL
3239.11,0.4856,695.95,332.36,150.26,20.09,53.61,10.42,28.81,0.682,-57.35,0.38,2.3,-0.04,EXHAUST_LEAK
3965.2,0.7725,911.95,456.82,192.31,22.92,49.41,14.86,30.88,0.88,-49.79,-0.22,-1.46,-0.06,EXHAUST_LEAK
4088.69,0.9001,1118.43,508.11,200.51,27.85,50.39,13.3,32.02,1.002,73.95,1.43,-0.32,0.026,FUEL_RESTRICTION
3705.79,0.6837,898.6,418.08,177.65,24.3,50.96,13.43,30.54,0.861,3.09,0.78,0.18,-0.001,NORMAL
3594.3,0.6355,907.42,411.62,170.67,23.83,51.8,12.74,40.67,0.789,46.38,15.0,0.87,-0.039,OVERHEATING
2758.6,0.3761,664.44,278.47,155.83,20.5,25.39,8.63,27.94,2.262,0.87,0.32,-24.77,1.685,LUBRICATION_ISSUE
3560.47,0.6918,946.7,416.11,177.66,24.86,50.38,10.37,31.09,0.826,53.61,0.26,0.69,0.008,FUEL_RESTRICTION
2964.98,0.4853,705.06,322.93,150.29,21.99,50.22,10.27,29.05,3.985,-34.39,-0.75,0.68,3.346,CYLINDER_MISFIRE
3898.2,0.7801,1010.93,486.47,193.69,25.88,49.05,14.85,43.73,0.842,47.94,28.68,-1.25,-0.077,OVERHEATING
3666.72,0.675,886.28,412.81,178.29,24.77,48.45,13.23,28.7,0.851,-2.05,-0.19,-2.23,0.001,NORMAL
3418.19,0.6392,852.39,394.04,199.42,23.93,21.4,12.47,29.79,2.002,-2.06,1.37,-28.31,1.227,LUBRICATION_ISSUE
3647.55,0.7207,979.93,429.79,182.38,24.96,51.72,9.12,29.64,0.822,65.15,0.92,1.98,-0.023,FUEL_RESTRICTION
3476.75,0.5954,785.04,375.86,165.41,21.88,48.6,12.07,30.14,0.718,-46.01,-2.77,-2.29,-0.075,EXHAUST_LEAK
2966.29,0.4437,714.55,310.74,157.81,21.03,17.66,9.72,29.15,1.774,0.01,2.01,-32.64,1.134,LUBRICATION_ISSUE
3371.98,0.6109,881.55,378.18,166.29,23.77,48.12,6.26,29.17,0.695,46.42,-2.9,-1.8,-0.067,FUEL_RESTRICTION
3072.05,0.4973,803.56,330.5,149.45,22.13,50.39,5.19,28.67,0.66,51.6,-0.67,0.38,-0.012,FUEL_RESTRICTION
3862.36,0.8215,1028.52,469.82,196.48,26.52,49.91,12.14,31.06,0.919,42.53,-1.78,0.59,0.011,FUEL_RESTRICTION
4024.31,0.8733,1020.3,495.84,230.87,27.34,27.18,16.14,32.34,2.275,-4.92,0.71,-23.02,1.318,LUBRICATION_ISSUE
3462.07,0.5758,823.26,369.7,161.24,23.0,50.01,11.76,30.1,0.787,4.65,-1.47,-1.12,-0.002,NORMAL
3272.5,0.5365,788.6,356.44,187.66,22.45,21.14,11.31,30.98,2.084,3.08,5.13,-29.47,1.352,LUBRICATION_ISSUE
3246.81,0.6185,790.54,377.42,165.39,23.92,51.21,12.04,30.04,3.553,-42.91,-2.65,2.24,2.829,CYLINDER_MISFIRE
3962.39,0.7819,1001.47,483.95,193.06,25.99,51.24,14.97,46.93,0.951,34.2,23.58,0.56,0.013,OVERHEATING
3408.95,0.5717,811.0,365.81,162.07,22.86,48.92,12.06,30.58,0.742,-2.45,-2.27,-1.95,-0.031,NORMAL
2613.7,0.3022,611.48,245.63,156.85,19.19,33.71,7.76,26.32,1.914,-0.52,-1.57,-16.84,1.38,LUBRICATION_ISSUE
2580.96,0.3292,596.9,257.63,127.15,19.54,49.33,7.8,29.16,4.052,-29.66,1.7,-0.52,3.528,CYLINDER_MISFIRE
2986.84,0.4601,764.28,315.67,146.68,21.39,48.99,6.77,27.92,0.603,38.89,0.44,-1.14,-0.043,FUEL_RESTRICTION
4149.02,0.8515,975.09,488.79,200.29,23.74,52.07,16.17,33.0,0.94,-43.26,-2.22,0.88,-0.055,EXHAUST_LEAK
3398.04,0.5775,817.28,370.28,165.79,23.2,51.45,11.92,28.88,0.746,0.88,0.44,0.75,-0.023,NORMAL
3230.18,0.5716,852.61,360.87,163.41,22.92,50.32,7.04,30.77,0.731,48.14,-1.81,0.61,0.012,FUEL_RESTRICTION
4163.29,0.8377,1049.44,513.74,199.94,26.98,51.36,15.59,48.08,0.967,38.67,27.28,0.06,-0.032,OVERHEATING
3949.34,0.8249,998.56,474.24,232.88,26.43,22.01,15.54,31.68,2.109,6.16,-1.2,-27.81,1.174,LUBRICATION_ISSUE
3727.81,0.6888,901.43,423.54,178.32,24.57,51.15,13.71,30.27,0.916,1.73,3.72,0.31,0.048,NORMAL
4319.96,0.9307,995.49,522.53,202.38,26.28,53.5,17.26,32.4,1.007,-78.95,-2.14,0.94,-0.039,EXHAUST_LEAK
2812.07,0.3295,662.18,292.61,127.86,19.64,50.59,8.04,42.55,0.633,23.88,29.63,-0.76,0.039,OVERHEATING
3331.4,0.581,811.36,371.4,200.9,22.82,24.09,11.72,29.38,1.564,-3.79,2.31,-26.11,0.814,LUBRICATION_ISSUE
3898.84,0.868,968.7,489.35,199.52,27.14,49.68,15.99,32.98,3.74,-47.05,-0.1,0.49,2.82,CYLINDER_MISFIRE
4058.84,0.8885,1080.97,504.14,200.66,27.67,52.28,12.54,33.13,0.994,44.94,2.53,1.81,0.026,FUEL_RESTRICTION
3769.36,0.7311,871.44,436.68,186.22,22.88,47.21,13.98,29.12,0.851,-55.7,0.39,-3.13,-0.03,EXHAUST_LEAK
2850.28,0.4047,684.25,292.45,158.58,21.0,18.66,9.14,28.1,1.569,-1.09,1.24,-31.58,0.964,LUBRICATION_ISSUE
3065.68,0.4098,729.77,319.05,138.16,20.42,50.89,9.48,36.86,0.628,30.59,19.54,-0.66,-0.042,OVERHEATING
2552.4,0.3372,583.27,256.96,124.41,19.93,51.75,8.05,27.89,4.29,-46.67,-1.01,2.23,3.774,CYLINDER_MISFIRE
3143.41,0.4605,733.58,321.47,148.33,21.59,51.47,9.95,28.68,0.672,0.09,1.38,0.33,-0.021,NORMAL
2933.83,0.3731,714.48,294.58,134.63,20.54,51.77,8.69,40.33,0.662,43.93,12.25,0.42,0.031,OVERHEATING
3861.6,0.8175,980.51,469.07,217.0,26.2,29.05,15.29,31.08,2.487,-3.04,-1.06,-20.34,1.578,LUBRICATION_ISSUE
3995.7,0.7749,962.62,458.73,193.79,25.86,51.67,14.74,31.33,0.892,-2.12,-0.11,0.65,-0.057,NORMAL
3299.68,0.5089,700.88,342.11,151.46,18.01,50.65,10.74,28.6,0.805,-69.43,-0.07,-0.64,0.065,EXHAUST_LEAK
2848.42,0.3544,608.73,271.49,129.87,17.11,49.26,8.44,27.72,0.623,-46.33,-1.54,-1.88,0.019,EXHAUST_LEAK
3684.56,0.7677,910.13,444.94,187.72,25.78,49.4,14.57,32.65,5.33,-34.71,-1.96,0.27,4.475,CYLINDER_MISFIRE
3586.52,0.7096,904.01,425.43,201.06,24.44,14.89,13.9,30.7,1.887,-1.1,2.36,-34.65,1.061,LUBRICATION_ISSUE
3276.75,0.5129,772.59,347.51,153.22,21.99,49.93,11.07,28.54,0.699,1.01,4.56,-1.14,-0.034,NORMAL
4207.4,0.9417,1070.57,522.14,228.75,28.1,34.72,17.14,34.09,2.079,-4.84,-3.1,-16.94,1.067,LUBRICATION_ISSUE
3866.97,0.7586,952.97,448.61,187.88,25.43,49.96,14.56,30.94,0.854,4.45,-0.51,-0.52,-0.057,NORMAL
3398.07,0.5599,840.98,390.94,161.14,22.7,50.36,11.66,40.89,0.793,35.13,27.43,-0.65,0.024,OVERHEATING
3270.79,0.5867,786.09,368.95,163.32,23.43,50.29,11.83,31.56,4.877,-29.46,-0.38,0.59,4.146,CYLINDER_MISFIRE
3733.22,0.6806,893.27,416.48,178.05,24.41,53.26,13.31,32.4,0.887,-1.73,-0.52,2.25,0.017,NORMAL
3886.9,0.8412,951.21,478.33,198.09,26.54,47.06,15.54,31.26,4.152,-47.84,-1.11,-2.06,3.236,CYLINDER_MISFIRE
4117.62,0.844,1009.59,486.24,201.27,26.97,50.13,15.84,31.32,1.101,-2.69,-1.13,-0.81,0.116,NORMAL
2776.06,0.4003,747.5,286.12,134.32,20.42,49.28,5.19,27.98,0.535,68.5,-1.29,-0.55,-0.047,FUEL_RESTRICTION
3406.25,0.582,822.25,371.92,165.8,22.98,51.32,11.91,29.87,0.823,2.73,0.21,0.65,0.051,NORMAL
3503.54,0.6176,794.43,385.41,167.47,20.87,52.89,12.45,29.55,0.842,-51.32,-2.04,2.24,0.041,EXHAUST_LEAK
2556.89,0.3231,591.06,253.61,121.56,19.82,47.2,7.56,27.53,3.153,-30.67,0.58,-2.61,2.636,CYLINDER_MISFIRE
3191.07,0.4895,782.05,353.52,150.26,21.56,51.04,10.7,38.17,0.769,28.81,21.58,0.1,0.062,OVERHEATING
3493.69,0.6602,867.07,401.88,205.55,24.37,24.33,13.36,30.14,1.569,-3.74,-0.61,-25.5,0.771,LUBRICATION_ISSUE
2744.68,0.4033,644.54,289.14,137.43,20.36,51.02,9.15,27.6,3.923,-34.68,1.61,1.44,3.35,CYLINDER_MISFIRE
3156.54,0.4706,773.95,337.02,148.73,21.57,52.41,10.14,45.95,0.742,33.76,12.91,1.36,0.045,OVERHEATING
3718.89,0.7521,936.67,442.81,215.94,25.31,31.0,13.94,30.8,1.745,-0.55,0.48,-18.63,0.88,LUBRICATION_ISSUE
4109.29,0.93,1060.47,516.32,217.7,28.18,22.82,17.01,32.95,2.295,-2.97,-1.75,-28.05,1.312,LUBRICATION_ISSUE
4016.05,0.806,1013.48,491.69,196.61,26.39,49.39,15.18,47.84,0.992,29.05,21.03,-1.21,0.038,OVERHEATING
2763.47,0.3033,616.5,254.19,126.02,19.39,50.36,7.64,26.52,0.61,-3.65,2.1,-1.15,0.031,NORMAL
4104.73,0.8364,947.45,487.57,201.95,23.39,51.73,15.54,31.84,0.931,-59.63,3.33,0.89,-0.051,EXHAUST_LEAK
3855.23,0.8242,951.81,474.1,199.56,26.61,48.71,15.32,30.76,4.189,-35.46,1.74,-0.51,3.282,CYLINDER_MISFIRE
3495.1,0.6683,936.3,409.35,174.9,23.99,48.38,8.82,30.74,0.761,60.56,3.91,-1.31,-0.037,FUEL_RESTRICTION
3051.28,0.5069,800.63,333.84,149.21,22.39,51.48,7.29,29.07,0.649,43.92,-0.18,1.77,-0.016,FUEL_RESTRICTION
4094.5,0.8506,1013.85,491.3,202.4,27.04,49.97,15.85,31.87,0.991,-1.21,2.27,-0.79,0.013,NORMAL
3504.67,0.6202,771.15,384.44,169.48,21.48,51.43,12.6,30.23,0.735,-76.21,-3.97,0.81,-0.066,EXHAUST_LEAK
3937.39,0.8777,984.31,496.32,202.43,27.38,49.43,16.14,31.51,4.607,-39.21,2.21,-0.07,3.676,CYLINDER_MISFIRE
2831.29,0.4464,683.32,305.66,141.62,21.29,48.81,9.38,28.12,3.72,-26.08,0.02,-0.56,3.12,CYLINDER_MISFIRE
2779.67,0.3096,623.58,255.48,127.09,19.62,51.46,7.87,28.37,0.524,-1.19,0.62,-0.04,-0.06,NORMAL
3675.38,0.756,1015.01,448.05,189.98,25.8,48.07,11.08,29.2,0.843,77.65,5.63,-1.21,-0.009,FUEL_RESTRICTION
2771.21,0.319,636.24,257.47,125.45,19.34,52.16,7.93,27.03,0.634,6.3,-0.49,0.89,0.053,NORMAL
3409.05,0.5524,731.98,361.18,161.13,20.82,50.63,11.41,27.81,0.754,-69.94,0.03,-0.59,-0.018,EXHAUST_LEAK
3615.35,0.7108,908.79,427.52,203.68,24.87,22.1,13.59,29.65,2.457,1.52,3.16,-27.6,1.622,LUBRICATION_ISSUE
3685.69,0.6553,876.24,407.5,176.42,24.32,51.24,13.12,30.47,0.83,-1.22,1.02,0.07,-0.025,NORMAL
4088.71,0.8227,933.98,479.79,198.72,23.39,50.64,15.55,32.64,1.04,-64.1,0.94,-0.13,0.063,EXHAUST_LEAK
2817.8,0.3446,673.3,295.0,131.65,19.72,53.25,8.33,38.45,0.601,25.63,26.39,2.14,0.006,OVERHEATING
4068.72,0.8178,1029.96,491.03,200.52,26.86,51.03,15.58,50.11,0.96,35.87,14.58,0.3,-0.011,OVERHEATING
2936.08,0.3818,634.89,282.94,134.9,18.42,51.79,8.69,27.98,0.608,-41.02,-2.61,0.58,-0.023,EXHAUST_LEAK
3388.77,0.6427,918.01,395.02,171.07,24.04,47.74,7.48,29.65,0.749,62.96,2.0,-1.72,-0.018,FUEL_RESTRICTION
4075.83,0.8318,998.88,481.07,200.67,26.42,50.52,15.5,31.35,0.919,-4.01,-0.66,-0.08,-0.054,NORMAL
3511.59,0.7276,886.85,425.27,185.48,25.49,48.3,13.76,29.83,4.008,-25.26,-2.0,-0.42,3.204,CYLINDER_MISFIRE
3326.48,0.5893,819.7,372.02,194.93,23.49,25.81,11.83,29.27,2.296,-0.19,0.09,-24.21,1.548,LUBRICATION_ISSUE
3592.65,0.7448,887.49,432.91,185.2,24.83,50.08,14.09,30.61,5.314,-38.99,-2.98,1.13,4.486,CYLINDER_MISFIRE
3805.04,0.7786,1034.21,450.41,194.74,25.96,50.94,9.72,31.37,0.884,76.77,-4.05,1.22,-0.007,FUEL_RESTRICTION
2835.0,0.4313,669.14,301.34,138.71,20.81,50.87,9.52,30.66,4.496,-31.38,1.03,1.21,3.896,CYLINDER_MISFIRE
3383.02,0.5556,835.0,383.35,160.66,22.95,49.99,11.4,43.79,0.829,32.48,21.84,-1.0,0.064,OVERHEATING
3829.53,0.8104,931.92,465.05,195.7,26.49,49.9,15.25,32.44,3.425,-45.8,-1.58,0.6,2.526,CYLINDER_MISFIRE
3093.41,0.5554,741.99,352.4,158.12,22.86,49.51,11.25,28.6,4.076,-45.9,-0.34,0.4,3.398,CYLINDER_MISFIRE
3694.08,0.6809,933.23,436.25,177.91,24.71,52.21,13.29,41.35,0.887,40.0,20.32,1.45,0.029,OVERHEATING
3491.52,0.5983,780.72,376.6,167.28,19.95,49.88,12.19,28.73,0.77,-52.81,-3.53,-1.05,-0.027,EXHAUST_LEAK
3540.59,0.7274,883.75,427.07,183.05,25.27,47.76,14.02,31.95,4.577,-29.75,-1.03,-1.16,3.765,CYLINDER_MISFIRE
3242.67,0.4916,799.09,360.43,151.08,21.94,50.36,10.5,47.25,0.681,41.99,26.17,-0.87,-0.042,OVERHEATING
3216.58,0.581,776.81,367.21,162.34,23.18,48.98,11.71,31.33,4.916,-32.6,1.57,-0.47,4.201,CYLINDER_MISFIRE
3031.91,0.4288,716.1,305.47,142.29,20.84,50.61,9.53,28.0,0.685,7.24,0.16,-0.38,0.025,NORMAL
2670.58,0.3236,705.95,250.93,126.28,19.8,50.47,4.36,27.9,0.621,78.25,-5.69,-0.06,0.07,FUEL_RESTRICTION
4224.96,0.8994,1056.67,511.67,200.78,27.4,50.28,16.66,31.74,1.042,5.79,1.15,-1.52,0.025,NORMAL
2985.77,0.3976,620.08,289.63,136.69,17.46,50.84,9.1,27.6,0.597,-67.8,-3.09,-0.41,-0.049,EXHAUST_LEAK
3018.43,0.3969,631.27,296.37,138.56,17.48,53.9,8.99,28.14,0.621,-57.78,2.94,2.42,-0.034,EXHAUST_LEAK
3735.08,0.7337,928.97,432.19,218.13,25.01,19.99,13.9,31.07,2.012,1.97,-4.01,-30.08,1.141,LUBRICATION_ISSUE
3525.35,0.6112,773.33,387.7,169.27,19.64,51.82,12.5,29.27,0.746,-69.69,1.89,0.91,-0.062,EXHAUST_LEAK
2717.34,0.3479,729.54,265.46,128.7,20.03,49.57,4.5,27.79,0.588,84.91,-1.31,-0.83,0.022,FUEL_RESTRICTION
2585.23,0.3184,667.96,249.31,121.95,19.53,48.96,2.57,27.63,0.561,47.67,-2.86,-1.11,0.035,FUEL_RESTRICTION
3067.85,0.4815,739.73,325.84,182.81,21.63,22.01,10.37,28.65,2.044,-2.56,0.47,-28.26,1.374,LUBRICATION_ISSUE
3436.52,0.6405,854.24,391.35,194.48,23.79,24.69,12.37,30.83,2.165,-1.9,-2.33,-25.12,1.384,LUBRICATION_ISSUE
3246.03,0.5017,763.27,337.66,151.64,22.52,50.47,10.87,28.14,0.739,-0.08,-0.35,-0.6,0.015,NORMAL
3106.13,0.5737,770.38,355.77,159.46,23.17,49.25,11.58,29.16,4.836,-29.17,-3.96,0.39,4.154,CYLINDER_MISFIRE
4139.71,0.9271,1062.05,517.36,221.94,28.13,23.54,16.96,32.07,1.982,-1.16,-0.57,-27.57,0.99,LUBRICATION_ISSUE
3805.97,0.7262,850.28,437.52,188.32,22.29,49.15,14.2,30.05,0.878,-75.71,1.93,-1.51,-0.014,EXHAUST_LEAK
3868.29,0.7453,939.62,443.15,186.5,25.27,54.27,14.57,29.88,0.858,-0.99,-1.22,3.54,-0.053,NORMAL
3538.67,0.6062,764.48,382.01,167.33,19.97,53.58,12.33,30.43,0.832,-76.15,-2.36,2.49,0.02,EXHAUST_LEAK
3934.7,0.8272,1064.69,478.9,199.31,26.58,50.9,12.25,33.98,0.942,71.62,3.06,1.21,0.012,FUEL_RESTRICTION
3794.11,0.7069,940.31,445.39,177.32,25.32,51.6,13.72,47.68,0.868,26.45,17.07,0.66,-0.02,OVERHEATING
3526.23,0.7281,872.44,428.57,182.55,25.66,49.59,13.7,31.67,3.825,-40.74,0.66,0.78,3.018,CYLINDER_MISFIRE
2998.63,0.4138,749.7,317.14,139.33,20.54,50.99,8.98,38.09,0.652,51.46,18.2,-0.05,0.003,OVERHEATING
3949.81,0.8702,1086.57,493.42,198.74,27.11,49.93,10.64,30.56,0.974,66.95,1.65,0.33,0.039,FUEL_RESTRICTION
2691.23,0.3599,722.49,269.78,129.15,20.28,48.38,3.51,27.2,0.58,71.98,-0.53,-1.63,0.023,FUEL_RESTRICTION
2829.39,0.3606,578.26,273.98,132.73,17.55,50.92,8.44,28.79,0.579,-79.56,-0.71,0.02,-0.02,EXHAUST_LEAK
4087.47,0.8384,1051.07,514.51,200.78,26.92,52.33,15.67,44.3,0.956,43.64,30.05,1.63,-0.02,OVERHEATING
2780.75,0.3023,575.68,250.56,125.23,17.61,50.78,8.06,26.33,0.486,-44.72,-1.68,-0.85,-0.098,EXHAUST_LEAK
3812.03,0.7919,1025.31,460.79,194.69,26.08,48.34,8.96,30.87,0.92,59.55,1.33,-1.18,0.026,FUEL_RESTRICTION
4192.96,0.8792,1074.09,533.74,197.26,27.16,50.79,16.76,45.75,1.068,36.93,31.44,-0.75,0.06,OVERHEATING
2723.47,0.3658,655.22,273.18,157.71,20.12,20.75,8.42,26.67,2.206,-0.4,-0.2,-29.37,1.639,LUBRICATION_ISSUE
3272.89,0.5298,826.09,374.87,158.36,22.6,52.69,11.34,37.55,0.724,44.56,25.95,1.95,-0.008,OVERHEATING
3140.23,0.4595,658.38,315.89,147.25,18.95,50.85,10.08,29.97,0.671,-74.31,-3.72,-0.29,-0.021,EXHAUST_LEAK
3024.12,0.4536,722.23,310.59,168.08,21.28,19.79,10.1,29.38,2.286,-1.12,-3.41,-30.71,1.629,LUBRICATION_ISSUE
3759.76,0.77,1012.75,449.31,190.61,25.68,47.49,8.56,31.28,0.939,62.79,-0.67,-2.09,0.061,FUEL_RESTRICTION
2820.77,0.4483,675.56,306.1,142.52,21.48,47.17,9.4,29.7,4.58,-34.47,0.08,-2.1,3.983,CYLINDER_MISFIRE
3024.6,0.4201,632.72,303.45,139.8,18.53,50.45,9.24,28.53,0.709,-70.57,1.47,-0.65,0.052,EXHAUST_LEAK
3701.16,0.7617,1019.1,445.54,190.65,25.68,51.39,9.85,30.64,0.92,77.01,0.28,2.05,0.06,FUEL_RESTRICTION
4045.53,0.8119,924.4,475.91,198.49,24.02,51.53,15.67,30.94,0.928,-65.0,2.27,0.85,-0.036,EXHAUST_LEAK
3709.82,0.7645,897.75,447.74,186.8,25.87,49.5,14.77,29.96,5.271,-46.43,1.23,0.14,4.408,CYLINDER_MISFIRE
4141.83,0.9179,1057.81,511.48,224.52,27.48,20.32,16.92,31.6,2.093,-0.02,-3.22,-30.82,1.1,LUBRICATION_ISSUE
3362.19,0.624,885.29,386.3,168.95,23.88,49.19,8.8,29.47,0.732,42.8,0.8,-0.44,-0.027,FUEL_RESTRICTION
3444.81,0.5743,769.12,369.85,166.12,20.65,50.77,11.89,29.14,0.788,-47.7,-0.25,-0.28,0.004,EXHAUST_LEAK
3826.01,0.8126,936.45,467.61,199.11,26.31,48.08,14.98,31.92,3.657,-42.42,0.29,-1.16,2.759,CYLINDER_MISFIRE
3627.71,0.6526,869.49,403.92,174.93,23.99,50.13,13.02,29.31,0.852,-3.43,0.17,-0.71,0.014,NORMAL
4207.11,0.8862,1044.87,506.22,200.07,27.44,50.99,16.45,31.56,1.0,2.82,0.99,-0.67,-0.012,NORMAL
3481.85,0.6926,841.6,412.56,176.21,24.71,51.84,13.27,30.03,4.202,-48.03,-1.22,2.67,3.407,CYLINDER_MISFIRE
3183.84,0.4813,684.55,329.47,146.37,20.03,53.32,10.54,29.18,0.696,-63.42,0.69,2.29,-0.009,EXHAUST_LEAK
3711.08,0.7381,972.69,437.26,184.37,25.27,48.93,9.72,31.32,0.873,44.25,0.19,-0.91,0.01,FUEL_RESTRICTION
3068.67,0.5327,746.96,344.88,154.1,22.76,48.19,10.84,31.13,3.221,-26.09,1.04,-1.17,2.55,CYLINDER_MISFIRE
3906.24,0.7748,1002.89,477.29,192.66,25.81,50.4,14.97,46.8,0.912,42.69,21.17,-0.05,-0.01,OVERHEATING
3671.54,0.7505,988.75,440.83,187.4,25.27,49.56,9.18,30.51,0.846,54.85,0.49,0.2,-0.005,FUEL_RESTRICTION
2556.25,0.3334,602.73,259.87,124.65,19.84,48.89,7.98,28.1,4.061,-25.11,3.17,-0.73,3.544,CYLINDER_MISFIRE
2810.73,0.3819,673.07,281.78,161.53,20.54,29.47,8.82,28.39,1.472,3.36,-0.04,-20.93,0.878,LUBRICATION_ISSUE
3115.61,0.4486,778.7,339.87,145.49,21.6,51.0,10.03,41.28,0.672,53.76,24.91,-0.18,-0.012,OVERHEATING
2624.41,0.3195,627.52,255.04,146.25,19.71,24.52,7.6,26.86,1.723,4.63,1.31,-25.79,1.185,LUBRICATION_ISSUE
4115.85,0.8504,1019.54,489.42,196.86,26.6,51.43,15.94,32.97,0.955,3.5,-0.2,0.5,-0.029,NORMAL
3765.14,0.6948,956.74,443.63,179.7,24.53,49.69,13.75,46.05,0.838,51.63,20.56,-1.28,-0.041,OVERHEATING
3115.46,0.445,754.07,327.01,143.79,21.32,51.29,9.87,42.86,0.714,31.3,13.35,0.05,0.029,OVERHEATING
2617.51,0.3012,610.99,250.15,153.05,19.59,17.05,7.56,28.17,1.908,-0.6,3.19,-33.54,1.373,LUBRICATION_ISSUE
3659.3,0.6734,813.8,410.77,175.86,22.58,52.5,13.33,29.66,0.879,-73.23,-1.45,1.83,0.031,EXHAUST_LEAK
4013.36,0.7908,974.71,466.86,196.13,25.86,51.46,15.15,31.35,0.95,-0.42,1.78,0.6,-0.004,NORMAL
3597.34,0.7436,893.18,434.07,183.68,25.36,49.16,14.13,31.88,4.242,-32.84,-1.54,0.16,3.413,CYLINDER_MISFIRE
4007.73,0.8006,1011.48,497.83,195.26,26.42,51.06,15.0,39.87,1.046,30.72,29.37,0.43,0.093,OVERHEATING
3837.68,0.7314,981.54,465.24,187.64,25.25,50.22,14.15,44.91,0.894,50.82,26.81,-0.56,-0.007,OVERHEATING
3151.32,0.5093,764.45,338.2,183.11,22.21,23.71,10.44,28.12,2.092,1.32,0.32,-26.61,1.396,LUBRICATION_ISSUE
3185.19,0.4882,750.1,331.57,149.87,21.58,50.71,10.58,27.94,0.738,-2.09,0.25,-0.2,0.032,NORMAL
3433.99,0.5662,849.38,398.7,162.3,22.71,51.11,11.66,47.65,0.822,37.99,31.87,-0.02,0.042,OVERHEATING
3050.33,0.4933,751.02,329.16,178.29,21.79,21.52,10.44,27.78,2.132,2.51,0.05,-28.43,1.467,LUBRICATION_ISSUE
3827.08,0.7262,880.61,436.78,186.47,21.66,50.86,14.07,30.77,0.85,-46.48,0.53,0.05,-0.048,EXHAUST_LEAK
3838.25,0.8091,1054.45,465.71,195.25,26.35,50.03,11.77,31.13,0.854,77.06,-0.72,0.65,-0.048,FUEL_RESTRICTION
3205.85,0.4776,786.74,353.97,150.31,21.96,50.47,10.54,43.43,0.748,39.9,25.86,-0.77,0.037,OVERHEATING
3951.53,0.7736,885.75,455.99,194.34,23.5,49.7,15.08,31.12,0.967,-75.97,-1.04,-1.06,0.031,EXHAUST_LEAK
4144.86,0.8463,1017.05,486.81,197.42,26.6,50.65,15.94,31.25,1.022,2.03,-2.2,-0.51,0.028,NORMAL
2823.47,0.3367,580.55,267.27,129.64,17.58,50.34,8.2,28.82,0.536,-62.65,1.35,-0.96,-0.061,EXHAUST_LEAK
3204.22,0.479,790.35,351.76,150.28,21.91,52.26,10.35,41.86,0.778,42.75,23.2,1.05,0.067,OVERHEATING
4323.77,0.9266,1072.92,524.23,201.63,27.99,52.96,17.05,32.63,1.033,0.76,0.94,0.37,-0.014,NORMAL
2972.37,0.4383,714.54,309.18,168.14,21.33,27.55,9.83,29.24,1.579,2.96,2.23,-22.88,0.938,LUBRICATION_ISSUE
3551.16,0.6788,882.91,406.36,201.43,24.21,29.64,13.15,30.02,1.734,-1.94,-4.55,-20.22,0.918,LUBRICATION_ISSUE
4140.15,0.9111,1098.11,512.18,197.38,27.48,50.97,12.89,32.2,0.956,44.44,-0.03,-0.15,-0.036,FUEL_RESTRICTION
4175.69,0.8746,1035.41,501.78,197.73,27.25,48.67,16.29,31.7,1.022,1.87,1.65,-2.73,0.02,NORMAL
2634.82,0.3215,675.35,254.28,123.5,19.67,51.4,4.35,28.81,0.584,50.68,-0.52,1.07,0.043,FUEL_RESTRICTION
3067.13,0.4871,798.31,326.14,150.73,21.59,50.69,5.89,29.62,0.745,52.68,-1.23,0.52,0.074,FUEL_RESTRICTION
4002.12,0.8124,919.57,472.81,197.02,24.06,46.71,15.23,32.06,0.895,-67.96,0.29,-3.68,-0.056,EXHAUST_LEAK
3965.92,0.7813,965.3,461.64,195.19,26.06,51.25,14.82,31.42,0.907,-1.78,1.39,0.54,-0.033,NORMAL
2793.69,0.3131,563.26,259.89,126.45,16.79,52.7,7.78,28.14,0.587,-64.28,3.37,1.17,-0.001,EXHAUST_LEAK
2963.93,0.4794,785.31,324.71,146.98,21.67,49.26,6.48,28.54,0.668,49.49,3.22,-0.38,0.029,FUEL_RESTRICTION
3917.5,0.8614,966.11,484.99,201.13,27.18,51.52,16.06,32.01,3.455,-46.62,-2.65,2.18,2.53,CYLINDER_MISFIRE
3600.15,0.636,896.92,412.1,168.21,23.98,50.72,12.48,43.28,0.869,35.33,15.14,-0.24,0.039,OVERHEATING
2803.35,0.3928,674.45,283.73,161.54,20.47,24.15,8.75,26.64,1.432,-1.37,-1.77,-26.0,0.841,LUBRICATION_ISSUE
3629.38,0.6591,927.92,429.43,176.28,24.08,51.96,13.42,38.22,0.792,50.97,23.25,1.23,-0.047,OVERHEATING
2613.33,0.3489,602.62,261.35,127.81,19.86,50.47,8.11,28.28,3.974,-37.41,-2.67,0.77,3.44,CYLINDER_MISFIRE
3625.37,0.7513,896.3,440.14,188.92,25.52,49.29,14.17,31.29,4.369,-35.75,0.92,0.25,3.531,CYLINDER_MISFIRE
3208.6,0.5762,775.59,365.01,161.69,22.87,49.7,11.51,29.66,3.678,-30.56,1.32,0.21,2.965,CYLINDER_MISFIRE
2732.39,0.301,545.36,251.1,122.38,15.6,49.88,7.82,27.58,0.578,-71.84,0.78,-1.47,0.009,EXHAUST_LEAK
3559.49,0.607,849.76,384.25,168.1,23.51,51.33,12.4,29.46,0.767,7.6,-1.05,0.12,-0.051,NORMAL
3675.45,0.7601,897.04,443.21,187.44,25.58,48.15,14.17,32.8,4.68,-42.78,-0.68,-1.06,3.827,CYLINDER_MISFIRE
3934.69,0.8641,1067.78,489.65,198.69,26.8,47.74,9.87,32.73,0.982,52.61,0.54,-1.74,0.052,FUEL_RESTRICTION
3997.48,0.8694,1098.21,495.59,199.6,27.17,51.84,12.3,31.9,0.974,76.72,2.7,1.86,0.025,FUEL_RESTRICTION
3855.36,0.7966,973.06,463.07,215.97,26.16,24.54,14.92,31.42,1.982,2.34,0.64,-25.18,1.075,LUBRICATION_ISSUE
3159.64,0.4639,732.97,320.08,146.64,21.55,53.38,10.09,29.08,0.633,-3.38,-1.73,2.19,-0.065,NORMAL
3571.99,0.7209,869.55,426.18,181.93,24.86,47.72,13.79,30.06,4.789,-41.57,-0.49,-1.52,3.967,CYLINDER_MISFIRE
3719.36,0.7444,935.91,438.71,207.18,25.68,15.43,14.23,30.56,2.115,3.33,-0.84,-34.35,1.249,LUBRICATION_ISSUE
4358.63,0.9498,1015.97,533.68,200.12,24.67,54.94,17.39,32.54,1.037,-71.87,0.97,2.07,-0.021,EXHAUST_LEAK
3260.48,0.5213,813.41,374.07,155.9,22.15,50.12,10.86,40.18,0.756,37.63,28.61,-0.69,0.028,OVERHEATING
3469.45,0.5738,742.49,370.9,161.59,19.49,50.99,11.88,30.32,0.712,-75.28,0.24,-0.24,-0.079,EXHAUST_LEAK
4288.69,0.9225,1016.9,523.31,200.56,25.07,53.16,17.19,32.35,1.001,-51.03,2.54,0.85,-0.036,EXHAUST_LEAK
2925.81,0.3694,710.21,305.13,132.59,20.25,53.42,8.88,36.68,0.657,42.3,24.38,2.05,0.029,OVERHEATING
3192.75,0.5689,859.45,361.95,160.53,22.4,50.14,6.77,29.65,0.683,58.45,1.35,0.63,-0.025,FUEL_RESTRICTION
2996.96,0.4789,699.41,322.88,145.94,22.07,48.75,10.13,29.38,3.304,-37.76,0.58,-1.11,2.655,CYLINDER_MISFIRE
3080.28,0.4391,771.22,332.0,141.89,21.12,50.89,9.92,41.16,0.642,53.75,21.52,-0.23,-0.032,OVERHEATING
2945.58,0.4647,679.13,315.02,146.55,21.33,50.18,10.23,29.3,4.061,-46.97,-0.64,0.39,3.427,CYLINDER_MISFIRE
3310.4,0.494,695.08,333.86,151.55,20.03,52.05,10.64,29.15,0.791,-66.83,-3.29,0.43,0.048,EXHAUST_LEAK
3062.86,0.4451,646.87,314.06,140.13,19.55,51.32,10.07,27.79,0.68,-73.36,1.92,0.42,0.012,EXHAUST_LEAK
3452.19,0.6765,847.27,408.47,176.09,24.69,48.74,13.28,30.73,4.601,-31.27,1.35,-0.52,3.815,CYLINDER_MISFIRE
2757.24,0.3917,648.41,284.36,133.59,20.45,48.37,8.63,28.34,3.863,-24.47,0.63,-1.5,3.286,CYLINDER_MISFIRE
3831.66,0.7315,875.02,438.41,185.2,22.05,51.01,14.29,31.57,0.917,-55.47,0.12,0.27,0.017,EXHAUST_LEAK
3393.15,0.565,744.94,366.69,160.59,20.8,51.71,11.74,30.38,0.774,-63.74,1.49,0.82,0.006,EXHAUST_LEAK
3473.5,0.5889,855.37,405.29,165.02,23.26,52.33,12.02,43.38,0.791,28.36,29.08,1.35,-0.001,OVERHEATING
3827.25,0.7403,935.33,440.6,188.95,25.12,51.08,14.08,31.77,0.888,-0.2,-0.72,0.53,-0.01,NORMAL
2697.69,0.3544,710.54,272.17,129.25,19.83,50.52,2.37,27.72,0.532,63.02,3.66,0.37,-0.027,FUEL_RESTRICTION
3382.34,0.6342,801.98,387.6,171.06,24.26,52.02,12.46,31.15,5.057,-47.66,-2.18,2.46,4.292,CYLINDER_MISFIRE
2997.32,0.4195,625.5,299.98,140.64,17.98,52.02,9.34,27.57,0.673,-76.07,-0.97,1.08,0.024,EXHAUST_LEAK
3886.62,0.8257,1052.69,476.12,199.19,26.51,50.42,9.99,30.61,0.851,62.94,2.27,1.02,-0.065,FUEL_RESTRICTION
2630.3,0.3611,727.77,268.45,131.23,19.86,51.49,4.11,27.52,0.589,79.62,-0.44,1.89,0.05,FUEL_RESTRICTION
3672.4,0.7774,903.93,450.03,190.0,25.98,48.47,14.43,30.46,3.877,-46.16,-0.02,-0.41,3.026,CYLINDER_MISFIRE
3943.2,0.8892,996.48,497.05,200.07,27.31,50.13,16.04,30.56,3.815,-34.19,-1.35,0.58,2.882,CYLINDER_MISFIRE
3165.45,0.4679,739.74,323.38,149.12,21.65,52.89,10.14,28.4,0.648,0.74,-0.02,1.74,-0.052,NORMAL
4014.85,0.8083,1021.1,497.01,197.5,26.37,49.2,15.28,46.23,0.937,35.35,25.56,-1.35,-0.017,OVERHEATING
3743.87,0.8131,945.18,466.77,196.93,26.11,48.05,14.93,33.07,5.257,-29.86,1.75,-0.65,4.384,CYLINDER_MISFIRE
3594.24,0.6806,886.17,412.27,207.58,24.58,21.19,13.53,30.64,2.19,-1.89,-0.56,-28.92,1.362,LUBRICATION_ISSUE
3452.31,0.6556,936.15,403.69,172.16,24.14,48.16,8.13,29.05,0.77,70.2,4.12,-1.48,-0.016,FUEL_RESTRICTION
4221.1,0.8816,1065.98,532.46,200.68,27.49,49.34,16.21,46.47,0.956,26.0,28.47,-2.43,-0.06,OVERHEATING
3801.04,0.8256,955.2,471.94,195.33,26.83,50.66,15.3,33.16,4.813,-30.22,0.69,1.82,3.923,CYLINDER_MISFIRE
3703.95,0.8062,931.46,463.02,192.69,26.42,49.18,14.82,32.35,3.998,-37.45,1.67,0.62,3.136,CYLINDER_MISFIRE
3258.15,0.556,800.44,357.47,185.23,22.8,28.61,11.41,28.95,2.069,3.92,-0.43,-21.56,1.341,LUBRICATION_ISSUE
3196.55,0.4588,659.7,321.13,148.96,19.42,51.08,10.37,30.35,0.74,-75.4,0.07,-0.44,0.031,EXHAUST_LEAK
4039.87,0.8953,1003.51,504.86,199.57,27.67,51.19,16.51,33.55,5.316,-35.64,1.37,0.87,4.354,CYLINDER_MISFIRE
3424.66,0.6291,847.94,390.8,199.34,23.57,22.13,12.55,29.83,1.986,-0.78,1.57,-27.81,1.209,LUBRICATION_ISSUE
3781.64,0.7197,952.05,448.55,181.99,25.42,51.32,13.94,41.26,0.905,31.16,16.01,0.7,0.02,OVERHEATING
4009.31,0.8033,1003.84,493.78,197.28,26.21,50.2,15.22,41.79,0.922,21.37,24.3,-0.4,-0.031,OVERHEATING
2844.82,0.4448,665.6,305.97,144.68,21.53,49.61,9.44,28.86,3.837,-43.5,0.51,0.13,3.234,CYLINDER_MISFIRE
4111.2,0.9406,1024.66,520.64,202.09,27.95,48.74,16.97,32.04,4.969,-45.28,-1.33,-2.14,3.986,CYLINDER_MISFIRE
3442.5,0.6742,829.9,408.74,175.12,24.77,51.36,13.13,30.9,3.968,-46.73,2.76,2.12,3.186,CYLINDER_MISFIRE
3393.63,0.5446,736.47,354.96,161.17,19.84,51.59,11.32,28.7,0.753,-60.0,-2.92,0.34,-0.015,EXHAUST_LEAK
3006.84,0.4973,704.56,329.24,149.49,22.0,49.01,10.58,28.84,4.657,-44.15,0.01,-0.59,4.005,CYLINDER_MISFIRE
2506.46,0.3021,577.68,243.86,121.35,19.53,51.5,7.47,26.91,3.037,-28.92,-0.1,1.64,2.535,CYLINDER_MISFIRE
2944.91,0.4616,770.11,313.08,145.06,21.48,52.85,4.73,28.61,0.687,45.88,-1.46,3.02,0.053,FUEL_RESTRICTION
3766.01,0.7576,944.61,446.02,218.15,25.53,23.45,14.83,31.14,1.974,1.73,0.3,-26.39,1.094,LUBRICATION_ISSUE
4247.81,0.8805,978.64,502.53,199.84,23.6,52.49,16.31,31.62,1.026,-62.04,-1.88,0.5,0.002,EXHAUST_LEAK
3068.05,0.4196,748.56,322.64,139.14,20.94,50.68,9.53,37.37,0.756,43.41,19.54,-0.71,0.085,OVERHEATING
3806.17,0.7804,958.86,454.21,219.95,26.12,19.83,14.54,31.67,2.571,0.31,-0.92,-29.86,1.679,LUBRICATION_ISSUE
3233.95,0.5548,794.65,359.36,181.64,22.74,24.72,11.25,28.99,2.261,0.09,2.62,-25.31,1.541,LUBRICATION_ISSUE
4038.94,0.8036,930.01,468.91,195.76,22.53,50.32,15.32,32.13,0.933,-54.1,-1.56,-0.47,-0.028,EXHAUST_LEAK
3363.3,0.5524,721.28,356.61,161.42,20.48,48.4,11.32,30.19,0.753,-78.31,-3.15,-2.52,-0.006,EXHAUST_LEAK
2798.82,0.3437,679.05,297.04,128.56,19.51,51.0,8.3,41.64,0.531,32.91,29.36,-0.01,-0.059,OVERHEATING
2653.4,0.3638,618.94,272.69,130.39,20.05,49.33,8.18,29.47,4.825,-31.99,2.13,-0.36,4.279,CYLINDER_MISFIRE
3872.1,0.7629,987.6,473.42,188.27,25.8,51.12,14.62,45.82,0.95,36.25,22.6,0.68,0.038,OVERHEATING
3323.27,0.5975,867.64,374.36,163.48,23.28,49.6,6.59,29.61,0.755,42.98,-0.44,-0.25,0.008,FUEL_RESTRICTION
4103.64,0.8485,951.18,486.74,197.88,23.25,53.33,15.94,30.63,1.022,-63.11,-1.84,2.5,0.041,EXHAUST_LEAK
4234.21,0.8769,1063.12,532.06,197.69,27.52,51.11,16.21,42.52,1.035,25.26,29.34,-0.76,0.015,OVERHEATING
3442.97,0.5774,848.29,398.06,163.8,22.8,48.98,11.79,42.55,0.748,29.69,26.9,-2.0,-0.035,OVERHEATING
4031.57,0.8886,1087.34,501.99,199.98,27.12,51.77,12.31,32.72,0.972,52.57,1.13,1.52,0.013,FUEL_RESTRICTION
2731.59,0.3954,637.77,283.12,138.91,20.47,50.06,8.73,27.83,4.437,-36.03,-1.16,0.42,3.867,CYLINDER_MISFIRE
3462.16,0.606,836.0,381.73,167.54,23.63,51.36,12.28,30.8,0.728,-0.68,-0.28,0.77,-0.061,NORMAL
3111.7,0.5158,765.55,338.61,184.27,22.26,29.95,10.5,30.84,1.527,0.49,-0.43,-19.99,0.844,LUBRICATION_ISSUE
3283.81,0.4936,758.05,336.05,151.11,22.06,51.11,10.68,29.07,0.743,-2.3,-0.16,-0.35,0.008,NORMAL
4249.25,0.91,1092.71,537.48,200.72,27.63,52.93,16.89,47.04,0.989,34.26,22.41,0.93,-0.036,OVERHEATING
2550.0,0.3281,590.49,255.93,127.01,19.47,48.88,8.09,27.35,4.905,-33.85,1.32,-0.79,4.39,CYLINDER_MISFIRE
2949.99,0.3799,678.45,289.64,133.15,20.19,51.56,8.73,28.66,0.669,3.01,4.37,0.23,0.034,NORMAL
3901.56,0.852,1055.17,482.04,201.68,27.05,48.74,10.85,31.98,0.964,48.91,-1.71,-0.48,0.043,FUEL_RESTRICTION
4078.23,0.8169,999.43,475.92,195.52,26.3,53.72,15.4,32.95,0.949,5.36,-0.53,2.92,-0.024,NORMAL
3937.08,0.8331,1062.62,474.3,199.22,26.15,48.6,10.75,32.58,0.971,65.92,-3.72,-0.99,0.039,FUEL_RESTRICTION
3693.55,0.6761,892.89,413.35,176.37,24.55,52.04,13.48,30.7,0.862,2.57,-0.84,1.2,0.004,NORMAL
3671.26,0.6632,909.22,432.82,174.61,24.79,50.35,13.27,37.55,0.84,27.75,23.94,-0.58,-0.011,OVERHEATING
4381.88,0.9391,1030.43,532.96,200.26,25.44,53.05,17.31,32.02,1.12,-52.12,3.43,-0.0,0.055,EXHAUST_LEAK
3345.37,0.6099,834.55,380.93,195.61,23.5,16.14,12.04,29.61,2.154,1.31,0.99,-33.63,1.4,LUBRICATION_ISSUE
3402.16,0.6666,836.28,403.89,173.41,24.44,50.22,12.96,28.73,4.855,-33.8,1.84,1.1,4.084,CYLINDER_MISFIRE
2514.29,0.3166,590.3,249.56,122.51,19.35,48.15,7.84,27.93,4.794,-25.4,0.14,-1.49,4.29,CYLINDER_MISFIRE
4287.48,0.914,1101.55,531.14,198.85,27.84,52.0,16.89,41.76,1.002,38.8,13.49,-0.3,-0.035,OVERHEATING
4103.09,0.9173,1051.26,516.04,225.73,27.87,25.33,16.69,32.18,2.684,-4.3,2.7,-25.5,1.703,LUBRICATION_ISSUE
3781.77,0.7734,958.4,452.17,225.19,26.03,23.08,14.53,31.21,1.979,5.28,0.3,-26.58,1.094,LUBRICATION_ISSUE
3290.31,0.5151,768.29,345.32,150.45,22.01,53.01,10.83,28.71,0.788,-5.27,1.18,1.89,0.051,NORMAL
3040.41,0.5144,731.12,339.83,150.73,21.99,48.01,10.78,28.3,4.141,-29.55,3.43,-1.49,3.479,CYLINDER_MISFIRE
3098.41,0.4381,651.29,310.62,143.85,18.46,52.26,9.69,28.99,0.703,-66.46,-0.03,1.01,0.024,EXHAUST_LEAK
3897.3,0.8251,990.72,472.7,228.74,26.69,16.38,15.14,32.97,2.199,0.76,-1.28,-33.1,1.28,LUBRICATION_ISSUE
3604.64,0.6964,971.31,419.89,180.25,24.84,50.94,8.7,31.15,0.81,73.21,1.04,1.05,-0.021,FUEL_RESTRICTION
3883.08,0.7571,887.15,447.55,190.17,22.01,49.49,14.65,29.93,0.973,-61.27,-1.5,-1.13,0.058,EXHAUST_LEAK
3609.47,0.7097,979.89,421.27,183.09,24.91,50.55,8.64,29.96,0.843,73.58,-2.52,0.86,0.01,FUEL_RESTRICTION
3716.96,0.6728,888.91,413.44,179.41,24.89,51.28,13.62,30.19,0.903,-0.61,-0.27,0.23,0.038,NORMAL
4027.6,0.8028,918.81,470.63,197.93,22.53,51.5,14.97,31.05,0.949,-64.25,0.79,0.77,-0.009,EXHAUST_LEAK
3729.48,0.7617,948.67,443.52,223.33,25.38,28.44,14.46,30.7,2.173,5.18,-2.57,-21.09,1.304,LUBRICATION_ISSUE
4252.15,0.884,996.58,507.62,200.64,23.93,51.09,16.67,32.52,1.11,-46.45,1.8,-0.92,0.084,EXHAUST_LEAK
3929.23,0.8433,1074.3,482.41,200.67,26.85,49.65,12.26,31.64,0.88,71.87,0.95,0.22,-0.049,FUEL_RESTRICTION
3439.34,0.6744,929.46,408.44,175.48,24.47,48.53,8.38,30.33,0.825,52.88,2.49,-0.69,0.043,FUEL_RESTRICTION
3739.09,0.8156,935.54,462.73,196.38,26.28,48.0,15.09,30.52,3.961,-40.77,-3.06,-0.62,3.089,CYLINDER_MISFIRE
4131.14,0.8356,1007.47,481.88,199.21,26.8,52.6,15.61,31.39,0.983,-0.45,-2.87,1.56,-0.006,NORMAL
2850.31,0.4325,668.97,303.13,140.82,21.38,50.54,9.37,28.62,4.33,-33.06,1.91,0.8,3.725,CYLINDER_MISFIRE
3267.61,0.6327,799.6,383.29,166.63,23.83,49.17,12.3,27.62,4.887,-43.38,-2.49,0.32,4.157,CYLINDER_MISFIRE
2908.49,0.3582,697.39,304.31,130.18,19.97,50.49,8.67,45.68,0.573,37.05,28.11,-0.96,-0.049,OVERHEATING
3669.5,0.7329,924.46,434.32,219.76,25.42,21.08,13.91,31.37,1.95,1.24,0.39,-28.58,1.1,LUBRICATION_ISSUE
3933.27,0.8471,1007.53,482.55,221.36,26.59,18.29,15.92,33.83,1.757,2.63,-0.39,-31.18,0.827,LUBRICATION_ISSUE
2969.48,0.4918,710.7,324.34,147.46,21.92,51.42,10.27,28.96,4.365,-32.83,-1.77,1.97,3.724,CYLINDER_MISFIRE
3421.64,0.6871,844.42,412.34,175.28,24.51,49.95,13.51,31.73,4.398,-38.89,2.35,1.08,3.622,CYLINDER_MISFIRE
4150.67,0.9452,1080.94,527.45,224.1,28.04,31.94,17.28,31.66,2.109,6.28,2.65,-19.26,1.113,LUBRICATION_ISSUE
2871.12,0.3356,643.16,268.65,125.5,19.65,52.38,8.46,27.03,0.551,-1.75,1.7,0.75,-0.06,NORMAL
3367.29,0.5521,740.68,359.35,157.79,20.06,47.6,11.47,29.76,0.78,-58.94,-0.42,-3.35,0.02,EXHAUST_LEAK
3902.23,0.8305,994.46,475.67,218.89,26.81,26.07,15.23,29.34,2.041,1.06,-0.38,-23.35,1.12,LUBRICATION_ISSUE
4065.9,0.9264,1033.37,516.59,200.41,27.83,51.51,16.74,31.39,4.056,-25.79,1.1,0.98,3.086,CYLINDER_MISFIRE
3267.88,0.5075,763.91,342.1,153.28,21.76,51.51,10.96,30.09,0.715,-3.99,1.36,0.4,-0.015,NORMAL
4317.9,0.9472,1086.61,530.29,199.31,28.23,52.1,17.16,32.01,1.066,2.38,-0.24,-0.44,0.021,NORMAL
3442.88,0.6584,921.97,400.1,172.44,24.33,49.96,9.87,30.8,0.833,54.76,-0.22,0.44,0.05,FUEL_RESTRICTION
3947.0,0.7815,900.97,461.6,193.82,23.75,50.63,14.86,31.81,1.002,-65.3,1.83,0.04,0.068,EXHAUST_LEAK
3637.69,0.7322,983.6,436.82,187.51,24.98,50.91,9.07,31.71,0.839,62.38,4.08,1.45,-0.003,FUEL_RESTRICTION
4188.14,0.8949,1080.68,531.14,199.24,27.43,52.55,16.73,43.12,1.034,34.33,23.33,1.05,0.027,OVERHEATING
4089.3,0.8291,1002.34,479.66,199.54,26.43,50.73,15.68,32.94,0.953,0.39,-1.51,0.02,-0.024,NORMAL
4044.5,0.833,1002.04,480.05,198.36,26.83,51.45,15.43,32.94,0.986,-0.01,-1.18,1.1,0.023,NORMAL
4299.19,0.9114,1091.15,539.91,200.75,27.66,52.38,16.9,42.11,1.003,29.34,22.82,-0.01,-0.037,OVERHEATING
2798.0,0.3282,668.51,286.67,126.68,19.63,51.82,7.93,44.67,0.615,31.7,24.58,0.54,0.025,OVERHEATING
3029.54,0.395,619.0,297.99,137.92,18.73,51.69,9.33,28.03,0.546,-69.46,4.92,0.11,-0.112,EXHAUST_LEAK
3154.64,0.5276,843.87,346.86,152.97,22.36,50.56,7.67,28.94,0.723,69.6,2.29,0.55,0.027,FUEL_RESTRICTION
3785.48,0.7087,851.27,427.54,180.56,21.55,50.24,13.6,30.63,0.872,-63.22,-1.15,-0.61,-0.014,EXHAUST_LEAK
2969.98,0.4589,803.22,313.68,146.67,21.37,50.09,6.24,29.1,0.677,79.4,-0.61,0.04,0.036,FUEL_RESTRICTION
3065.96,0.4401,713.51,309.75,144.15,21.15,51.32,9.61,29.0,0.645,-3.85,-0.66,0.31,-0.025,NORMAL
3961.52,0.7889,1020.1,476.55,194.62,26.33,52.15,15.08,41.6,0.963,48.66,13.69,1.6,0.024,OVERHEATING
3919.41,0.835,1050.19,476.9,199.42,26.72,49.42,10.98,32.43,0.976,53.24,-1.27,-0.03,0.051,FUEL_RESTRICTION
3648.5,0.6648,878.25,408.9,176.9,24.45,50.96,13.1,29.66,0.848,-3.05,0.12,0.21,0.003,NORMAL
3823.65,0.8421,947.16,478.05,198.5,26.66,48.4,15.66,31.88,4.949,-49.31,0.17,-0.3,4.052,CYLINDER_MISFIRE
3403.1,0.6097,908.38,380.42,166.12,23.9,50.69,7.54,28.44,0.805,72.42,-1.16,0.55,0.034,FUEL_RESTRICTION
3192.73,0.4907,794.27,357.53,150.35,21.86,52.64,10.48,41.93,0.691,40.21,25.09,1.72,-0.017,OVERHEATING
3603.0,0.6317,799.86,394.31,170.05,22.41,51.62,12.51,29.95,0.882,-59.32,-1.2,0.57,0.051,EXHAUST_LEAK
3527.79,0.7203,860.03,423.91,182.45,24.91,50.72,13.82,29.82,4.687,-48.54,-1.23,1.76,3.879,CYLINDER_MISFIRE
3192.86,0.5277,774.23,346.39,189.23,22.27,29.32,10.86,29.34,2.214,-2.05,0.63,-20.93,1.506,LUBRICATION_ISSUE
3749.14,0.708,839.56,426.13,180.06,22.97,52.21,13.68,32.23,0.898,-72.71,-1.23,1.59,0.023,EXHAUST_LEAK
3925.45,0.7694,993.18,471.84,192.82,25.96,51.27,14.66,45.93,0.908,35.26,17.1,0.61,-0.02,OVERHEATING
3124.19,0.4658,683.6,323.77,145.31,18.05,49.51,10.42,28.67,0.765,-52.07,2.37,-1.41,0.078,EXHAUST_LEAK
2831.45,0.3402,594.2,265.95,129.86,16.2,49.77,8.3,26.68,0.646,-51.47,-1.45,-1.52,0.047,EXHAUST_LEAK
3635.17,0.6452,913.48,419.09,173.49,24.14,50.66,13.0,44.18,0.876,44.57,17.75,-0.35,0.036,OVERHEATING
3941.02,0.7713,1004.44,471.79,191.11,25.82,49.89,14.76,42.84,0.882,44.6,15.89,-0.85,-0.051,OVERHEATING
2764.1,0.3067,569.19,252.17,124.49,17.27,51.39,7.72,26.38,0.617,-53.06,-1.18,-0.06,0.038,EXHAUST_LEAK
3338.65,0.5281,787.86,349.41,157.06,22.51,52.24,11.31,28.84,0.725,4.07,-0.87,1.05,-0.027,NORMAL
2897.23,0.4285,767.07,300.67,140.52,21.42,51.35,5.49,28.3,0.599,65.11,-0.51,1.23,-0.02,FUEL_RESTRICTION
3001.85,0.3831,678.03,290.94,134.89,20.08,49.03,8.99,27.62,0.593,-1.92,2.97,-2.58,-0.057,NORMAL
3192.39,0.5288,776.82,348.53,185.27,22.18,18.54,11.02,29.19,2.413,-0.1,2.38,-31.69,1.706,LUBRICATION_ISSUE
3559.89,0.624,881.67,417.76,170.91,23.57,52.66,12.29,41.38,0.726,29.25,26.31,1.76,-0.092,OVERHEATING
3840.01,0.8124,943.31,469.86,196.87,26.55,49.67,15.25,31.65,4.345,-36.12,2.2,0.33,3.443,CYLINDER_MISFIRE
3003.14,0.4083,721.67,321.27,137.46,20.76,51.7,9.38,44.44,0.734,26.55,24.2,0.53,0.083,OVERHEATING
2936.12,0.4554,716.71,310.48,172.58,21.61,15.02,10.08,27.3,1.587,-3.34,-1.55,-34.87,0.957,LUBRICATION_ISSUE
3910.76,0.8413,1003.82,478.62,229.43,26.53,19.42,15.57,30.98,2.268,3.51,-1.56,-29.86,1.345,LUBRICATION_ISSUE
3170.85,0.5206,769.81,343.88,176.31,22.29,21.67,10.6,28.33,1.463,-1.08,1.35,-28.57,0.761,LUBRICATION_ISSUE
4293.05,0.9372,1077.09,524.68,199.65,27.94,53.41,17.36,31.02,1.001,0.1,-1.52,1.07,-0.037,NORMAL
3102.72,0.5036,754.96,334.52,173.39,21.77,17.72,10.54,29.6,1.89,-2.33,0.15,-32.39,1.209,LUBRICATION_ISSUE
2971.89,0.449,721.04,309.7,171.93,21.15,18.65,9.53,28.97,1.814,3.04,-1.1,-31.59,1.173,LUBRICATION_ISSUE
3214.4,0.4817,747.08,327.14,151.79,21.84,53.34,10.55,27.84,0.718,-2.69,-2.72,2.12,0.004,NORMAL
2824.11,0.39,675.44,284.31,165.95,20.5,24.34,8.95,27.94,2.178,0.24,-0.81,-26.0,1.581,LUBRICATION_ISSUE
3344.24,0.6468,815.79,393.32,170.22,24.21,46.93,12.57,28.51,4.563,-39.53,0.12,-2.16,3.81,CYLINDER_MISFIRE
4136.71,0.8954,1047.43,506.26,230.02,27.42,24.82,16.39,32.5,2.493,3.33,-0.2,-26.27,1.502,LUBRICATION_ISSUE
3285.92,0.5298,784.3,349.65,156.08,22.36,50.23,11.05,29.98,0.718,2.15,0.36,-0.59,-0.017,NORMAL
4257.66,0.8935,990.47,509.91,198.85,25.71,51.09,16.53,32.13,1.003,-58.53,0.51,-0.98,-0.024,EXHAUST_LEAK
4286.31,0.9269,999.54,520.79,200.45,24.91,52.8,17.25,32.51,1.043,-70.93,-1.49,0.51,0.007,EXHAUST_LEAK
3535.4,0.6129,792.9,383.97,170.18,20.43,52.35,12.38,29.99,0.776,-51.61,-2.74,1.4,-0.035,EXHAUST_LEAK
4320.35,0.9324,1102.34,538.16,201.15,27.96,49.22,17.17,45.82,1.114,26.9,12.9,-3.34,0.068,OVERHEATING
4031.59,0.8302,1033.05,491.43,201.79,26.51,50.17,15.53,44.16,0.91,33.38,11.62,-0.09,-0.049,OVERHEATING
3791.19,0.7115,953.68,457.84,181.0,25.05,50.75,14.07,40.2,0.91,37.23,27.97,-0.09,0.023,OVERHEATING
3041.74,0.4899,823.42,328.1,146.98,22.0,51.26,6.46,29.08,0.607,77.37,0.47,1.31,-0.056,FUEL_RESTRICTION
2789.65,0.3192,583.74,261.76,127.48,15.78,51.05,8.21,27.0,0.585,-47.29,3.14,-0.34,-0.002,EXHAUST_LEAK
3147.93,0.5276,775.86,346.25,183.77,22.24,31.21,11.16,29.25,1.538,1.9,1.87,-18.75,0.844,LUBRICATION_ISSUE
4090.37,0.8189,996.75,478.05,198.98,26.63,51.8,15.26,32.6,0.911,0.87,0.52,0.95,-0.066,NORMAL
3287.06,0.5292,831.53,368.72,156.15,22.35,52.89,11.17,38.88,0.787,49.67,19.61,2.05,0.051,OVERHEATING
3842.02,0.7204,923.99,436.07,184.27,25.25,48.14,13.89,31.55,0.893,-0.36,1.45,-2.87,-0.01,NORMAL
3377.35,0.6176,835.01,378.62,200.6,23.48,30.59,12.3,29.01,1.942,-4.44,-5.05,-19.25,1.179,LUBRICATION_ISSUE
2710.66,0.3422,639.41,267.38,162.38,19.53,16.23,8.52,27.56,1.675,-1.45,2.86,-34.23,1.112,LUBRICATION_ISSUE
3165.02,0.524,772.05,342.79,178.21,21.84,17.1,10.56,29.38,2.017,-0.58,-0.79,-33.04,1.317,LUBRICATION_ISSUE
4213.03,0.8803,1086.09,522.9,200.65,27.26,53.63,16.65,41.99,0.893,47.25,19.59,1.92,-0.121,OVERHEATING
3545.26,0.62,845.16,390.14,169.6,23.75,50.72,12.83,30.41,0.771,-4.12,0.56,-0.16,-0.043,NORMAL
2768.37,0.3593,650.59,269.15,163.05,20.13,32.37,8.7,27.58,1.784,-3.41,-3.25,-18.15,1.204,LUBRICATION_ISSUE
3466.89,0.6453,910.37,396.77,172.63,23.75,52.54,7.65,28.9,0.815,49.85,0.45,2.62,0.024,FUEL_RESTRICTION
3905.96,0.823,1035.98,473.57,198.53,26.0,47.32,10.0,31.28,0.866,46.86,0.1,-2.26,-0.056,FUEL_RESTRICTION
4193.86,0.8764,979.89,498.57,200.92,24.51,50.91,16.16,30.45,0.95,-55.67,-2.76,-0.64,-0.058,EXHAUST_LEAK
3722.85,0.7629,1002.4,446.47,187.65,25.73,48.53,9.29,30.81,0.933,58.53,0.14,-0.94,0.066,FUEL_RESTRICTION
4090.13,0.8318,1058.1,497.52,199.57,26.14,50.36,15.78,45.66,0.98,54.53,15.37,-0.36,0.003,OVERHEATING
3046.74,0.5197,720.1,336.77,152.29,22.45,48.84,10.69,29.87,4.053,-44.05,-1.72,-0.61,3.389,CYLINDER_MISFIRE
2776.63,0.4137,661.08,292.8,137.19,21.03,48.07,9.17,27.85,3.827,-25.95,0.58,-1.53,3.244,CYLINDER_MISFIRE
3209.5,0.5632,801.69,362.91,191.03,22.85,15.78,11.23,28.09,1.639,3.29,3.87,-33.94,0.926,LUBRICATION_ISSUE
3750.17,0.8042,919.65,461.08,193.15,26.2,49.75,14.75,31.66,4.195,-50.39,-0.94,0.85,3.32,CYLINDER_MISFIRE
3149.24,0.5251,772.8,348.46,175.6,22.18,27.98,11.07,29.51,1.74,0.3,4.97,-22.04,1.045,LUBRICATION_ISSUE
3879.59,0.7682,947.77,454.28,192.46,25.44,50.6,14.75,31.09,0.882,-7.14,1.34,0.21,-0.032,NORMAL
3735.98,0.7218,951.48,449.49,183.73,25.03,50.51,13.95,44.61,0.888,31.6,17.56,0.21,0.017,OVERHEATING
2895.04,0.357,661.06,273.66,129.38,20.43,50.03,8.68,27.88,0.629,2.12,-1.7,-1.36,0.01,NORMAL
3795.64,0.7785,956.37,457.36,225.13,25.74,28.38,14.69,31.23,2.05,-0.54,3.22,-21.27,1.161,LUBRICATION_ISSUE
3763.03,0.7046,835.15,422.17,183.0,21.74,53.1,13.58,31.82,0.942,-75.73,-4.36,2.32,0.063,EXHAUST_LEAK
4130.94,0.8547,964.53,492.39,200.89,24.06,51.55,16.07,32.82,0.992,-54.83,0.77,0.5,0.002,EXHAUST_LEAK
2815.17,0.4262,674.14,299.64,138.86,21.31,52.33,9.22,27.98,3.946,-22.33,1.76,2.71,3.351,CYLINDER_MISFIRE
3464.42,0.6614,912.98,399.68,173.66,24.1,48.91,9.44,29.66,0.7,42.94,-2.34,-0.7,-0.089,FUEL_RESTRICTION
4040.33,0.9176,1011.01,512.55,199.24,27.62,49.74,16.75,33.39,4.715,-41.59,0.99,-0.58,3.753,CYLINDER_MISFIRE
3178.08,0.4766,748.37,326.42,147.98,21.68,51.2,10.16,28.57,0.69,3.5,-0.51,0.13,-0.014,NORMAL
3969.09,0.8776,997.51,494.48,199.45,27.67,49.81,16.27,31.74,3.457,-27.52,-0.54,0.06,2.516,CYLINDER_MISFIRE
4061.36,0.8249,941.55,479.0,197.31,25.09,51.66,15.64,30.5,1.002,-56.47,0.19,1.11,0.034,EXHAUST_LEAK
4318.25,0.939,1025.97,529.67,198.99,24.4,49.84,17.0,32.71,1.089,-53.34,2.08,-2.71,0.043,EXHAUST_LEAK
2781.0,0.4024,636.82,288.93,134.82,20.56,50.22,8.69,28.98,3.495,-43.69,0.62,0.38,2.911,CYLINDER_MISFIRE
3343.51,0.6256,792.57,385.82,168.28,23.83,48.33,12.54,30.15,3.561,-49.96,0.31,-1.15,2.808,CYLINDER_MISFIRE
3378.09,0.6426,825.07,396.14,174.44,24.15,51.82,12.68,30.36,3.487,-29.38,3.47,2.42,2.723,CYLINDER_MISFIRE
3111.79,0.4394,719.77,312.2,144.31,20.76,52.7,9.79,29.08,0.591,0.55,0.66,1.39,-0.092,NORMAL
