timestamp,rpm,throttle,egt,cht,oil_temp,map,oil_press,fuel_flow,iat,vibration,fault_active,egt_expected,cht_expected,res_egt,res_cht,res_oil_press,res_vibration
0.5,3005.57,0.4105,701.4,301.41,135.63,20.49,51.43,9.31,28.27,0.624,False,696.58,297.95,4.82,3.46,0.28,-0.028
1.0,3075.03,0.4238,707.58,307.73,142.38,20.76,51.7,9.41,29.09,0.666,False,708.03,304.82,-0.45,2.91,0.34,-0.007
1.5,3037.96,0.4206,711.07,302.51,140.13,20.82,51.9,9.56,28.7,0.683,False,704.26,302.55,6.81,-0.04,0.72,0.022
2.0,3120.29,0.4514,724.68,313.9,146.68,21.54,51.07,9.84,27.95,0.715,False,726.85,316.11,-2.17,-2.21,-0.09,0.029
2.5,3122.95,0.4448,719.18,314.2,144.73,21.27,52.27,9.91,29.1,0.686,False,723.03,313.82,-3.85,0.38,0.98,-0.001
3.0,3131.93,0.4477,717.31,313.8,143.98,21.14,50.89,10.14,27.89,0.725,False,725.22,315.13,-7.91,-1.33,-0.41,0.035
3.5,3081.81,0.4354,716.48,311.16,144.56,21.25,50.82,9.66,29.17,0.669,False,715.33,309.2,1.15,1.96,-0.37,-0.006
4.0,3094.44,0.4468,719.36,315.87,145.08,21.39,50.71,9.93,29.08,0.673,False,722.8,313.68,-3.44,2.19,-0.36,-0.005
4.5,3165.51,0.4715,740.02,323.96,145.98,21.7,50.61,10.27,29.16,0.721,False,741.18,324.71,-1.16,-0.75,-0.48,0.021
5.0,3200.22,0.4809,746.52,328.94,146.35,21.44,49.57,10.26,29.17,0.674,False,748.55,329.13,-2.03,-0.19,-1.58,-0.036
5.5,3220.19,0.4777,744.54,330.0,147.4,21.65,50.02,10.31,29.49,0.639,False,747.63,328.58,-3.09,1.42,-1.31,-0.077
6.0,3237.26,0.493,754.45,330.12,151.63,21.8,51.42,10.6,30.23,0.71,False,757.66,334.6,-3.21,-4.48,0.25,-0.011
6.5,3217.48,0.4856,753.13,335.3,152.08,21.87,52.91,10.31,28.37,0.677,False,752.23,331.34,0.9,3.96,1.74,-0.038
7.0,3219.89,0.499,764.93,336.39,149.41,21.78,51.5,10.81,30.59,0.841,False,760.39,336.24,4.54,0.15,0.55,0.125
7.5,3265.27,0.514,762.01,344.4,152.91,22.11,50.37,10.89,29.96,0.742,False,771.66,343.0,-9.65,1.4,-0.6,0.012
8.0,3267.38,0.5152,765.17,342.67,154.6,22.57,51.25,11.08,28.72,0.689,False,772.49,343.49,-7.32,-0.82,0.29,-0.041
8.5,3270.61,0.514,783.33,341.15,156.21,22.02,52.22,10.97,28.99,0.734,False,771.93,343.16,11.4,-2.01,1.21,0.003
9.0,3318.78,0.5239,777.58,344.24,153.42,22.37,52.98,11.08,29.1,0.754,False,780.28,348.17,-2.7,-3.93,1.84,0.008
9.5,3380.04,0.5503,796.88,362.68,160.65,23.01,51.26,11.27,28.31,0.829,False,799.18,359.51,-2.3,3.17,0.2,0.065
10.0,3399.07,0.5611,804.86,368.45,159.14,22.68,51.79,11.56,29.48,0.764,False,806.61,363.97,-1.75,4.48,0.8,-0.006
10.5,3412.5,0.5537,801.91,362.81,156.19,22.74,50.02,11.32,28.73,0.752,False,802.85,361.71,-0.94,1.1,-1.19,-0.022
11.0,3388.39,0.566,810.48,364.74,161.41,23.12,51.66,11.89,29.4,0.747,False,809.02,365.41,1.46,-0.67,0.82,-0.02
11.5,3407.13,0.5609,807.54,360.74,161.51,22.9,54.04,11.9,28.8,0.759,False,806.9,364.14,0.64,-3.4,2.99,-0.013
12.0,3375.08,0.5548,803.78,364.94,158.98,22.64,48.45,11.5,28.59,0.745,False,801.63,360.98,2.15,3.96,-2.5,-0.018
12.5,3415.02,0.5668,802.11,362.14,166.44,22.68,49.69,11.98,31.86,0.728,False,810.83,366.5,-8.72,-4.36,-1.31,-0.047
13.0,3451.51,0.5779,827.6,368.41,163.3,23.25,51.51,11.81,29.52,0.728,False,819.32,371.59,8.28,-3.18,0.48,-0.057
13.5,3457.39,0.5851,825.35,372.85,165.78,23.39,51.16,12.03,29.72,0.789,False,823.93,374.36,1.42,-1.51,0.22,0.002
14.0,3471.45,0.586,824.4,381.21,168.12,23.28,50.06,11.82,30.64,0.8,False,825.17,375.1,-0.77,6.11,-0.96,0.009
14.5,3474.46,0.6037,842.35,383.99,165.32,23.36,51.26,12.26,29.6,0.799,False,835.94,381.57,6.41,2.42,0.54,0.007
15.0,3507.98,0.602,843.79,374.16,166.81,23.46,51.3,12.17,28.41,0.815,False,836.6,381.96,7.19,-7.8,0.33,0.013
15.5,3537.29,0.6272,859.03,391.84,170.82,23.57,50.5,12.8,30.48,0.89,False,853.18,391.91,5.85,-0.07,-0.2,0.079
16.0,3576.23,0.627,863.28,394.05,172.57,23.72,50.98,12.5,30.81,0.773,False,855.01,393.01,8.27,1.04,0.02,-0.05
16.5,3566.66,0.6282,861.29,395.51,174.73,23.94,49.01,12.61,29.09,0.8,False,855.25,393.15,6.04,2.36,-1.87,-0.02
17.0,3613.99,0.6405,860.87,395.57,172.94,23.72,50.07,12.85,31.05,0.855,False,865.0,399.0,-4.13,-3.43,-0.89,0.021
17.5,3524.46,0.6074,840.69,385.44,171.3,23.09,50.23,12.4,28.59,0.865,False,840.66,384.4,0.03,1.04,-0.75,0.058
18.0,3613.64,0.6387,860.19,400.27,174.75,23.99,51.16,12.82,29.42,0.823,False,863.9,398.34,-3.71,1.93,0.17,-0.011
18.5,3602.82,0.6381,867.59,394.38,172.27,24.23,49.99,12.65,30.27,0.862,False,863.0,397.8,4.59,-3.42,-0.94,0.031
19.0,3636.93,0.6441,871.28,402.73,174.51,24.48,50.63,12.56,31.44,0.815,False,868.31,400.98,2.97,1.75,-0.42,-0.026
19.5,3649.66,0.6494,862.8,398.73,170.96,23.93,51.39,13.02,30.42,0.781,False,872.12,403.27,-9.32,-4.54,0.36,-0.064
20.0,3574.44,0.6293,853.91,395.14,172.66,23.84,51.81,12.67,30.46,0.794,False,856.3,393.78,-2.39,1.36,0.9,-0.028
20.5,3640.48,0.6546,878.7,403.58,175.96,24.11,50.71,13.14,28.64,0.789,False,874.78,404.87,3.92,-1.29,-0.17,-0.053
21.0,3566.84,0.6454,864.53,403.0,173.01,24.08,52.18,13.08,30.11,0.888,False,865.58,399.35,-1.05,3.65,1.61,0.068
21.5,3645.25,0.6648,879.01,404.75,174.62,24.24,51.8,13.43,29.21,0.864,False,881.14,408.69,-2.13,-3.94,1.07,0.02
22.0,3651.89,0.657,875.64,400.28,177.12,24.08,50.21,12.89,29.73,0.86,False,876.79,406.08,-1.15,-5.8,-0.7,0.014
22.5,3678.54,0.6688,886.68,414.88,176.29,24.07,52.11,13.18,31.24,0.867,False,885.21,411.12,1.47,3.76,1.24,0.013
23.0,3688.27,0.6725,897.33,418.78,177.65,24.45,52.11,13.16,30.65,0.853,False,887.91,412.75,9.42,6.03,1.24,-0.003
23.5,3683.2,0.6799,885.01,409.56,176.36,24.43,50.46,13.69,31.32,0.821,False,892.1,415.26,-7.09,-5.7,-0.24,-0.034
24.0,3699.58,0.6831,893.82,417.7,180.29,24.5,52.08,13.28,30.47,0.966,False,894.84,416.9,-1.02,0.8,1.33,0.106
24.5,3739.85,0.6845,896.7,419.49,179.13,24.55,49.87,13.53,29.79,0.89,False,897.69,418.62,-0.99,0.87,-1.12,0.018
25.0,3746.2,0.6955,902.84,423.93,180.24,24.92,48.59,13.58,28.97,0.812,False,904.61,422.77,-1.77,1.16,-2.24,-0.062
25.5,3769.43,0.7006,904.34,420.26,175.66,24.7,53.68,13.77,30.16,0.894,False,908.83,425.3,-4.49,-5.04,2.79,0.013
26.0,3677.7,0.6735,888.75,412.7,179.23,24.5,51.62,13.2,31.11,0.92,False,887.98,412.79,0.77,-0.09,0.84,0.067
26.5,3685.45,0.6813,900.61,415.78,181.59,24.45,52.55,13.44,30.66,0.924,False,893.05,415.83,7.56,-0.05,1.86,0.068
27.0,3703.93,0.6891,897.35,421.12,176.79,24.77,50.15,13.71,28.6,0.835,False,898.66,419.19,-1.31,1.93,-0.52,-0.026
27.5,3676.98,0.6774,892.36,414.13,177.72,24.45,51.06,13.21,30.98,0.885,False,890.29,414.17,2.07,-0.04,0.35,0.032
28.0,3759.84,0.6995,908.61,430.38,181.25,24.73,49.87,13.54,29.6,0.839,False,907.69,424.62,0.92,5.76,-0.98,-0.039
28.5,3746.96,0.6961,904.94,420.51,182.74,24.89,50.59,13.54,31.01,0.88,False,905.01,423.0,-0.07,-2.49,-0.24,0.006
29.0,3706.97,0.6833,896.73,414.55,179.46,24.28,52.41,13.64,30.26,0.877,False,895.33,417.2,1.4,-2.65,1.61,0.015
29.5,3663.19,0.6745,887.56,410.2,179.23,24.84,49.41,13.19,30.58,0.92,False,887.86,412.72,-0.3,-2.52,-1.26,0.071
30.0,3722.54,0.687,907.2,413.9,177.06,24.53,50.17,13.63,30.69,0.794,False,898.33,419.0,8.87,-5.1,-0.66,-0.073
30.5,3750.55,0.7048,917.38,424.72,180.93,24.98,51.68,13.84,29.29,0.9,False,910.41,426.24,6.97,-1.52,0.99,0.025
31.0,3728.69,0.6896,892.84,421.31,178.38,24.4,51.65,13.58,30.03,0.925,False,900.19,420.12,-7.35,1.19,0.83,0.056
31.5,3739.62,0.6956,905.65,420.72,181.8,24.63,50.29,13.84,29.73,0.775,False,904.34,422.6,1.31,-1.88,-0.5,-0.097
32.0,3840.94,0.716,917.06,425.64,183.2,24.97,50.52,13.77,31.19,0.908,False,921.65,432.99,-4.59,-7.35,-0.56,0.006
32.5,3725.52,0.6846,906.61,418.32,178.59,24.56,51.54,13.21,30.61,0.848,False,897.04,418.22,9.57,0.1,0.65,-0.02
33.0,3790.36,0.7175,928.55,428.82,185.22,25.11,49.7,13.99,31.71,0.875,False,920.02,432.01,8.53,-3.19,-1.02,-0.012
33.5,3703.28,0.6815,889.54,415.41,178.65,24.2,48.87,13.49,30.03,0.759,False,894.06,416.44,-4.52,-1.03,-1.93,-0.102
34.0,3768.82,0.7053,907.81,422.88,183.95,24.94,53.62,13.84,30.95,0.872,False,911.62,426.97,-3.81,-4.09,2.82,-0.009
34.5,3774.02,0.7046,917.1,424.94,181.3,24.77,51.72,13.99,30.27,0.861,False,911.46,426.88,5.64,-1.94,0.87,-0.021
35.0,3740.93,0.6983,911.05,417.02,179.61,24.62,47.99,13.53,29.85,0.866,False,906.03,423.62,5.02,-6.6,-2.76,-0.006
35.5,3757.34,0.7049,905.9,426.46,184.31,24.67,49.67,13.86,30.46,0.905,False,910.81,426.48,-4.91,-0.02,-1.06,0.028
36.0,3744.08,0.692,896.54,420.99,179.92,24.45,48.91,13.68,30.26,0.828,False,902.4,421.44,-5.86,-0.45,-1.97,-0.045
36.5,3746.05,0.6894,888.41,415.4,178.12,24.94,51.13,13.66,29.6,0.822,False,900.94,420.57,-12.53,-5.17,0.19,-0.052
37.0,3733.32,0.6929,905.07,420.83,181.02,24.73,51.72,13.71,29.25,0.78,False,902.41,421.44,2.66,-0.61,0.93,-0.09
37.5,3764.36,0.6962,899.67,417.29,181.15,24.93,52.94,13.72,30.27,0.836,False,905.94,423.56,-6.27,-6.27,2.0,-0.043
38.0,3704.03,0.684,890.83,423.69,182.75,24.8,49.7,13.59,30.98,0.881,False,895.6,417.36,-4.77,6.33,-1.06,0.02
38.5,3747.39,0.6939,906.76,423.75,181.29,24.36,50.89,13.52,29.53,0.938,False,903.71,422.23,3.05,1.52,0.02,0.064
39.0,3767.13,0.696,905.86,426.8,180.94,24.78,49.47,13.7,30.62,0.82,False,905.96,423.57,-0.1,3.23,-1.49,-0.06
39.5,3686.69,0.6753,898.59,416.44,177.94,24.5,50.87,13.3,29.54,0.85,False,889.51,413.71,9.08,2.73,0.06,-0.006
40.0,3638.31,0.6653,884.92,410.59,172.9,24.29,52.03,13.34,31.14,0.851,False,881.1,408.66,3.82,1.93,1.36,0.01
40.5,3631.16,0.6611,881.04,408.73,178.44,24.48,50.68,12.93,30.03,0.855,False,878.22,406.93,2.82,1.8,-0.02,0.016
41.0,3648.91,0.6642,882.8,407.41,175.05,24.36,50.36,13.2,30.53,0.803,False,880.97,408.58,1.83,-1.17,-0.4,-0.042
41.5,3673.39,0.6579,871.13,399.82,171.67,24.22,50.89,13.05,31.23,0.736,False,878.41,407.05,-7.28,-7.23,-0.14,-0.116
42.0,3688.53,0.6629,874.98,407.23,174.62,24.1,50.45,13.36,31.77,0.834,False,882.17,409.3,-7.19,-2.07,-0.59,-0.023
42.5,3686.08,0.6741,897.52,412.97,178.01,24.51,54.63,13.44,29.83,0.894,False,888.76,413.26,8.76,-0.29,3.8,0.038
43.0,3608.83,0.6475,873.95,401.73,174.44,24.07,51.27,12.98,28.63,0.862,False,868.94,401.36,5.01,0.37,0.47,0.029
43.5,3563.82,0.6371,861.58,397.38,170.99,24.09,49.27,12.69,29.63,0.826,False,860.45,396.27,1.13,1.11,-1.43,0.007
44.0,3593.19,0.6453,871.49,400.91,169.79,23.64,50.86,12.85,30.08,0.833,False,866.84,400.1,4.65,0.81,0.12,0.005
44.5,3619.74,0.6403,858.67,395.02,170.66,24.02,52.37,12.74,28.12,0.762,False,865.17,399.1,-6.5,-4.08,1.37,-0.074
45.0,3551.57,0.6251,851.15,392.03,170.01,23.96,50.09,12.45,30.38,0.757,False,852.64,391.58,-1.49,0.45,-0.74,-0.058
45.5,3583.39,0.6325,857.85,399.92,170.47,24.27,50.62,12.5,30.12,0.781,False,858.67,395.2,-0.82,4.72,-0.29,-0.044
46.0,3548.43,0.6162,849.52,386.18,171.32,23.86,52.65,12.52,31.02,0.737,False,847.14,388.28,2.38,-2.1,1.68,-0.078
46.5,3521.33,0.6155,846.81,386.01,168.91,23.99,50.72,12.49,29.74,0.815,False,845.37,387.22,1.44,-1.21,-0.09,0.009
47.0,3542.72,0.6135,850.62,391.82,169.58,23.71,49.55,12.39,30.66,0.845,False,845.24,387.14,5.38,4.68,-1.43,0.032
47.5,3543.28,0.6102,844.86,389.05,169.06,23.47,51.34,11.91,30.19,0.662,False,843.28,385.97,1.58,3.08,0.29,-0.151
48.0,3472.55,0.5854,826.81,371.16,163.46,23.47,50.39,12.32,29.68,0.805,False,824.87,374.92,1.94,-3.76,-0.64,0.013
48.5,3535.66,0.6132,839.57,386.42,168.84,23.31,50.62,12.29,30.65,0.811,False,844.7,386.82,-5.13,-0.4,-0.32,0.0
49.0,3469.13,0.5885,827.78,377.85,163.33,23.03,52.3,11.97,28.57,0.809,False,826.56,375.93,1.22,1.92,1.34,0.018
49.5,3444.7,0.5901,828.99,378.91,166.32,23.39,49.28,12.1,29.48,0.773,False,826.29,375.78,2.7,3.13,-1.49,-0.01
50.0,3500.2,0.5882,835.45,379.83,165.08,23.31,51.89,12.04,29.81,0.824,False,827.93,376.76,7.52,3.07,0.73,0.024
50.5,3417.63,0.5729,813.27,371.11,163.07,23.09,51.8,11.74,30.19,0.795,False,814.62,368.77,-1.35,2.34,0.9,0.02
51.0,3416.24,0.555,799.84,356.44,158.38,22.57,51.09,11.48,29.17,0.791,False,803.81,362.29,-3.97,-5.85,-0.13,0.016
51.5,3417.39,0.5644,811.26,367.37,157.63,22.83,48.4,11.67,29.51,0.815,False,809.51,365.71,1.75,1.66,-2.65,0.04
52.0,3420.37,0.5665,808.23,367.89,161.09,22.93,52.19,11.61,30.18,0.802,False,810.92,366.55,-2.69,1.34,1.15,0.026
52.5,3366.05,0.5386,794.0,354.61,156.58,22.37,50.41,11.36,28.54,0.771,False,791.46,354.88,2.54,-0.27,-0.77,0.011
53.0,3318.9,0.5292,784.21,357.53,153.98,22.7,51.25,11.2,29.33,0.765,False,783.47,350.08,0.75,7.45,0.2,0.019
53.5,3362.62,0.5334,784.44,355.43,156.06,22.46,49.78,11.27,30.42,0.747,False,788.17,352.9,-3.73,2.53,-1.48,-0.012
54.0,3293.32,0.5262,780.38,344.14,154.48,22.41,52.66,11.52,28.74,0.802,False,780.39,348.23,-0.01,-4.09,1.73,0.064
54.5,3306.55,0.5238,781.94,348.05,156.18,22.25,49.41,10.83,29.71,0.732,False,779.61,347.76,2.33,0.29,-1.65,-0.01
55.0,3271.51,0.5085,772.66,341.75,152.43,22.36,53.01,10.9,29.85,0.781,False,768.68,341.21,3.98,0.54,1.9,0.05
55.5,3309.36,0.5188,779.14,347.25,153.04,22.4,49.47,10.86,30.19,0.773,False,776.75,346.05,2.39,1.2,-1.7,0.03
56.0,3282.99,0.5154,767.88,343.46,154.93,22.23,52.46,10.88,29.4,0.697,False,773.39,344.03,-5.51,-0.57,1.4,-0.038
56.5,3244.82,0.4979,757.23,335.88,151.83,21.92,53.25,10.65,28.79,0.64,False,760.98,336.59,-3.75,-0.71,2.12,-0.083
57.0,3187.99,0.4773,742.61,331.77,148.88,21.94,51.24,10.37,28.75,0.708,False,745.78,327.47,-3.17,4.3,0.11,0.002
57.5,3194.16,0.4962,749.75,334.23,151.98,22.09,51.7,10.59,29.79,0.763,False,757.43,334.46,-7.68,-0.23,0.87,0.055
58.0,3203.29,0.4736,744.73,324.34,150.07,21.65,51.17,10.53,26.83,0.649,False,744.32,326.59,0.41,-2.25,-0.13,-0.062
58.5,3124.24,0.4526,726.86,312.36,143.66,21.16,54.16,10.26,28.29,0.675,False,727.77,316.66,-0.91,-4.3,3.0,-0.012
59.0,3075.92,0.4456,722.5,310.86,144.45,20.92,50.31,9.91,28.86,0.701,False,721.16,312.69,1.34,-1.83,-0.66,0.028
59.5,3108.45,0.4365,712.49,311.79,143.28,20.84,50.86,9.8,28.98,0.672,False,717.32,310.39,-4.83,1.4,-0.49,-0.011
60.0,3164.28,0.4577,730.52,321.33,150.23,21.8,49.73,9.93,29.85,0.651,False,732.83,319.7,-2.31,1.63,-1.6,-0.048
60.5,3044.46,0.4217,707.81,303.12,139.84,20.77,50.41,9.39,30.2,0.678,False,705.24,303.15,2.57,-0.03,-0.79,0.015
61.0,3080.99,0.4363,715.39,307.65,137.96,20.83,49.06,9.41,27.53,0.73,False,715.83,309.5,-0.44,-1.85,-2.11,0.056
61.5,3074.61,0.4195,706.21,304.84,139.03,20.98,52.14,9.41,28.8,0.687,False,705.43,303.26,0.78,1.58,0.71,0.015
62.0,2994.99,0.407,689.14,297.3,139.67,20.54,51.32,9.39,28.75,0.717,False,693.95,296.37,-4.81,0.93,0.18,0.069
62.5,3024.34,0.4177,711.28,300.13,142.66,20.86,50.77,9.2,28.2,0.601,False,701.84,301.1,9.44,-0.97,-0.37,-0.056
63.0,3048.21,0.4072,691.2,298.02,137.59,20.57,52.22,9.3,29.65,0.636,False,696.73,298.04,-5.53,-0.02,0.74,-0.028
63.5,3001.88,0.4,693.96,292.65,137.9,20.58,50.3,9.3,28.72,0.674,False,690.09,294.06,3.87,-1.41,-1.01,0.023
64.0,3023.63,0.3979,686.57,294.19,136.44,20.57,50.58,9.41,28.47,0.64,False,689.92,293.95,-3.35,0.24,-0.91,-0.017
64.5,2923.95,0.3869,670.46,290.71,136.23,20.47,49.73,9.0,29.7,0.673,False,678.34,287.0,-7.88,3.71,-1.31,0.046
65.0,2914.32,0.3692,665.73,274.23,134.05,20.34,49.46,8.64,27.03,0.588,False,667.24,280.34,-1.51,-6.11,-1.84,-0.036
65.5,2859.89,0.3606,664.53,279.14,131.79,19.55,50.17,8.79,25.66,0.607,False,659.35,275.61,5.18,3.53,-0.93,-0.001
66.0,2868.28,0.3409,643.76,269.49,130.56,20.14,51.16,8.37,26.54,0.653,False,647.95,268.77,-4.19,0.72,-0.35,0.043
66.5,2832.99,0.3377,644.71,262.2,129.42,19.92,51.76,8.03,27.6,0.633,False,644.27,266.56,0.44,-4.36,0.42,0.033
67.0,2776.38,0.3191,635.77,259.64,127.1,19.84,52.0,8.09,29.72,0.581,False,630.28,258.17,5.49,1.47,0.7,-0.002
67.5,2815.14,0.3226,636.1,258.77,124.72,19.98,51.83,7.93,28.31,0.588,False,634.32,260.59,1.78,-1.82,0.34,-0.007
68.0,2813.27,0.3208,626.13,260.61,130.34,19.58,50.99,7.94,27.24,0.58,False,633.14,259.89,-7.01,0.72,-0.52,-0.014
68.5,2799.16,0.3123,617.78,258.45,124.53,19.45,50.1,8.08,28.5,0.623,False,627.34,256.4,-9.56,2.05,-1.47,0.033
69.0,2751.06,0.2938,615.02,242.98,122.55,19.19,52.15,7.63,27.58,0.629,False,613.83,248.3,1.19,-5.32,0.56,0.054
69.5,2727.86,0.3141,626.12,256.13,122.04,19.42,52.95,7.75,27.78,0.549,False,624.85,254.91,1.27,1.22,1.87,-0.019
70.0,2749.66,0.288,606.12,246.69,118.02,19.41,52.22,7.49,27.76,0.51,False,610.28,246.17,-4.16,0.52,0.53,-0.065
70.5,2742.52,0.2996,616.19,248.85,122.28,19.33,51.78,7.79,27.39,0.595,False,616.89,250.13,-0.7,-1.28,0.35,0.022
71.0,2736.26,0.2767,592.74,244.13,122.85,18.7,54.19,7.5,27.99,0.559,False,602.83,241.7,-10.09,2.43,2.38,-0.012
71.5,2675.41,0.2718,599.04,242.45,119.78,18.62,52.51,7.42,27.7,0.584,False,596.85,238.11,2.19,4.34,1.01,0.031
72.0,2642.76,0.2645,587.45,230.17,118.83,18.69,51.01,6.72,26.12,0.593,False,590.84,234.5,-3.39,-4.33,-0.41,0.05
72.5,2642.0,0.2539,577.13,234.77,116.53,18.61,54.35,7.24,26.79,0.517,False,584.44,230.66,-7.31,4.11,2.75,-0.026
73.0,2636.97,0.2507,581.24,227.87,119.29,18.49,54.32,6.97,28.43,0.552,False,582.27,229.36,-1.03,-1.49,2.69,0.011
73.5,2628.23,0.2571,582.12,233.21,119.25,18.61,50.01,6.85,25.91,0.472,False,585.67,231.4,-3.55,1.81,-1.45,-0.066
74.0,2627.86,0.2421,575.49,218.55,114.73,18.36,54.09,6.61,26.62,0.6,False,576.65,225.99,-1.16,-7.44,2.37,0.062
74.5,2609.36,0.2392,574.02,225.06,116.24,18.19,52.64,6.58,27.18,0.537,False,573.99,224.39,0.03,0.67,0.98,0.004
75.0,2555.47,0.2224,558.1,213.52,111.54,17.89,52.0,6.36,27.35,0.47,False,561.21,216.73,-3.11,-3.21,0.39,-0.047
75.5,2529.43,0.2168,563.78,215.29,111.01,18.13,49.09,6.45,28.33,0.518,False,556.55,213.93,7.23,1.36,-2.45,0.009
76.0,2553.77,0.2171,561.89,208.46,108.12,18.08,50.76,6.65,26.48,0.435,False,557.95,214.77,3.94,-6.31,-0.93,-0.081
76.5,2445.01,0.2,543.83,206.43,108.15,18.02,53.09,6.17,24.89,0.525,False,542.25,205.35,1.58,1.08,1.8,0.041
77.0,2532.1,0.2104,557.42,208.01,114.52,17.75,52.53,6.1,25.94,0.568,False,552.85,211.71,4.57,-3.7,0.86,0.058
77.5,2516.8,0.2,546.18,206.69,111.73,17.75,49.51,6.08,27.04,0.516,False,545.84,207.5,0.34,-0.81,-2.25,0.011
78.0,2485.51,0.2,542.09,205.9,106.25,17.67,50.78,6.32,27.25,0.494,False,544.28,206.57,-2.19,-0.67,-0.78,-0.002
78.5,2502.8,0.2,540.92,203.56,107.12,17.67,50.25,6.22,27.18,0.437,False,545.14,207.08,-4.22,-3.52,-1.42,-0.064
79.0,2495.6,0.2,546.71,206.96,106.09,17.55,51.69,6.35,24.83,0.514,False,544.78,206.87,1.93,0.09,0.07,0.015
79.5,2496.94,0.2,547.75,204.89,108.76,17.48,48.84,6.34,25.81,0.482,False,544.85,206.91,2.9,-2.02,-2.79,-0.017
80.0,2471.8,0.2,544.13,204.81,109.76,17.89,52.04,6.24,27.86,0.457,False,543.59,206.15,0.54,-1.34,0.57,-0.035
80.5,2522.65,0.2,551.32,202.73,108.38,18.07,52.26,6.23,26.43,0.485,False,546.13,207.68,5.19,-4.95,0.46,-0.022
81.0,2494.95,0.2,544.79,207.24,107.64,17.91,55.15,5.93,26.86,0.47,False,544.75,206.85,0.04,0.39,3.53,-0.028
81.5,2500.93,0.2,548.81,210.53,109.38,18.03,48.84,6.44,26.9,0.543,False,545.05,207.03,3.76,3.5,-2.82,0.043
82.0,2483.38,0.2,545.73,206.95,109.57,18.02,49.53,6.35,26.61,0.492,False,544.17,206.5,1.56,0.45,-2.01,-0.003
82.5,2510.06,0.2,532.93,208.95,106.02,17.81,51.51,6.38,26.46,0.472,False,545.5,207.3,-12.57,1.65,-0.21,-0.031
83.0,2525.46,0.2,547.68,205.84,108.53,17.49,52.12,5.94,27.2,0.505,False,546.27,207.76,1.41,-1.92,0.3,-0.003
83.5,2478.0,0.2,544.49,212.39,111.38,17.66,51.92,6.2,26.83,0.472,False,543.9,206.34,0.59,6.05,0.41,-0.021
84.0,2468.04,0.2,545.68,208.35,108.55,17.48,52.84,6.25,26.02,0.489,False,543.4,206.04,2.28,2.31,1.4,-0.001
84.5,2479.49,0.2,542.31,210.69,107.72,17.93,51.0,6.24,26.49,0.535,False,543.97,206.38,-1.66,4.31,-0.52,0.041
85.0,2468.55,0.2,538.09,205.4,106.5,17.88,51.09,6.56,25.21,0.508,False,543.43,206.06,-5.34,-0.66,-0.36,0.017
85.5,2490.13,0.2,545.71,200.02,109.47,18.18,51.11,6.24,27.42,0.493,False,544.51,206.7,1.2,-6.68,-0.48,-0.004
86.0,2454.49,0.2,548.2,206.66,106.97,17.83,50.95,6.12,27.09,0.446,False,542.72,205.63,5.48,1.03,-0.4,-0.04
86.5,2472.05,0.2,541.69,212.77,111.25,17.82,50.52,6.12,26.66,0.502,False,543.6,206.16,-1.91,6.61,-0.95,0.01
87.0,2499.38,0.2,543.93,202.67,107.97,17.98,50.01,6.17,25.94,0.504,False,544.97,206.98,-1.04,-4.31,-1.64,0.004
87.5,2529.55,0.2,547.53,203.06,110.34,17.65,50.96,6.25,26.21,0.536,False,546.48,207.89,1.05,-4.83,-0.88,0.027
88.0,2487.62,0.2,541.72,205.3,111.2,17.93,53.7,6.54,25.78,0.503,False,544.38,206.63,-2.66,-1.33,2.13,0.007
88.5,2484.45,0.2,541.85,203.83,106.9,17.77,50.19,6.33,25.87,0.612,False,544.22,206.53,-2.37,-2.7,-1.36,0.117
89.0,2501.44,0.2,538.52,212.12,111.24,17.86,50.03,6.23,25.7,0.558,False,545.07,207.04,-6.55,5.08,-1.63,0.058
89.5,2501.91,0.2,532.82,204.05,110.38,18.04,52.98,5.96,26.84,0.541,False,545.1,207.06,-12.28,-3.01,1.32,0.04
90.0,2499.84,0.2,546.37,206.1,105.3,17.73,51.26,6.18,26.15,0.482,False,544.99,207.0,1.38,-0.9,-0.39,-0.018
90.5,2508.85,0.2,543.48,205.77,109.18,17.42,52.22,6.2,26.63,0.538,False,545.44,207.27,-1.96,-1.5,0.51,0.035
91.0,2460.52,0.2,546.37,206.98,109.34,17.71,52.45,6.34,26.99,0.49,False,543.03,205.82,3.34,1.16,1.06,0.002
91.5,2515.38,0.2,551.11,208.93,107.24,17.93,52.68,6.43,25.9,0.491,False,545.77,207.46,5.34,1.47,0.93,-0.014
92.0,2501.15,0.2,539.41,208.24,110.16,17.82,51.91,6.16,27.78,0.464,False,545.06,207.03,-5.65,1.21,0.25,-0.036
92.5,2500.22,0.2,549.39,202.51,106.38,17.39,51.69,6.03,26.29,0.526,False,545.01,207.01,4.38,-4.5,0.04,0.026
93.0,2504.63,0.2,543.5,209.02,109.95,17.66,51.45,6.36,26.91,0.444,False,545.23,207.14,-1.73,1.88,-0.23,-0.057
93.5,2478.31,0.2,552.06,210.07,109.58,17.83,51.4,6.3,26.3,0.509,False,543.92,206.35,8.14,3.72,-0.11,0.016
94.0,2488.76,0.2,541.92,203.42,106.87,17.43,52.53,6.47,27.74,0.435,False,544.44,206.66,-2.52,-3.24,0.95,-0.062
94.5,2528.44,0.2,542.72,207.3,104.98,17.85,50.37,6.23,25.35,0.522,False,546.42,207.85,-3.7,-0.55,-1.46,0.013
95.0,2484.34,0.2,539.32,200.53,108.47,17.68,49.79,6.27,26.24,0.457,False,544.22,206.53,-4.9,-6.0,-1.76,-0.038
95.5,2521.43,0.2,548.01,206.61,110.24,17.57,51.69,6.22,26.22,0.517,False,546.07,207.64,1.94,-1.03,-0.1,0.011
96.0,2510.2,0.2,547.76,198.25,111.38,17.19,50.91,6.35,26.35,0.441,False,545.51,207.31,2.25,-9.06,-0.81,-0.062
96.5,2520.54,0.2,535.39,210.39,108.89,17.56,50.95,6.05,27.29,0.529,False,546.03,207.62,-10.64,2.77,-0.83,0.023
97.0,2491.93,0.2,540.68,210.88,106.3,18.12,51.61,6.03,26.06,0.468,False,544.6,206.76,-3.92,4.12,0.01,-0.03
97.5,2501.9,0.2,538.86,200.46,108.24,17.44,50.75,6.06,25.9,0.58,False,545.1,207.06,-6.24,-6.6,-0.91,0.079
98.0,2504.91,0.2,536.12,205.04,109.43,17.6,52.74,6.02,26.37,0.477,False,545.25,207.15,-9.13,-2.11,1.06,-0.024
98.5,2487.19,0.2,543.65,206.29,107.53,17.9,51.94,6.19,26.26,0.532,False,544.36,206.62,-0.71,-0.33,0.37,0.036
99.0,2493.87,0.2,545.52,212.09,106.32,17.95,49.38,6.23,27.86,0.52,False,544.69,206.82,0.83,5.27,-2.23,0.022
99.5,2488.79,0.2,545.16,206.24,107.43,17.74,51.89,6.08,25.95,0.446,False,544.44,206.66,0.72,-0.42,0.31,-0.051
100.0,2510.91,0.2,546.16,209.9,109.18,17.88,52.01,6.19,26.18,0.589,False,545.55,207.33,0.61,2.57,0.29,0.086
100.5,2486.68,0.2,547.17,207.76,106.19,18.02,51.54,6.03,27.55,0.525,False,544.33,206.6,2.84,1.16,-0.02,0.029
101.0,2535.54,0.2,548.29,206.97,112.18,17.83,51.62,6.1,27.07,0.519,False,546.78,208.07,1.51,-1.1,-0.26,0.008
101.5,2484.2,0.2,545.65,206.79,106.33,17.51,52.33,5.81,26.76,0.481,False,544.21,206.53,1.44,0.26,0.78,-0.014
102.0,2490.13,0.2,548.3,205.81,109.23,17.95,51.09,6.35,25.81,0.512,False,544.51,206.7,3.79,-0.89,-0.5,0.015
102.5,2513.2,0.2,554.58,204.71,106.24,17.6,52.44,6.27,26.68,0.455,False,545.66,207.4,8.92,-2.69,0.7,-0.049
103.0,2475.51,0.2,550.79,215.57,109.73,17.92,51.06,5.93,26.12,0.456,False,543.78,206.27,7.01,9.3,-0.43,-0.037
103.5,2534.45,0.2,546.36,208.14,108.38,17.77,52.81,6.2,27.02,0.492,False,546.72,208.03,-0.36,0.11,0.94,-0.018
104.0,2471.86,0.2,535.11,206.22,109.11,17.54,51.61,6.21,24.88,0.463,False,543.59,206.16,-8.48,0.06,0.14,-0.029
104.5,2507.74,0.2,539.23,207.48,111.04,17.96,51.54,6.13,26.1,0.519,False,545.39,207.23,-6.16,0.25,-0.16,0.017
105.0,2512.59,0.2,545.66,209.46,109.19,17.96,52.69,6.08,25.15,0.562,False,545.63,207.38,0.03,2.08,0.96,0.058
105.5,2465.71,0.2,541.43,209.32,108.44,17.7,53.33,6.04,25.96,0.508,False,543.29,205.97,-1.86,3.35,1.9,0.018
106.0,2509.93,0.2,549.56,207.6,109.98,17.75,51.73,6.22,26.77,0.531,False,545.5,207.3,4.06,0.3,0.02,0.028
106.5,2500.88,0.2,540.95,207.2,108.94,17.84,54.3,6.12,26.94,0.543,False,545.04,207.03,-4.09,0.17,2.64,0.043
107.0,2546.76,0.2,543.11,207.97,107.4,17.73,51.95,6.33,26.86,0.55,False,547.34,208.4,-4.23,-0.43,-0.0,0.036
107.5,2493.36,0.2,558.52,208.18,107.56,17.66,50.52,6.34,26.31,0.505,False,544.67,206.8,13.85,1.38,-1.09,0.007
108.0,2514.63,0.2,540.77,203.77,109.45,17.92,52.05,6.08,27.14,0.47,False,545.73,207.44,-4.96,-3.67,0.3,-0.034
108.5,2481.12,0.2,551.51,208.9,110.21,18.05,55.03,5.94,26.01,0.475,False,544.06,206.43,7.45,2.47,3.5,-0.019
109.0,2478.45,0.2,543.5,203.35,109.67,17.81,52.23,6.28,27.08,0.485,False,543.92,206.35,-0.42,-3.0,0.72,-0.009
109.5,2515.44,0.2043,538.81,205.86,106.14,17.86,51.5,6.19,28.24,0.525,False,548.35,209.01,-9.54,-3.15,-0.17,0.02
110.0,2481.38,0.2,540.0,207.11,109.35,17.43,51.43,6.2,26.43,0.467,False,544.07,206.44,-4.07,0.67,-0.1,-0.027
110.5,2496.46,0.2,545.45,208.81,111.16,17.74,51.1,6.27,27.09,0.483,False,544.82,206.89,0.63,1.92,-0.53,-0.016
111.0,2537.42,0.2071,556.63,215.44,108.3,17.9,51.65,6.29,26.14,0.446,False,551.13,210.68,5.5,4.76,-0.12,-0.065
111.5,2499.11,0.2058,549.63,207.14,107.64,17.93,51.82,6.37,28.4,0.515,False,548.44,209.06,1.19,-1.92,0.28,0.015
112.0,2517.13,0.2155,549.78,218.48,109.4,17.81,51.58,6.42,26.0,0.499,False,555.16,213.09,-5.38,5.39,0.1,-0.006
112.5,2555.85,0.2288,558.9,222.35,114.16,18.08,49.7,6.52,26.79,0.568,False,565.07,219.04,-6.17,3.31,-1.79,0.051
113.0,2528.61,0.2121,557.16,205.13,112.82,17.73,52.03,6.42,27.56,0.531,False,553.69,212.21,3.47,-7.08,0.41,0.022
113.5,2496.34,0.2048,549.18,208.51,110.65,18.03,52.37,6.24,25.16,0.485,False,547.7,208.62,1.48,-0.11,0.83,-0.014
114.0,2575.59,0.239,576.4,226.67,114.9,17.73,50.05,7.07,26.47,0.45,False,572.18,223.31,4.22,3.36,-1.39,-0.073
114.5,2633.91,0.2535,589.28,231.09,117.67,18.62,52.39,7.34,27.8,0.477,False,583.8,230.28,5.48,0.81,0.83,-0.063
115.0,2652.79,0.252,588.7,228.33,118.87,18.71,54.65,6.87,26.61,0.527,False,583.84,230.3,4.86,-1.97,2.94,-0.019
115.5,2605.0,0.2491,566.8,227.06,116.86,18.39,53.89,6.94,28.03,0.547,False,579.71,227.83,-12.91,-0.77,2.44,0.016
116.0,2677.79,0.2689,601.78,237.13,119.98,18.84,51.18,7.29,28.94,0.541,False,595.23,237.14,6.55,-0.01,-0.39,-0.012
116.5,2703.9,0.2715,602.54,238.14,114.6,18.9,48.86,7.49,27.31,0.594,False,598.1,238.86,4.44,-0.72,-2.83,0.033
117.0,2631.57,0.265,593.46,235.2,117.45,18.73,54.86,7.3,27.96,0.583,False,590.58,234.35,2.88,0.85,3.52,0.044
117.5,2735.48,0.2957,604.12,248.07,124.5,18.95,51.27,7.53,28.57,0.602,False,614.19,248.52,-10.07,-0.45,-0.19,0.031
118.0,2748.31,0.2944,613.22,248.64,120.31,18.68,51.66,7.66,28.32,0.634,False,614.06,248.43,-0.84,0.21,0.1,0.06
118.5,2756.36,0.3105,623.37,256.52,130.09,19.64,52.8,7.8,26.78,0.614,False,624.12,254.47,-0.75,2.05,1.47,0.037
119.0,2722.42,0.2909,610.31,251.31,121.47,18.58,52.1,7.46,27.36,0.565,False,610.66,246.4,-0.35,4.91,0.64,-0.002
119.5,2781.47,0.3063,614.38,251.67,125.78,19.16,49.53,7.89,28.35,0.578,False,622.85,253.71,-8.47,-2.04,-2.04,-0.006
120.0,2755.54,0.2966,606.71,249.93,121.23,18.92,50.95,7.62,26.86,0.596,False,615.74,249.44,-9.03,0.49,-0.62,0.019
120.5,2816.96,0.3189,632.64,256.65,124.51,19.14,51.79,7.93,25.65,0.568,False,632.19,259.31,0.45,-2.66,0.22,-0.027
121.0,2835.68,0.3217,624.69,255.6,128.86,19.77,50.54,7.93,28.07,0.498,False,634.8,260.88,-10.11,-5.28,-1.1,-0.103
121.5,2792.84,0.3194,639.3,257.62,126.51,19.7,53.97,7.9,27.54,0.662,False,631.28,258.77,8.02,-1.15,2.57,0.074
122.0,2845.87,0.3301,634.25,263.91,127.38,19.43,50.24,8.19,28.44,0.592,False,640.35,264.21,-6.1,-0.3,-1.32,-0.012
122.5,2895.03,0.3534,651.39,275.97,132.89,20.47,50.93,8.43,28.44,0.648,False,656.79,274.07,-5.4,1.9,-0.53,0.029
123.0,2878.97,0.3548,659.94,271.86,130.63,19.99,52.57,8.43,26.36,0.539,False,656.83,274.1,3.11,-2.24,1.24,-0.075
123.5,2861.27,0.355,656.61,270.86,130.07,19.82,50.85,8.72,28.37,0.617,False,656.06,273.64,0.55,-2.78,-0.36,0.009
124.0,2917.49,0.3705,670.22,282.9,131.9,20.19,48.91,8.79,28.57,0.617,False,668.17,280.9,2.05,2.0,-2.38,-0.008
124.5,2984.17,0.4007,691.61,294.21,137.9,20.59,51.43,9.34,29.31,0.65,False,689.63,293.78,1.98,0.43,0.25,0.005
125.0,2981.46,0.3982,692.52,290.93,139.92,21.02,51.16,8.84,27.75,0.698,False,687.99,292.8,4.53,-1.87,-0.05,0.054
125.5,3012.67,0.4031,697.27,296.79,140.88,20.83,53.12,9.3,28.95,0.64,False,692.49,295.5,4.78,1.29,1.79,-0.014
126.0,3031.71,0.399,690.38,295.99,138.11,20.47,51.31,9.4,28.64,0.581,False,690.99,294.59,-0.61,1.4,-0.21,-0.079
126.5,3061.62,0.4104,696.46,293.12,143.29,20.88,51.2,9.3,29.15,0.636,False,699.32,299.59,-2.86,-6.47,-0.31,-0.032
127.0,3089.62,0.4315,714.07,308.14,142.22,21.25,50.21,9.43,28.94,0.699,False,713.38,308.03,0.69,0.11,-1.11,0.022
127.5,3088.92,0.4323,711.82,310.42,142.59,20.95,50.87,9.99,27.07,0.694,False,713.83,308.3,-2.01,2.12,-0.43,0.017
128.0,3043.27,0.4182,701.01,295.65,141.41,20.78,48.75,9.6,29.49,0.723,False,703.08,301.85,-2.07,-6.2,-2.5,0.06
128.5,3115.9,0.446,729.98,319.05,146.94,21.06,51.46,9.96,27.12,0.703,False,723.39,314.04,6.59,5.01,0.23,0.018
129.0,3194.16,0.4725,749.96,326.1,148.37,21.69,50.19,10.14,29.79,0.759,False,743.21,325.92,6.75,0.18,-1.07,0.051
129.5,3137.56,0.4473,723.84,315.59,145.78,21.46,51.32,10.12,28.83,0.71,False,725.26,315.15,-1.42,0.44,-0.02,0.019
130.0,3183.68,0.4562,733.1,320.59,142.93,21.22,52.69,10.09,27.12,0.734,False,732.9,319.74,0.2,0.85,1.21,0.029
130.5,3194.23,0.4664,737.7,323.5,149.99,21.35,49.99,10.17,29.39,0.647,False,739.55,323.73,-1.85,-0.23,-1.38,-0.061
131.0,3172.52,0.4624,732.24,319.98,143.34,21.34,51.18,10.28,28.08,0.763,False,736.07,321.64,-3.83,-1.66,-0.12,0.061
131.5,3184.99,0.4795,755.3,329.2,148.42,21.68,52.78,10.61,28.18,0.708,False,746.95,328.17,8.35,1.03,1.71,0.003
132.0,3216.19,0.4944,758.14,335.06,153.96,22.16,50.74,10.58,29.49,0.697,False,757.45,334.47,0.69,0.59,-0.27,-0.018
132.5,3264.36,0.5064,762.33,337.43,156.33,22.06,53.08,10.72,29.28,0.826,False,767.06,340.23,-4.73,-2.8,1.98,0.097
133.0,3204.59,0.497,766.77,333.72,152.03,21.84,51.45,10.51,28.83,0.741,False,758.43,335.06,8.34,-1.34,0.57,0.03
133.5,3247.19,0.5045,764.01,335.16,152.3,22.09,50.64,10.73,29.02,0.702,False,765.06,339.04,-1.05,-3.88,-0.39,-0.022
134.0,3349.63,0.5284,780.74,351.29,156.13,22.47,52.95,11.2,27.81,0.764,False,784.52,350.71,-3.78,0.58,1.69,0.009
134.5,3347.08,0.5406,796.92,353.09,155.42,22.6,48.95,11.27,30.35,0.679,False,791.71,355.03,5.21,-1.94,-2.08,-0.075
135.0,3284.9,0.5222,778.29,346.07,158.52,22.5,51.68,11.06,29.49,0.707,False,777.56,346.54,0.73,-0.47,0.73,-0.028
135.5,3353.36,0.5502,803.1,362.91,160.21,22.67,51.52,11.02,29.64,0.758,False,797.79,358.67,5.31,4.24,0.63,0.002
136.0,3383.45,0.5477,796.73,354.84,159.14,22.68,51.18,11.44,30.21,0.717,False,797.79,358.68,-1.06,-3.84,0.05,-0.048
136.5,3416.96,0.5565,794.76,362.6,159.52,22.72,49.94,11.52,30.92,0.717,False,804.75,362.85,-9.99,-0.25,-1.25,-0.058
137.0,3347.43,0.5494,806.94,357.6,159.61,22.61,49.91,11.41,31.36,0.818,False,797.01,358.21,9.93,-0.61,-0.96,0.064
137.5,3410.03,0.5588,800.99,357.76,163.07,23.06,52.28,11.51,29.34,0.799,False,805.78,363.47,-4.79,-5.71,1.17,0.026
138.0,3435.74,0.5774,810.55,371.53,165.89,22.84,51.76,11.91,30.22,0.818,False,818.23,370.94,-7.68,0.59,0.82,0.037
138.5,3399.29,0.5727,812.5,371.77,161.95,22.88,48.81,12.05,30.24,0.81,False,813.58,368.15,-1.08,3.62,-1.98,0.04
139.0,3499.59,0.5952,830.32,378.43,165.45,23.86,51.63,12.06,30.13,0.756,False,832.1,379.26,-1.78,-0.83,0.6,-0.044
139.5,3502.84,0.6064,842.16,386.99,168.7,23.51,50.95,12.29,29.39,0.787,False,838.98,383.39,3.18,3.6,0.1,-0.014
140.0,3527.56,0.6119,839.69,384.62,170.93,23.7,51.6,12.34,30.35,0.783,False,843.52,386.11,-3.83,-1.49,0.69,-0.025
140.5,3519.63,0.6001,839.44,378.09,165.3,23.42,53.02,11.91,30.02,0.745,False,836.04,381.62,3.4,-3.53,1.94,-0.061
141.0,3497.24,0.6018,834.21,380.19,167.28,23.32,49.19,12.34,30.42,0.835,False,835.94,381.57,-1.73,-1.38,-1.71,0.036
141.5,3501.18,0.5981,836.99,377.07,166.74,23.35,53.16,12.46,28.45,0.898,False,833.92,380.35,3.07,-3.28,2.17,0.098
142.0,3543.46,0.6095,846.77,382.16,169.37,23.51,51.6,12.38,30.83,0.81,False,842.87,385.72,3.9,-3.56,0.54,-0.003
142.5,3577.11,0.6221,853.91,392.8,168.87,23.5,50.23,12.44,30.61,0.856,False,852.12,391.27,1.79,1.53,-0.82,0.033
143.0,3596.44,0.6271,861.51,393.53,169.29,24.09,50.83,12.63,29.75,0.785,False,856.08,393.65,5.43,-0.12,-0.26,-0.044
143.5,3559.6,0.6188,844.7,398.35,167.55,23.41,51.53,12.71,30.0,0.837,False,849.26,389.56,-4.56,8.79,0.53,0.019
144.0,3535.61,0.6197,843.89,383.87,170.09,23.23,49.33,12.41,29.29,0.831,False,848.6,389.16,-4.71,-5.29,-1.5,0.02
144.5,3631.99,0.6456,871.85,404.28,173.61,24.1,51.48,12.91,29.85,0.821,False,868.96,401.38,2.89,2.9,0.49,-0.019
145.0,3605.3,0.6387,862.62,395.87,171.29,23.7,52.06,12.79,29.42,0.861,False,863.49,398.09,-0.87,-2.22,1.12,0.029
145.5,3585.62,0.6455,873.09,399.18,172.78,24.05,52.24,12.89,29.2,0.856,False,866.58,399.95,6.51,-0.77,1.55,0.03
146.0,3663.46,0.6503,871.45,396.17,175.01,24.49,52.75,13.23,29.39,0.874,False,873.35,404.01,-1.9,-7.84,1.64,0.025
146.5,3633.93,0.6518,866.17,401.59,173.16,24.3,51.82,13.02,29.13,0.826,False,872.78,403.67,-6.61,-2.08,0.93,-0.014
147.0,3655.49,0.6552,880.94,408.2,173.5,23.63,48.73,13.24,29.92,0.811,False,875.89,405.54,5.05,2.66,-2.24,-0.036
147.5,3731.97,0.6827,895.06,416.08,178.72,24.6,52.73,13.5,31.04,0.909,False,896.22,417.73,-1.16,-1.65,1.76,0.039
148.0,3659.89,0.6579,875.52,398.65,171.14,24.01,51.49,13.09,30.41,0.921,False,877.73,406.64,-2.21,-7.99,0.54,0.073
148.5,3649.77,0.6601,880.11,404.95,175.77,23.92,52.54,13.0,31.91,0.844,False,878.55,407.13,1.56,-2.18,1.7,-0.001
149.0,3714.26,0.6861,897.29,416.72,179.73,24.67,49.86,13.47,30.0,0.957,False,897.37,418.42,-0.08,-1.7,-0.93,0.093
149.5,3725.44,0.6778,890.44,415.63,175.64,24.4,51.07,13.61,30.6,0.914,False,892.95,415.77,-2.51,-0.14,0.06,0.046
150.0,3752.07,0.6878,898.37,426.37,178.76,24.48,49.34,13.87,31.16,0.852,False,900.28,420.17,-1.91,6.2,-1.67,-0.024
150.5,3754.76,0.6964,914.72,418.29,180.45,24.66,48.41,13.81,30.35,0.902,False,905.58,423.35,9.14,-5.06,-2.46,0.026
151.0,3767.54,0.7098,912.53,429.14,184.9,24.82,50.0,14.01,30.98,0.801,False,914.26,428.55,-1.73,0.59,-0.71,-0.079
151.5,3720.39,0.6761,892.22,411.84,177.7,24.47,51.7,13.14,29.74,0.868,False,891.68,415.01,0.54,-3.17,0.69,0.002
152.0,3734.88,0.6894,893.65,420.95,182.14,24.75,50.96,13.53,29.85,0.864,False,900.38,420.23,-6.73,0.72,0.09,-0.006
152.5,3759.54,0.7048,906.51,425.1,182.59,24.79,51.35,13.85,31.35,0.936,False,910.86,426.51,-4.35,-1.41,0.6,0.058
153.0,3740.66,0.7037,905.69,425.9,181.14,24.62,50.24,13.68,30.09,0.865,False,909.25,425.55,-3.56,0.35,-0.41,-0.007
153.5,3771.47,0.707,924.93,428.05,181.93,24.9,51.07,13.87,32.32,0.846,False,912.77,427.66,12.16,0.39,0.28,-0.035
154.0,3766.76,0.705,903.3,429.0,184.77,24.7,50.76,13.52,29.63,0.921,False,911.34,426.8,-8.04,2.2,-0.03,0.041
154.5,3709.93,0.6928,903.46,419.82,179.52,24.85,49.39,13.46,30.67,0.908,False,901.18,420.71,2.28,-0.89,-1.25,0.045
155.0,3763.6,0.7108,919.99,426.83,186.71,24.72,52.35,13.76,32.3,0.907,False,914.66,428.8,5.33,-1.97,1.68,0.028
155.5,3711.82,0.6889,903.36,422.83,179.75,24.65,51.7,13.55,29.48,0.834,False,898.93,419.36,4.43,3.47,0.97,-0.03
156.0,3779.1,0.7019,916.97,427.67,182.35,24.98,49.97,13.71,29.96,0.826,False,910.1,426.06,6.88,1.61,-0.96,-0.058
156.5,3761.73,0.7032,913.27,427.53,182.45,24.96,50.72,13.81,30.04,0.892,False,910.01,426.0,3.26,1.53,-0.07,0.013
157.0,3753.31,0.7067,912.6,425.54,181.42,24.67,52.28,13.96,31.08,0.959,False,911.69,427.01,0.91,-1.47,1.6,0.083
157.5,3805.74,0.698,904.94,424.41,180.42,24.85,51.78,13.65,32.01,0.883,False,909.09,425.45,-4.15,-1.04,0.61,-0.009
158.0,3737.79,0.7024,911.32,425.14,180.63,24.68,53.98,13.7,29.45,0.849,False,908.33,425.0,2.99,0.14,3.33,-0.022
158.5,3757.75,0.6987,909.35,425.98,180.03,24.85,49.73,13.59,29.86,0.827,False,907.11,424.26,2.24,1.72,-1.12,-0.05
159.0,3786.92,0.7093,919.1,428.65,184.4,24.58,51.79,13.87,31.18,0.897,False,914.93,428.96,4.17,-0.31,0.94,0.011
159.5,3689.88,0.6879,895.19,420.95,181.13,24.36,49.62,13.41,30.22,0.811,False,897.23,418.34,-2.04,2.61,-0.98,-0.046
160.0,3690.03,0.6826,895.31,413.38,178.74,24.77,49.24,13.41,31.28,0.845,False,894.06,416.44,1.25,-3.06,-1.46,-0.012
160.5,3747.99,0.6899,898.64,423.41,180.89,24.59,51.37,13.6,31.34,0.845,False,901.34,420.8,-2.7,2.61,0.43,-0.029
161.0,3735.44,0.6947,907.15,419.1,182.76,24.82,49.2,13.8,32.34,0.911,False,903.59,422.16,3.56,-3.06,-1.58,0.04
161.5,3769.14,0.707,904.25,422.0,183.02,24.78,49.67,13.8,31.15,0.822,False,912.66,427.59,-8.41,-5.59,-1.1,-0.059
162.0,3746.39,0.6865,892.32,421.23,178.57,24.72,52.12,13.61,31.22,0.819,False,899.22,419.53,-6.9,1.7,1.13,-0.055
162.5,3733.41,0.7002,908.93,425.36,182.5,24.87,49.76,13.5,31.3,0.883,False,906.79,424.07,2.14,1.29,-0.9,0.013
163.0,3745.22,0.6984,899.35,426.72,180.53,24.85,50.0,13.92,29.89,0.86,False,906.3,423.78,-6.95,2.94,-0.77,-0.014
163.5,3692.53,0.6857,898.82,423.14,178.45,24.68,47.5,13.48,30.24,0.832,False,896.05,417.63,2.77,5.51,-3.16,-0.026
164.0,3726.06,0.693,901.56,420.34,176.66,24.48,51.94,13.28,29.93,0.854,False,902.1,421.26,-0.54,-0.92,1.19,-0.014
164.5,3757.93,0.697,902.56,427.12,179.59,24.96,49.15,13.82,30.25,0.832,False,906.1,423.66,-3.54,3.46,-1.73,-0.045
165.0,3692.07,0.6746,886.62,415.12,176.65,24.57,51.35,13.31,30.04,0.862,False,889.36,413.62,-2.74,1.5,0.49,0.004
165.5,3739.5,0.6793,897.19,418.43,184.68,24.61,51.39,13.5,29.63,0.842,False,894.55,416.73,2.64,1.7,0.31,-0.03
166.0,3676.93,0.6656,881.68,409.95,178.69,24.49,50.64,13.08,31.23,0.88,False,883.21,409.92,-1.53,0.03,-0.28,0.027
166.5,3621.91,0.6513,873.0,405.64,176.25,24.17,51.56,12.98,29.67,0.828,False,871.88,403.13,1.12,2.51,0.74,-0.009
167.0,3659.39,0.664,872.0,407.66,176.4,24.24,50.54,13.23,29.45,0.783,False,881.37,408.82,-9.37,-1.16,-0.29,-0.065
167.5,3657.06,0.6567,884.55,408.02,172.29,24.15,51.16,13.08,30.69,0.806,False,876.87,406.12,7.68,1.9,0.21,-0.041
168.0,3650.98,0.657,880.47,403.39,174.58,23.66,50.1,12.98,29.44,0.849,False,876.75,406.05,3.72,-2.66,-0.81,0.004
168.5,3584.43,0.6518,873.67,400.77,175.49,23.87,50.9,12.94,30.46,0.844,False,870.3,402.18,3.37,-1.41,0.33,0.019
169.0,3583.58,0.6457,860.76,399.14,173.61,23.92,51.62,12.84,29.39,0.823,False,866.6,399.96,-5.84,-0.82,0.95,-0.002
169.5,3622.11,0.6462,877.92,399.11,173.56,24.13,50.84,12.82,28.93,0.814,False,868.83,401.3,9.09,-2.19,-0.07,-0.023
170.0,3537.49,0.6288,851.91,390.39,172.34,23.92,49.81,12.59,28.54,0.802,False,854.15,392.49,-2.24,-2.1,-0.87,-0.009
170.5,3613.86,0.6389,859.67,401.1,169.62,23.7,51.73,13.03,30.51,0.828,False,864.03,398.42,-4.36,2.68,0.74,-0.006
171.0,3480.22,0.6083,841.64,383.52,165.99,23.53,51.07,12.47,29.98,0.855,False,838.99,383.39,2.65,0.13,0.4,0.061
171.5,3561.24,0.6254,858.75,389.12,176.31,23.83,51.36,12.66,31.51,0.851,False,853.3,391.98,5.45,-2.86,0.47,0.033
172.0,3538.74,0.6043,836.39,383.18,165.06,23.57,50.16,12.28,29.61,0.88,False,839.52,383.71,-3.13,-0.53,-0.96,0.068
172.5,3588.39,0.635,860.68,395.1,174.28,23.82,50.38,12.87,29.65,0.825,False,860.42,396.25,0.26,-1.15,-0.51,-0.002
173.0,3499.22,0.5941,840.39,380.58,169.06,23.15,51.24,11.97,29.57,0.826,False,831.42,378.85,8.97,1.73,0.19,0.026
173.5,3485.4,0.6055,832.38,379.23,168.77,23.89,52.58,12.0,30.98,0.842,False,837.57,382.54,-5.19,-3.31,1.82,0.046
174.0,3452.53,0.5834,828.47,375.45,161.98,23.29,48.41,11.92,30.58,0.788,False,822.67,373.6,5.8,1.85,-2.53,0.002
174.5,3488.35,0.5882,831.34,379.81,167.04,23.45,51.85,12.06,29.78,0.782,False,827.34,376.4,4.0,3.41,0.76,-0.015
175.0,3419.13,0.5753,815.68,370.98,166.3,23.05,52.2,11.99,29.42,0.805,False,816.14,369.68,-0.46,1.3,1.33,0.029
175.5,3474.11,0.5791,823.0,368.32,164.29,23.44,50.77,11.95,30.07,0.743,False,821.17,372.7,1.83,-4.38,-0.39,-0.049
176.0,3423.58,0.5806,817.79,375.78,164.9,23.07,51.52,11.9,29.65,0.812,False,819.54,371.72,-1.75,4.06,0.72,0.035
176.5,3405.97,0.5621,805.94,359.74,159.66,23.18,51.48,11.43,28.26,0.767,False,807.56,364.54,-1.62,-4.8,0.46,-0.005
177.0,3443.03,0.5787,826.1,372.79,164.85,22.83,52.11,11.83,30.32,0.751,False,819.37,371.62,6.73,1.17,1.15,-0.032
177.5,3403.34,0.5585,804.16,364.17,160.45,22.69,52.95,11.74,28.86,0.792,False,805.27,363.16,-1.11,1.01,1.88,0.021
178.0,3333.5,0.5429,798.76,351.04,160.57,22.55,50.8,11.4,29.81,0.724,False,792.41,355.45,6.35,-4.41,-0.1,-0.026
178.5,3379.63,0.5509,793.16,359.15,162.65,23.05,51.9,11.29,29.8,0.797,False,799.52,359.71,-6.36,-0.56,0.85,0.033
179.0,3376.7,0.5444,796.51,356.6,157.72,22.24,51.45,11.39,29.8,0.705,False,795.48,357.28,1.03,-0.68,0.3,-0.058
179.5,3383.29,0.5369,789.63,353.36,158.47,22.92,49.83,11.28,28.66,0.731,False,791.3,354.78,-1.67,-1.42,-1.5,-0.034
180.0,3334.8,0.5231,788.28,348.91,155.1,22.82,50.57,10.96,27.77,0.798,False,780.6,348.36,7.68,0.55,-0.69,0.048
180.5,3364.47,0.5264,774.73,353.38,156.48,22.53,49.1,11.32,29.84,0.743,False,784.06,350.44,-9.33,2.94,-2.29,-0.016
181.0,3275.37,0.5163,771.4,343.19,151.15,22.4,52.53,10.84,29.41,0.727,False,773.55,344.13,-2.15,-0.94,1.53,-0.006
181.5,3252.67,0.5061,762.5,343.31,153.26,22.49,51.17,10.65,30.03,0.755,False,766.29,339.78,-3.79,3.53,0.14,0.029
182.0,3281.31,0.503,761.41,338.42,152.59,21.78,50.8,10.95,29.21,0.673,False,765.87,339.52,-4.46,-1.1,-0.47,-0.061
182.5,3215.88,0.473,742.5,323.83,148.04,21.33,52.88,10.24,29.88,0.707,False,744.59,326.76,-2.09,-2.93,1.49,-0.008
183.0,3244.37,0.4957,763.65,337.78,153.12,22.01,50.85,10.92,28.24,0.722,False,759.64,335.78,4.01,2.0,-0.32,-0.001
183.5,3193.81,0.4743,741.72,327.27,148.44,21.32,51.18,10.15,27.41,0.711,False,744.27,326.56,-2.55,0.71,-0.04,0.003
184.0,3189.9,0.4717,744.85,319.41,145.68,22.0,49.92,10.37,28.22,0.707,False,742.51,325.51,2.34,-6.1,-1.32,0.0
184.5,3144.24,0.4532,729.26,315.8,143.61,21.4,49.75,10.06,30.73,0.744,False,729.13,317.48,0.13,-1.68,-1.53,0.051
185.0,3146.66,0.4594,723.34,315.85,149.17,21.27,50.36,10.07,27.83,0.645,False,732.97,319.78,-9.63,-3.93,-0.82,-0.049
185.5,3092.82,0.4443,718.38,310.91,145.46,21.17,51.01,9.95,28.44,0.672,False,721.22,312.73,-2.84,-1.82,-0.1,-0.006
186.0,3118.47,0.442,719.74,312.53,142.53,21.02,52.15,9.9,28.9,0.693,False,721.12,312.67,-1.38,-0.14,0.84,0.007
186.5,3089.79,0.4303,716.68,309.93,142.2,21.3,51.52,9.75,28.67,0.683,False,712.67,307.6,4.01,2.33,0.18,0.006
187.0,3051.66,0.4151,715.14,299.42,140.32,20.72,50.69,9.66,27.78,0.642,False,701.64,300.99,13.5,-1.57,-0.67,-0.023
187.5,2982.48,0.3991,680.77,295.48,143.46,20.51,49.3,9.32,27.61,0.701,False,688.58,293.15,-7.81,2.33,-1.9,0.056
188.0,2998.89,0.4046,692.45,298.28,138.21,20.57,51.05,9.08,28.55,0.582,False,692.7,295.62,-0.25,2.66,-0.16,-0.068
188.5,3003.92,0.3955,688.25,293.81,137.22,20.77,52.42,9.2,28.91,0.677,False,687.5,292.5,0.75,1.31,1.01,0.026
189.0,2943.22,0.388,683.43,290.44,138.45,20.25,50.23,9.09,28.05,0.566,False,679.96,287.98,3.47,2.46,-0.92,-0.067
189.5,2934.68,0.3887,677.07,293.14,140.01,20.2,50.92,9.04,29.53,0.622,False,679.95,287.97,-2.88,5.17,-0.16,-0.008
190.0,2962.69,0.3727,668.32,284.28,131.09,20.18,49.36,8.63,28.65,0.628,False,671.75,283.05,-3.43,1.23,-2.19,-0.011
190.5,2902.01,0.3668,664.82,280.46,135.15,19.61,50.36,8.73,27.86,0.641,False,665.18,279.11,-0.36,1.35,-0.9,0.02
191.0,2906.92,0.3652,662.14,278.13,135.25,19.97,51.29,8.71,29.17,0.612,False,664.47,278.68,-2.33,-0.55,-0.03,-0.01
191.5,2936.37,0.3647,664.08,278.01,132.22,20.05,52.39,8.71,28.11,0.579,False,665.64,279.38,-1.56,-1.37,0.87,-0.052
192.0,2887.94,0.338,644.18,264.72,131.88,19.79,52.1,8.25,27.45,0.597,False,647.2,268.32,-3.02,-3.6,0.41,-0.019
192.5,2814.51,0.3265,638.2,267.58,127.52,19.1,51.32,8.51,28.31,0.562,False,636.63,261.98,1.57,5.6,-0.1,-0.032
193.0,2832.45,0.3389,638.94,266.38,129.33,19.37,50.03,8.29,27.38,0.62,False,644.96,266.98,-6.02,-0.6,-1.28,0.02
193.5,2798.2,0.3136,621.42,261.33,122.04,19.17,51.95,8.15,27.76,0.608,False,628.07,256.84,-6.65,4.49,0.41,0.019
194.0,2776.09,0.3186,628.57,254.98,123.65,19.54,50.09,8.03,26.51,0.601,False,629.96,257.98,-1.39,-3.0,-1.22,0.018
194.5,2794.12,0.3064,623.75,256.99,122.92,19.3,50.29,7.73,27.24,0.551,False,623.55,254.13,0.2,2.86,-1.36,-0.037
195.0,2701.7,0.292,599.99,243.85,123.59,18.77,49.85,7.85,26.83,0.582,False,610.29,246.17,-10.3,-2.32,-1.46,0.021
195.5,2771.98,0.3035,612.42,251.33,120.77,19.74,49.56,7.6,26.6,0.518,False,620.7,252.42,-8.28,-1.09,-1.99,-0.064
196.0,2807.4,0.3036,617.72,248.1,119.55,19.2,51.09,7.66,27.61,0.593,False,622.53,253.52,-4.81,-5.42,-0.69,0.001
196.5,2709.54,0.2863,602.09,246.56,121.54,19.19,52.45,7.28,26.14,0.535,False,607.26,244.35,-5.17,2.21,0.99,-0.028
197.0,2679.31,0.2657,594.37,238.87,119.32,18.76,52.97,7.26,27.18,0.608,False,593.39,236.03,0.98,2.84,1.34,0.054
197.5,2670.42,0.2706,592.0,239.82,121.71,18.78,53.1,6.96,27.12,0.551,False,595.88,237.53,-3.88,2.29,1.61,-0.0
198.0,2686.35,0.2555,584.88,229.91,117.09,18.18,50.64,7.18,26.54,0.508,False,587.62,232.57,-2.74,-2.66,-1.22,-0.048
198.5,2699.83,0.2692,597.76,235.74,118.56,18.61,50.34,7.08,26.66,0.511,False,596.51,237.91,1.25,-2.17,-1.36,-0.049
199.0,2589.24,0.2339,570.78,226.87,112.58,18.33,51.97,6.67,27.47,0.556,False,569.8,221.88,0.98,4.99,0.35,0.029
199.5,2610.92,0.2464,576.86,223.09,114.12,18.33,50.22,6.96,27.93,0.498,False,578.39,227.03,-1.53,-3.94,-1.32,-0.035
200.0,2578.39,0.2396,572.21,222.17,115.95,18.22,52.79,6.76,26.4,0.48,False,572.68,223.61,-0.47,-1.44,1.34,-0.044
200.5,2600.62,0.2331,570.35,228.11,116.66,18.2,51.21,6.77,26.19,0.571,False,569.89,221.93,0.46,6.18,-0.5,0.041
201.0,2575.21,0.228,568.76,224.36,113.41,18.17,53.41,6.77,26.57,0.521,False,565.56,219.34,3.2,5.02,1.78,-0.002
201.5,2558.1,0.2203,552.97,211.22,110.18,17.89,50.84,6.6,26.63,0.523,False,560.09,216.05,-7.12,-4.83,-0.82,0.006
202.0,2491.36,0.2002,548.11,208.89,107.59,17.84,54.29,6.2,26.05,0.493,False,544.69,206.81,3.42,2.08,2.7,-0.004
202.5,2515.99,0.2076,550.36,205.98,108.18,17.88,51.44,6.23,26.52,0.508,False,550.36,210.22,0.0,-4.24,-0.18,0.003
203.0,2522.77,0.2099,554.18,209.68,111.58,18.01,52.67,6.46,27.15,0.503,False,552.08,211.25,2.1,-1.57,1.05,-0.004
203.5,2521.27,0.2,541.74,205.11,109.36,17.88,50.66,6.19,26.52,0.411,False,546.06,207.64,-4.32,-2.53,-1.13,-0.095
204.0,2496.85,0.2,544.2,211.25,106.57,17.64,48.52,6.13,26.28,0.48,False,544.84,206.91,-0.64,4.34,-3.11,-0.019
204.5,2517.21,0.2,545.39,205.89,111.05,17.8,50.67,5.94,26.25,0.53,False,545.86,207.52,-0.47,-1.63,-1.09,0.025
205.0,2507.12,0.2024,542.88,204.47,110.45,17.48,52.31,6.36,26.97,0.493,False,546.8,208.08,-3.92,-3.61,0.66,-0.009
205.5,2503.42,0.2,541.11,212.55,108.3,17.96,48.75,6.39,27.78,0.501,False,545.17,207.1,-4.06,5.45,-2.92,-0.0
206.0,2511.17,0.2,541.79,208.64,107.38,17.68,53.0,6.35,26.03,0.471,False,545.56,207.34,-3.77,1.3,1.28,-0.032
206.5,2514.65,0.2,540.0,208.07,110.49,17.78,52.86,6.15,26.43,0.461,False,545.73,207.44,-5.73,0.63,1.11,-0.043
207.0,2484.67,0.2,546.75,206.79,106.89,17.68,53.31,6.23,25.79,0.512,False,544.23,206.54,2.52,0.25,1.76,0.017
207.5,2569.08,0.2,546.43,205.86,111.84,17.43,51.76,6.5,26.51,0.431,False,548.45,209.07,-2.02,-3.21,-0.34,-0.09
208.0,2529.09,0.2,546.88,204.48,107.63,17.69,52.08,6.4,27.44,0.518,False,546.45,207.87,0.43,-3.39,0.24,0.009
208.5,2473.44,0.2,547.67,202.96,108.55,17.86,50.28,6.05,26.52,0.52,False,543.67,206.2,4.0,-3.24,-1.2,0.028
209.0,2512.14,0.2,545.37,204.76,106.86,17.7,52.14,6.25,24.92,0.469,False,545.61,207.36,-0.24,-2.6,0.41,-0.035
209.5,2501.58,0.2,537.91,214.07,108.94,17.88,52.13,6.14,26.02,0.585,False,545.08,207.05,-7.17,7.02,0.47,0.085
210.0,2516.44,0.2,547.88,203.99,111.56,17.63,51.99,5.95,24.97,0.513,False,545.82,207.49,2.06,-3.5,0.23,0.008
210.5,2460.22,0.2,547.7,213.36,111.78,17.75,51.66,6.33,27.5,0.486,False,543.01,205.81,4.69,7.55,0.27,-0.002
211.0,2506.01,0.2,547.77,206.6,108.76,18.08,53.1,6.27,27.98,0.485,False,545.3,207.18,2.47,-0.58,1.41,-0.017
211.5,2510.85,0.2,561.36,203.42,107.62,17.88,52.13,6.49,26.07,0.536,False,545.54,207.33,15.82,-3.91,0.41,0.033
212.0,2514.09,0.2,540.2,211.22,111.46,17.92,51.9,6.23,26.54,0.526,False,545.7,207.42,-5.5,3.8,0.16,0.022
212.5,2483.03,0.2,539.76,204.74,109.44,17.79,51.91,6.28,26.1,0.559,False,544.15,206.49,-4.39,-1.75,0.37,0.064
213.0,2491.33,0.2,547.41,201.49,107.42,18.0,49.57,6.37,27.81,0.485,False,544.57,206.74,2.84,-5.25,-2.02,-0.012
213.5,2522.38,0.2,542.67,209.6,107.66,17.7,50.69,6.25,27.53,0.493,False,546.12,207.67,-3.45,1.93,-1.11,-0.014
214.0,2478.35,0.2,546.97,212.53,109.79,17.72,52.57,6.16,26.3,0.462,False,543.92,206.35,3.05,6.18,1.06,-0.032
214.5,2449.22,0.2,548.99,205.61,108.18,18.14,50.79,6.1,26.5,0.517,False,542.46,205.48,6.53,0.13,-0.53,0.032
215.0,2468.52,0.2,540.67,210.84,109.15,17.89,51.34,6.1,27.94,0.492,False,543.43,206.06,-2.76,4.78,-0.11,0.001
215.5,2521.92,0.2,541.39,205.22,109.02,17.8,51.96,6.51,26.87,0.405,False,546.1,207.66,-4.71,-2.44,0.17,-0.102
216.0,2500.76,0.2,545.22,207.74,108.94,17.79,52.39,6.12,25.84,0.621,False,545.04,207.02,0.18,0.72,0.74,0.121
216.5,2502.0,0.2,537.52,207.35,107.13,17.71,52.9,6.27,27.05,0.429,False,545.1,207.06,-7.58,0.29,1.24,-0.072
217.0,2476.16,0.2,552.64,210.06,110.15,17.63,51.83,6.13,26.62,0.49,False,543.81,206.28,8.83,3.78,0.33,-0.003
217.5,2522.44,0.2,544.59,205.55,107.88,17.87,50.58,5.86,26.93,0.521,False,546.12,207.67,-1.53,-2.12,-1.22,0.014
218.0,2477.04,0.2,545.44,202.61,106.95,17.65,52.66,6.15,26.24,0.578,False,543.85,206.31,1.59,-3.7,1.16,0.085
218.5,2506.78,0.2,543.15,205.21,104.63,17.99,52.19,6.17,26.49,0.529,False,545.34,207.2,-2.19,-1.99,0.5,0.027
219.0,2488.2,0.2,539.32,212.31,110.75,17.36,49.83,6.18,26.22,0.447,False,544.41,206.65,-5.09,5.66,-1.74,-0.049
219.5,2506.25,0.2,547.37,204.92,110.44,17.72,51.31,6.29,25.3,0.564,False,545.31,207.19,2.06,-2.27,-0.38,0.062
220.0,2525.62,0.2,539.62,204.23,106.68,17.85,51.73,6.13,25.79,0.449,False,546.28,207.77,-6.66,-3.54,-0.09,-0.059
220.5,2490.69,0.2,541.57,211.64,108.84,18.05,51.01,6.24,26.56,0.432,False,544.53,206.72,-2.96,4.92,-0.58,-0.065
221.0,2497.3,0.2,548.73,204.74,108.67,17.63,53.13,6.25,26.89,0.554,False,544.87,206.92,3.87,-2.18,1.5,0.055
221.5,2515.31,0.2,537.89,204.91,106.99,17.95,51.85,5.99,26.45,0.44,False,545.77,207.46,-7.88,-2.55,0.1,-0.065
222.0,2466.89,0.2,547.64,208.13,112.82,17.97,51.14,6.32,25.48,0.462,False,543.34,206.01,4.3,2.12,-0.29,-0.028
222.5,2456.84,0.2,544.81,203.94,109.2,17.58,52.16,6.2,27.72,0.5,False,542.84,205.71,1.97,-1.77,0.79,0.013
223.0,2495.06,0.2,538.28,208.22,110.18,18.29,50.9,6.16,26.14,0.508,False,544.75,206.85,-6.47,1.37,-0.72,0.009
223.5,2498.93,0.2,550.43,205.15,110.97,17.91,51.64,6.15,28.54,0.467,False,544.95,206.97,5.48,-1.82,-0.0,-0.033
224.0,2485.0,0.2,553.93,209.66,107.64,17.9,51.96,6.12,27.21,0.516,False,544.25,206.55,9.68,3.11,0.41,0.021
224.5,2499.16,0.2,547.16,207.69,109.12,17.67,53.68,6.04,26.94,0.487,False,544.96,206.97,2.2,0.72,2.04,-0.013
225.0,2481.93,0.2,541.32,204.09,109.65,17.53,51.08,5.88,26.79,0.48,False,544.1,206.46,-2.78,-2.37,-0.45,-0.015
225.5,2521.71,0.2,538.46,209.39,107.6,18.12,52.55,6.05,25.87,0.524,False,546.09,207.65,-7.63,1.74,0.76,0.017
226.0,2496.61,0.2,551.36,204.75,109.18,17.99,52.62,6.18,26.37,0.43,False,544.83,206.9,6.53,-2.15,0.99,-0.069
226.5,2506.37,0.2,544.31,207.22,111.08,17.56,51.37,6.23,26.04,0.557,False,545.32,207.19,-1.01,0.03,-0.32,0.055
227.0,2505.8,0.2,553.97,202.5,108.98,17.87,50.55,6.25,25.71,0.528,False,545.29,207.17,8.68,-4.67,-1.14,0.026
227.5,2505.45,0.2,535.74,204.1,110.13,17.8,48.42,6.39,26.71,0.467,False,545.27,207.16,-9.53,-3.06,-3.27,-0.035
228.0,2486.45,0.2,541.56,208.08,112.56,18.12,52.08,6.27,27.23,0.45,False,544.32,206.59,-2.76,1.49,0.52,-0.046
228.5,2485.32,0.2,546.59,206.32,110.0,17.82,47.96,6.23,27.11,0.518,False,544.27,206.56,2.32,-0.24,-3.59,0.022
229.0,2532.84,0.2,546.56,208.31,111.09,17.87,50.57,5.83,26.22,0.53,False,546.64,207.99,-0.08,0.32,-1.29,0.02
229.5,2516.02,0.2,545.74,210.86,108.41,17.89,52.26,6.43,25.23,0.482,False,545.8,207.48,-0.06,3.38,0.51,-0.023
230.0,2530.92,0.2,546.2,206.12,110.51,17.97,51.22,6.25,27.54,0.576,False,546.55,207.93,-0.35,-1.81,-0.63,0.067
230.5,2500.88,0.2,544.73,208.67,108.77,17.84,50.38,6.39,25.69,0.483,False,545.04,207.03,-0.31,1.64,-1.28,-0.017
231.0,2539.82,0.2,542.89,205.0,107.9,18.13,48.28,6.05,28.79,0.524,False,546.99,208.19,-4.1,-3.19,-3.63,0.012
231.5,2499.16,0.2,545.34,209.54,112.68,17.88,51.0,6.32,26.04,0.459,False,544.96,206.97,0.38,2.57,-0.64,-0.041
232.0,2468.7,0.2,540.52,203.47,109.63,17.56,47.88,6.04,26.22,0.476,False,543.43,206.06,-2.91,-2.59,-3.57,-0.015
232.5,2487.73,0.2,549.4,206.94,108.92,17.63,51.58,6.09,26.74,0.491,False,544.39,206.63,5.01,0.31,0.01,-0.005
233.0,2519.84,0.2,547.13,205.66,109.29,17.78,50.61,6.21,26.1,0.462,False,545.99,207.6,1.14,-1.94,-1.17,-0.044
233.5,2492.83,0.2,547.83,204.92,114.04,17.98,53.22,6.32,28.08,0.469,False,544.64,206.78,3.19,-1.86,1.62,-0.029
234.0,2491.08,0.2,547.79,207.45,109.55,18.06,52.11,6.32,25.85,0.456,False,544.55,206.73,3.24,0.72,0.52,-0.041
234.5,2502.02,0.2,541.88,205.14,107.7,17.66,50.11,5.97,26.44,0.476,False,545.1,207.06,-3.22,-1.92,-1.55,-0.025
235.0,2505.86,0.2,546.33,204.77,108.76,17.87,52.51,6.19,27.46,0.5,False,545.29,207.18,1.04,-2.41,0.82,-0.002
235.5,2490.2,0.2,535.94,207.81,110.45,17.92,52.16,6.15,25.95,0.522,False,544.51,206.71,-8.57,1.1,0.57,0.025
236.0,2488.78,0.2,550.55,204.35,107.83,18.13,52.69,6.15,26.83,0.506,False,544.44,206.66,6.11,-2.31,1.11,0.009
236.5,2481.87,0.2,544.75,205.93,109.49,18.03,51.26,6.04,26.86,0.487,False,544.09,206.46,0.66,-0.53,-0.27,-0.008
237.0,2497.77,0.2014,557.26,200.91,108.43,17.82,50.71,6.36,27.26,0.499,False,545.73,207.44,11.53,-6.53,-0.9,-0.0
237.5,2512.8,0.206,548.84,209.38,109.5,17.93,52.54,6.11,25.81,0.435,False,549.24,209.54,-0.4,-0.16,0.91,-0.069
238.0,2563.06,0.2232,564.36,212.81,115.94,18.0,51.81,6.68,26.0,0.496,False,562.07,217.24,2.29,-4.43,0.17,-0.023
238.5,2612.91,0.2223,562.68,221.52,114.65,18.19,50.42,6.69,25.58,0.581,False,564.03,218.42,-1.35,3.1,-1.56,0.047
239.0,2518.44,0.2286,564.02,221.39,112.67,18.34,50.58,6.43,26.77,0.523,False,563.08,217.85,0.94,3.54,-0.68,0.017
239.5,2597.71,0.2293,561.97,220.67,113.38,17.9,50.02,6.64,28.42,0.545,False,567.47,220.48,-5.5,0.19,-1.74,0.016
240.0,2492.22,0.2218,564.45,216.18,114.44,17.93,52.03,6.65,26.42,0.499,False,557.69,214.61,6.76,1.57,0.82,0.001
240.5,2625.0,0.2457,578.03,229.78,114.7,18.17,53.94,6.79,26.51,0.532,False,578.67,227.2,-0.64,2.58,2.3,-0.005
241.0,2623.65,0.2526,583.01,229.74,116.97,18.06,53.82,6.97,27.48,0.484,False,582.74,229.65,0.27,0.09,2.31,-0.053
241.5,2620.9,0.2537,591.31,228.62,118.31,18.42,51.01,6.97,28.06,0.465,False,583.26,229.96,8.04,-1.34,-0.46,-0.071
242.0,2590.93,0.2519,577.23,227.16,113.3,18.38,49.14,6.83,27.98,0.555,False,580.69,228.41,-3.46,-1.25,-2.17,0.028
242.5,2664.25,0.2737,590.77,235.65,119.6,19.01,52.6,7.4,26.6,0.556,False,597.43,238.46,-6.66,-2.81,1.21,0.007
243.0,2684.61,0.2755,609.89,234.54,119.47,19.1,49.76,7.24,26.78,0.548,False,599.53,239.72,10.36,-5.18,-1.73,-0.007
243.5,2685.91,0.2696,598.79,238.8,117.35,18.79,50.45,7.19,28.88,0.556,False,596.06,237.63,2.73,1.17,-1.16,0.0
244.0,2705.25,0.2807,596.72,238.49,118.61,18.84,52.63,7.5,27.66,0.517,False,603.68,242.21,-6.96,-3.72,1.1,-0.045
244.5,2740.82,0.2942,610.12,247.12,123.53,19.05,51.76,7.85,27.22,0.618,False,613.56,248.14,-3.44,-1.02,0.24,0.046
245.0,2751.3,0.3123,620.88,253.33,123.57,19.35,52.19,8.07,27.74,0.566,False,624.95,254.97,-4.07,-1.64,0.93,-0.009
245.5,2733.91,0.293,612.55,248.0,126.7,19.35,52.43,7.45,26.93,0.566,False,612.5,247.5,0.05,0.5,0.93,-0.004
246.0,2793.2,0.3133,628.91,253.01,127.82,19.41,49.38,7.89,27.73,0.624,False,627.64,256.58,1.27,-3.57,-2.14,0.036
246.5,2828.85,0.3249,636.5,257.39,124.28,19.77,52.87,8.12,28.8,0.636,False,636.38,261.83,0.12,-4.44,1.33,0.037
247.0,2837.85,0.3424,656.92,270.57,128.88,19.66,51.71,8.09,28.3,0.569,False,647.33,268.4,9.59,2.17,0.43,-0.032
247.5,2856.18,0.3466,650.0,268.52,129.94,20.23,53.06,8.45,27.75,0.644,False,650.77,270.46,-0.77,-1.94,1.73,0.037
248.0,2887.45,0.3616,661.79,271.84,134.68,20.48,51.46,8.31,28.38,0.585,False,661.33,276.8,0.46,-4.96,0.2,-0.031
248.5,2890.27,0.3511,655.82,271.26,129.61,19.94,50.89,8.3,27.54,0.627,False,655.17,273.1,0.65,-1.84,-0.58,0.01
249.0,2880.2,0.3634,668.4,269.86,131.8,19.96,51.54,8.74,28.81,0.594,False,662.05,277.23,6.35,-7.37,0.36,-0.02
249.5,2950.15,0.3785,665.85,290.35,132.0,20.38,51.81,8.92,27.63,0.667,False,674.61,284.76,-8.76,5.59,0.45,0.032
250.0,2909.93,0.3645,661.44,276.53,133.71,20.32,50.95,8.78,27.96,0.588,False,664.2,278.52,-2.76,-1.99,-0.4,-0.035
250.5,2956.54,0.385,675.65,288.77,136.3,20.07,49.34,9.04,27.43,0.651,False,678.83,287.3,-3.18,1.47,-1.95,0.014
251.0,2981.83,0.4029,685.04,300.28,139.12,20.56,50.17,9.17,27.27,0.688,False,690.83,294.5,-5.79,5.78,-0.96,0.043
251.5,3008.92,0.3948,684.24,288.62,136.4,20.0,51.16,9.1,28.82,0.571,False,687.33,292.4,-3.09,-3.78,-0.29,-0.082
252.0,3070.68,0.4217,712.0,303.28,143.18,20.61,52.12,9.41,27.05,0.621,False,706.55,303.93,5.45,-0.65,0.75,-0.05
252.5,3027.6,0.4176,704.67,296.25,136.3,21.12,52.35,9.31,28.34,0.704,False,701.94,301.16,2.73,-4.91,1.19,0.046
253.0,3076.09,0.4293,716.68,304.53,142.3,21.01,50.92,9.58,28.49,0.673,False,711.38,306.83,5.3,-2.3,-0.35,0.0
253.5,3071.14,0.422,701.1,302.93,140.61,20.98,48.72,9.66,27.83,0.715,False,706.76,304.05,-5.66,-1.12,-2.65,0.044
254.0,3086.99,0.4352,725.08,308.47,145.58,21.1,51.74,9.74,29.16,0.649,False,715.47,309.28,9.61,-0.81,0.51,-0.027
254.5,3081.1,0.4375,717.72,309.67,144.87,21.39,50.06,9.65,27.35,0.759,False,716.55,309.93,1.17,-0.26,-1.09,0.085
255.0,3154.16,0.4578,725.22,319.15,147.4,21.36,52.49,10.41,27.9,0.652,False,732.39,319.43,-7.17,-0.28,1.23,-0.044
255.5,3165.52,0.4534,733.9,316.8,145.81,21.18,52.27,9.94,28.42,0.714,False,730.32,318.19,3.58,-1.39,0.86,0.014
256.0,3164.23,0.4676,739.04,325.78,151.09,21.66,52.15,10.18,28.17,0.727,False,738.77,323.26,0.27,2.52,1.0,0.028
256.5,3167.65,0.4784,745.23,327.87,148.35,21.99,51.74,10.58,29.04,0.712,False,745.42,327.25,-0.19,0.62,0.76,0.012
257.0,3186.71,0.4746,744.14,322.34,147.74,21.58,51.67,10.39,28.33,0.725,False,744.1,326.46,0.04,-4.12,0.5,0.019
257.5,3165.87,0.4893,752.32,336.08,147.59,21.87,53.05,10.43,28.92,0.665,False,751.87,331.12,0.45,4.96,2.28,-0.035
258.0,3284.62,0.5145,773.26,347.88,155.93,22.03,50.32,10.99,28.62,0.651,False,772.93,343.76,0.33,4.12,-0.77,-0.084
258.5,3232.31,0.5048,774.04,340.1,151.38,21.93,48.85,10.61,29.85,0.818,False,764.5,338.7,9.54,1.4,-2.07,0.098
259.0,3297.04,0.5196,774.51,343.13,159.45,22.24,53.63,11.2,27.76,0.713,False,776.61,345.97,-2.1,-2.84,2.55,-0.026
259.5,3279.69,0.5125,771.27,351.93,152.16,22.22,51.84,10.89,29.19,0.693,False,771.48,342.89,-0.21,9.04,0.75,-0.041
260.0,3328.02,0.5271,783.8,351.01,159.26,22.57,51.16,10.93,28.74,0.737,False,782.66,349.6,1.14,1.41,0.02,-0.011
260.5,3328.78,0.5353,783.44,349.31,154.32,22.45,49.3,11.08,28.97,0.698,False,787.62,352.57,-4.18,-3.26,-1.7,-0.051
261.0,3373.04,0.5433,791.14,355.02,159.85,22.46,50.11,11.53,30.05,0.782,False,794.63,356.78,-3.49,-1.76,-1.04,0.02
261.5,3348.83,0.5554,809.4,362.75,162.55,22.85,51.09,11.49,29.74,0.754,False,800.68,360.41,8.72,2.34,0.32,-0.001
262.0,3371.46,0.5613,804.22,370.29,160.13,22.81,49.96,11.67,28.9,0.764,False,805.35,363.21,-1.13,7.08,-0.85,0.003
262.5,3404.76,0.5675,815.38,369.33,164.4,22.97,54.9,11.87,29.8,0.741,False,810.74,366.44,4.64,2.89,3.98,-0.03
263.0,3439.39,0.5643,817.7,369.93,163.4,22.65,51.6,11.48,28.32,0.783,False,810.55,366.33,7.15,3.6,0.4,0.001
263.5,3459.96,0.5768,820.63,372.48,161.66,23.05,49.18,11.55,30.21,0.752,False,819.08,371.45,1.55,1.03,-1.93,-0.036
264.0,3488.03,0.5863,822.01,376.83,163.7,22.84,51.12,11.92,29.34,0.869,False,826.18,375.71,-4.17,1.12,0.0,0.073
264.5,3428.54,0.5684,807.08,369.96,163.01,23.03,49.87,11.61,30.29,0.847,False,812.47,367.48,-5.39,2.48,-1.18,0.068
265.0,3467.77,0.5943,832.55,385.8,166.38,23.61,50.07,12.11,30.25,0.812,False,829.97,377.98,2.58,7.82,-0.77,0.022
265.5,3452.75,0.5876,830.93,379.17,168.22,23.59,51.13,11.97,30.78,0.819,False,825.2,375.12,5.73,4.05,0.26,0.033
266.0,3456.94,0.591,830.97,376.57,165.65,23.49,51.88,12.27,28.18,0.803,False,827.45,376.47,3.52,0.1,1.05,0.016
266.5,3502.78,0.6133,841.39,384.27,168.98,23.91,53.35,12.28,30.33,0.832,False,843.12,385.87,-1.73,-1.6,2.62,0.031
267.0,3547.06,0.6156,847.85,392.86,171.47,23.41,51.88,12.57,30.18,0.857,False,846.71,388.03,1.14,4.83,0.9,0.043
267.5,3551.22,0.6189,849.3,383.16,169.58,23.53,49.49,12.7,30.35,0.813,False,848.9,389.34,0.4,-6.18,-1.45,-0.002
268.0,3547.09,0.6165,851.89,385.68,169.38,23.8,48.6,12.44,29.59,0.807,False,847.25,388.35,4.64,-2.67,-2.36,-0.007
268.5,3557.92,0.6221,860.62,389.63,170.78,24.11,50.25,12.8,29.98,0.888,False,851.16,390.69,9.46,-1.06,-0.68,0.071
269.0,3604.68,0.6394,863.25,396.27,172.87,24.13,50.87,12.74,29.91,0.869,False,863.87,398.32,-0.62,-2.05,-0.05,0.038
269.5,3608.78,0.6489,867.07,403.39,177.14,24.31,49.36,12.89,29.45,0.826,False,869.78,401.87,-2.71,1.52,-1.42,-0.007
270.0,3614.5,0.6572,868.36,403.39,175.87,24.32,51.37,13.23,28.85,0.89,False,875.04,405.03,-6.68,-1.64,0.71,0.056
270.5,3620.63,0.6424,859.12,399.46,173.62,24.22,48.97,12.84,29.27,0.852,False,866.47,399.88,-7.35,-0.42,-2.0,0.016
271.0,3669.56,0.6575,874.03,408.81,178.06,23.88,51.58,13.21,30.05,0.795,False,877.98,406.79,-3.95,2.02,0.56,-0.056
271.5,3634.16,0.6633,879.97,408.4,177.6,24.16,50.02,13.16,31.11,0.939,False,879.69,407.81,0.28,0.59,-0.66,0.099
272.0,3612.99,0.6427,860.51,402.62,171.31,23.86,50.17,12.83,30.4,0.851,False,866.27,399.76,-5.76,2.86,-0.75,0.017
272.5,3627.02,0.6614,883.19,407.57,178.23,24.12,48.92,13.12,31.33,0.853,False,878.19,406.91,5.0,0.66,-1.75,0.015
273.0,3640.35,0.6631,889.54,405.36,174.7,24.4,48.61,13.34,30.8,0.883,False,879.88,407.93,9.66,-2.57,-2.12,0.041
273.5,3682.05,0.6741,883.41,412.82,175.8,24.53,51.79,13.53,30.69,0.893,False,888.56,413.14,-5.15,-0.32,0.99,0.038
274.0,3662.47,0.6688,887.26,409.78,177.52,24.15,49.77,13.33,31.06,0.812,False,884.4,410.64,2.86,-0.86,-1.0,-0.037
274.5,3693.3,0.6816,894.23,420.74,180.44,24.7,53.1,13.32,29.66,0.832,False,893.62,416.18,0.61,4.56,2.36,-0.026
275.0,3641.03,0.6752,888.52,412.1,179.48,24.52,50.1,13.42,30.98,0.826,False,887.17,412.3,1.35,-0.2,-0.41,-0.016
275.5,3644.52,0.6756,884.36,411.66,178.11,24.27,50.2,13.15,30.54,0.874,False,887.59,412.55,-3.23,-0.89,-0.33,0.031
276.0,3718.08,0.6871,890.47,417.04,178.82,24.54,50.89,13.72,31.15,0.826,False,898.16,418.9,-7.69,-1.86,0.09,-0.039
276.5,3743.52,0.6923,897.88,423.69,180.06,24.41,51.33,13.62,30.36,0.868,False,902.56,421.53,-4.68,2.16,0.46,-0.005
277.0,3713.51,0.6805,893.16,416.53,179.39,24.3,49.74,13.08,30.9,0.812,False,893.98,416.39,-0.82,0.14,-1.15,-0.052
277.5,3735.11,0.6911,904.04,417.01,180.08,25.01,52.85,13.71,30.8,0.828,False,901.42,420.85,2.62,-3.84,2.01,-0.043
278.0,3743.81,0.6988,909.42,422.07,180.98,24.82,51.07,13.76,30.13,0.82,False,906.47,423.88,2.95,-1.81,0.31,-0.053
278.5,3823.59,0.7095,916.64,424.67,181.33,25.04,52.37,13.66,30.58,0.89,False,916.88,430.13,-0.24,-5.46,1.29,-0.007
279.0,3751.64,0.7034,902.15,427.85,184.24,24.83,51.26,13.68,29.95,0.919,False,909.62,425.77,-7.47,2.08,0.54,0.044
279.5,3759.65,0.6999,914.97,421.31,180.39,24.83,50.1,13.82,30.45,0.835,False,907.92,424.75,7.05,-3.44,-0.74,-0.043
280.0,3748.01,0.6978,910.61,424.74,182.11,24.83,50.55,13.56,30.81,0.86,False,906.08,423.65,4.53,1.09,-0.25,-0.014
280.5,3814.38,0.715,921.55,432.17,183.5,24.76,50.49,13.94,30.9,0.905,False,919.72,431.83,1.83,0.34,-0.43,0.011
281.0,3756.34,0.7081,909.94,432.36,184.21,24.83,50.63,13.81,30.69,0.9,False,912.68,427.61,-2.74,4.75,-0.04,0.023
281.5,3815.72,0.7248,928.77,430.22,184.12,25.39,51.21,13.41,31.34,0.97,False,925.67,435.4,3.1,-5.18,0.45,0.075
282.0,3729.97,0.6798,879.02,418.54,178.56,24.05,51.35,13.57,30.73,0.883,False,894.38,416.63,-15.36,1.91,0.34,0.014
282.5,3702.42,0.6959,907.96,427.95,183.16,24.34,48.96,13.51,29.29,0.874,False,902.66,421.6,5.3,6.35,-1.58,0.013
283.0,3731.17,0.7039,914.22,428.0,180.97,24.82,48.43,13.71,30.64,0.885,False,908.9,425.34,5.32,2.66,-2.15,0.016
283.5,3763.82,0.7036,908.77,426.91,184.02,24.83,51.15,13.73,30.11,0.899,False,910.35,426.21,-1.58,0.7,0.35,0.02
284.0,3742.36,0.6939,903.19,420.92,179.95,24.61,48.81,13.67,30.74,0.904,False,903.46,422.07,-0.27,-1.15,-2.03,0.031
284.5,3771.73,0.6935,900.91,419.06,178.57,24.36,52.63,13.81,31.03,0.834,False,904.69,422.81,-3.78,-3.75,1.6,-0.048
285.0,3783.48,0.7162,917.9,435.86,185.17,25.47,51.05,13.88,30.24,0.813,False,918.89,431.34,-0.99,4.52,0.35,-0.072
285.5,3758.81,0.6944,906.41,422.11,178.69,24.77,52.0,13.68,30.69,0.839,False,904.58,422.75,1.83,-0.64,1.07,-0.039
286.0,3699.12,0.7047,912.82,434.26,179.17,24.82,50.76,13.7,31.47,0.897,False,907.78,424.67,5.04,9.59,0.4,0.037
286.5,3756.56,0.6962,904.86,432.41,181.26,24.79,48.73,13.56,31.49,0.819,False,905.55,423.33,-0.69,9.08,-2.16,-0.058
287.0,3679.78,0.6717,893.8,412.3,176.72,24.03,51.37,13.37,28.95,0.899,False,887.01,412.21,6.79,0.09,0.54,0.045
287.5,3770.68,0.6992,909.85,426.12,182.43,24.96,48.59,13.46,30.0,0.869,False,908.05,424.83,1.8,1.29,-2.33,-0.012
288.0,3740.44,0.6936,908.43,425.15,178.82,24.76,49.77,13.58,30.81,0.734,False,903.18,421.91,5.25,3.24,-1.06,-0.138
288.5,3790.76,0.7118,913.06,435.4,182.51,24.99,50.17,14.12,30.61,0.89,False,916.62,429.97,-3.56,5.43,-0.66,0.003
289.0,3755.4,0.6975,905.4,426.73,186.21,24.83,50.92,13.69,31.63,0.849,False,906.27,423.76,-0.87,2.97,0.06,-0.028
289.5,3669.9,0.6803,887.27,414.36,178.53,24.88,51.45,13.27,29.86,0.915,False,891.68,415.01,-4.41,-0.65,0.84,0.064
290.0,3729.9,0.6917,899.29,424.28,178.31,24.76,53.52,13.61,29.91,0.885,False,901.51,420.91,-2.23,3.37,2.73,0.016
290.5,3654.67,0.673,891.44,416.12,176.97,24.35,49.67,13.27,29.93,0.814,False,886.53,411.92,4.91,4.2,-0.97,-0.032
291.0,3743.62,0.6937,905.81,424.42,182.13,24.63,51.11,13.57,30.9,0.884,False,903.4,422.04,2.41,2.38,0.26,0.011
291.5,3643.1,0.6679,884.94,409.91,173.06,24.45,51.99,13.6,30.03,0.829,False,882.89,409.74,2.05,0.17,1.33,-0.014
292.0,3647.53,0.6573,877.59,403.51,174.96,23.81,51.96,12.94,30.23,0.786,False,876.76,406.05,0.83,-2.54,1.08,-0.058
292.5,3642.36,0.6592,877.85,408.18,178.46,24.38,52.0,13.3,30.73,0.843,False,877.64,406.58,0.21,1.6,1.19,0.0
293.0,3700.21,0.6715,890.08,407.74,175.68,24.35,51.76,13.27,31.28,0.906,False,887.91,412.75,2.17,-5.01,0.8,0.046
293.5,3698.21,0.6696,880.3,412.74,175.88,24.05,50.48,13.44,30.73,0.933,False,886.67,412.0,-6.37,0.74,-0.51,0.074
294.0,3687.7,0.6555,876.12,405.21,172.49,24.4,50.25,12.94,31.27,0.888,False,877.68,406.61,-1.56,-1.4,-0.92,0.032
294.5,3645.17,0.661,878.94,407.34,177.4,24.56,51.29,13.41,31.01,0.836,False,878.86,407.32,0.08,0.02,0.49,-0.008
295.0,3668.35,0.6537,883.92,407.92,174.84,24.11,51.55,13.26,30.58,0.858,False,875.64,405.38,8.28,2.54,0.47,0.007
295.5,3597.27,0.6415,864.3,399.47,176.46,23.93,50.94,12.69,30.71,0.886,False,864.76,398.86,-0.46,0.61,0.1,0.057
296.0,3635.87,0.6527,876.09,403.47,175.7,24.2,50.93,13.01,30.58,0.828,False,873.41,404.05,2.68,-0.58,0.05,-0.013
296.5,3607.55,0.6294,869.84,390.16,168.74,23.62,50.77,12.77,30.51,0.829,False,858.02,394.81,11.82,-4.65,-0.35,-0.003
297.0,3566.77,0.6322,857.16,394.97,168.51,23.62,49.55,12.8,30.25,0.849,False,857.66,394.6,-0.5,0.37,-1.25,0.029
297.5,3479.28,0.6036,840.91,374.22,169.97,23.09,51.96,12.12,30.67,0.931,False,836.12,381.67,4.79,-7.45,1.21,0.137
298.0,3499.24,0.5941,821.71,379.73,165.74,23.34,49.87,12.23,28.59,0.845,False,831.42,378.85,-9.71,0.88,-1.18,0.045
298.5,3490.75,0.6075,848.43,384.07,171.91,23.75,49.98,12.3,29.96,0.867,False,839.04,383.42,9.39,0.65,-0.77,0.07
299.0,3530.05,0.6106,841.69,385.46,171.15,23.55,50.46,12.27,29.44,0.752,False,842.86,385.72,-1.17,-0.26,-0.49,-0.057
299.5,3513.02,0.5932,829.05,380.16,161.06,23.42,50.77,12.03,29.89,0.775,False,831.57,378.94,-2.52,1.22,-0.39,-0.029
300.0,3453.06,0.5738,817.25,368.68,161.28,22.74,51.26,12.05,29.75,0.725,False,816.93,370.16,0.32,-1.48,0.14,-0.061
300.5,3477.88,0.5916,833.22,379.16,159.81,23.39,49.76,11.86,29.58,0.81,False,828.85,377.31,4.37,1.85,-1.2,0.017
301.0,3431.7,0.567,814.92,366.81,160.49,22.74,52.24,11.48,30.39,0.769,False,811.79,367.07,3.13,-0.26,1.14,-0.011
301.5,3407.09,0.5765,817.23,372.62,160.92,23.17,51.1,11.75,30.3,0.694,False,816.25,369.75,0.98,2.87,0.33,-0.078
302.0,3469.45,0.5748,823.95,371.22,162.75,22.92,50.63,11.9,28.95,0.811,False,818.35,371.01,5.6,0.21,-0.58,0.02
302.5,3464.97,0.5865,818.48,371.09,166.59,23.2,52.03,11.92,30.36,0.784,False,825.15,375.09,-6.67,-4.0,1.06,-0.005
303.0,3370.76,0.5515,793.86,365.88,159.78,22.85,50.39,11.31,29.22,0.808,False,799.44,359.66,-5.58,6.22,-0.59,0.047
303.5,3350.64,0.5472,797.51,359.54,162.63,22.73,51.82,11.52,28.46,0.722,False,795.85,357.51,1.66,2.03,0.89,-0.033
304.0,3311.06,0.5351,791.91,353.63,157.75,21.97,53.53,11.09,30.92,0.693,False,786.61,351.97,5.3,1.66,2.64,-0.05
304.5,3283.94,0.5312,786.93,347.77,154.88,22.16,52.0,11.27,30.7,0.721,False,782.92,349.75,4.01,-1.98,1.22,-0.014
305.0,3311.28,0.5348,786.07,351.09,158.48,22.69,52.25,11.1,30.08,0.749,False,786.44,351.87,-0.37,-0.78,1.35,0.006
305.5,3292.39,0.5226,776.1,352.57,156.4,22.35,50.77,11.41,30.22,0.713,False,778.18,346.91,-2.08,5.66,-0.22,-0.025
306.0,3286.43,0.5163,775.04,342.48,155.74,22.52,49.52,10.78,28.74,0.72,False,774.1,344.46,0.94,-1.98,-1.55,-0.016
306.5,3350.25,0.5321,790.48,350.66,156.58,22.16,52.01,11.25,30.29,0.741,False,786.77,352.06,3.71,-1.4,0.81,-0.014
307.0,3262.63,0.5037,769.64,334.7,154.51,22.05,49.85,10.44,28.92,0.786,False,765.35,339.21,4.29,-4.51,-1.29,0.057
307.5,3294.11,0.5148,783.04,343.81,156.55,22.12,50.48,10.82,27.47,0.788,False,773.59,344.15,9.45,-0.34,-0.67,0.05
308.0,3195.27,0.4845,745.38,330.15,153.78,22.2,49.16,10.41,28.05,0.753,False,750.46,330.28,-5.08,-0.13,-1.89,0.044
308.5,3203.84,0.4866,753.17,330.25,153.79,21.92,51.95,10.1,28.84,0.798,False,752.15,331.29,1.02,-1.04,0.88,0.087
309.0,3187.55,0.4898,753.53,329.46,154.44,21.91,50.22,10.55,26.83,0.674,False,753.26,331.95,0.27,-2.49,-0.68,-0.032
309.5,3190.97,0.4696,730.77,323.14,150.11,21.28,51.45,10.25,30.13,0.693,False,741.31,324.79,-10.54,-1.65,0.16,-0.014
310.0,3167.66,0.4602,727.03,319.53,145.82,21.42,52.21,10.19,28.08,0.701,False,734.5,320.7,-7.47,-1.17,0.9,0.001
310.5,3157.09,0.4695,741.1,323.65,147.95,21.25,52.87,10.13,29.58,0.677,False,739.55,323.73,1.55,-0.08,1.8,-0.02
311.0,3126.61,0.4409,724.65,312.43,145.46,21.12,51.22,9.71,29.25,0.653,False,720.87,312.52,3.78,-0.09,-0.17,-0.035
311.5,3130.24,0.4546,729.7,320.04,145.97,21.31,51.17,10.15,28.11,0.686,False,729.27,317.56,0.43,2.48,0.01,-0.003
312.0,3098.36,0.4324,713.01,313.53,142.39,21.01,51.04,9.49,27.63,0.653,False,714.36,308.61,-1.35,4.92,-0.32,-0.027
312.5,3089.88,0.4362,713.84,313.43,146.35,21.36,50.21,9.67,29.94,0.687,False,716.21,309.73,-2.37,3.7,-1.02,0.01
313.0,3051.12,0.4147,705.7,298.68,140.57,20.99,49.88,9.42,27.43,0.622,False,701.38,300.83,4.32,-2.15,-1.49,-0.043
313.5,3020.18,0.4043,691.48,293.91,138.72,20.43,51.81,9.43,28.17,0.645,False,693.59,296.15,-2.11,-2.24,0.46,-0.011
314.0,2974.74,0.4061,697.12,305.97,138.64,20.66,52.18,9.54,29.03,0.568,False,692.4,295.44,4.72,10.53,1.15,-0.074
314.5,3052.75,0.4005,693.49,290.76,138.64,20.35,52.78,9.06,28.26,0.616,False,692.94,295.76,0.55,-5.0,1.15,-0.05
315.0,2984.54,0.3819,677.42,284.46,133.09,19.97,49.83,8.95,28.84,0.614,False,678.37,287.02,-0.95,-2.56,-1.7,-0.031
315.5,2974.67,0.3956,685.63,288.85,139.34,20.96,49.19,9.08,29.18,0.589,False,686.09,291.66,-0.46,-2.81,-2.02,-0.053
316.0,2969.67,0.3781,674.51,286.12,138.35,20.68,51.26,8.79,27.29,0.673,False,675.34,285.21,-0.83,0.91,-0.24,0.032
316.5,2873.08,0.3513,655.17,271.29,131.49,20.43,51.24,8.4,28.62,0.623,False,654.43,272.66,0.74,-1.37,-0.11,0.011
317.0,2933.11,0.3719,668.4,276.44,130.69,19.84,51.8,8.57,28.98,0.63,False,669.8,281.88,-1.4,-5.44,0.43,0.0
317.5,2852.32,0.3477,655.18,268.83,128.44,20.11,51.82,8.38,28.29,0.611,False,651.24,270.74,3.94,-1.91,0.54,0.005
318.0,2850.09,0.3466,661.62,269.02,133.37,19.81,52.36,8.51,28.69,0.576,False,650.46,270.28,11.16,-1.26,1.07,-0.029
318.5,2902.32,0.3462,649.67,270.68,129.15,19.78,53.45,8.24,27.02,0.674,False,652.84,271.7,-3.17,-1.02,1.82,0.053
319.0,2878.26,0.3343,640.15,265.82,127.16,19.71,49.29,8.32,27.93,0.598,False,644.49,266.7,-4.34,-0.88,-2.4,-0.015
319.5,2774.44,0.3169,633.42,254.35,126.98,19.85,53.23,7.73,27.11,0.605,False,628.86,257.32,4.56,-2.97,1.9,0.023
320.0,2754.33,0.3129,628.8,256.09,129.2,19.33,52.85,7.7,26.68,0.614,False,625.46,255.27,3.34,0.82,1.58,0.038
320.5,2774.13,0.3173,630.17,253.89,125.65,19.61,50.92,7.92,26.63,0.562,False,629.09,257.45,1.08,-3.56,-0.4,-0.02
321.0,2793.86,0.317,624.78,256.93,122.76,19.23,53.08,7.93,29.05,0.584,False,629.89,257.94,-5.11,-1.01,1.63,-0.004
321.5,2742.78,0.292,598.33,247.63,122.24,19.38,52.65,7.41,28.33,0.558,False,612.34,247.4,-14.01,0.23,1.08,-0.015
322.0,2694.78,0.2763,599.33,244.82,120.75,18.91,52.6,7.51,27.84,0.614,False,600.52,240.31,-1.19,4.51,1.06,0.056
322.5,2714.78,0.2846,612.51,243.52,121.33,19.33,53.45,7.47,26.91,0.622,False,606.5,243.9,6.01,-0.38,1.93,0.058
323.0,2705.49,0.2797,601.15,242.65,120.51,18.78,51.67,7.43,26.94,0.596,False,603.09,241.86,-1.94,0.79,0.12,0.034
323.5,2713.94,0.2778,600.04,243.12,120.44,18.64,52.32,7.39,29.3,0.617,False,602.38,241.43,-2.34,1.69,0.68,0.053
324.0,2668.45,0.2654,593.22,232.43,115.0,18.54,51.48,6.86,26.69,0.539,False,592.66,235.6,0.56,-3.17,-0.09,-0.012
324.5,2610.65,0.2496,579.22,233.73,117.51,18.38,51.48,6.94,26.38,0.506,False,580.29,228.18,-1.07,5.55,0.0,-0.027
325.0,2629.96,0.2553,579.65,230.94,117.26,18.18,51.5,7.16,27.4,0.631,False,584.68,230.81,-5.03,0.13,0.0,0.092
325.5,2657.41,0.2514,596.24,231.62,116.77,18.71,50.89,6.99,26.49,0.554,False,583.71,230.23,12.53,1.39,-0.86,0.007
326.0,2551.42,0.2261,565.96,217.93,108.92,17.87,50.23,6.46,27.14,0.528,False,563.23,217.94,2.73,-0.01,-1.28,0.013
326.5,2607.72,0.2371,577.23,224.95,114.79,18.54,52.69,6.81,27.91,0.434,False,572.65,223.59,4.58,1.36,1.01,-0.098
327.0,2537.5,0.2174,563.41,219.3,108.63,18.33,50.21,6.29,26.55,0.5,False,557.32,214.39,6.09,4.91,-1.37,-0.011
327.5,2513.0,0.2,548.4,210.16,108.13,17.79,51.61,6.45,24.33,0.462,False,545.65,207.39,2.75,2.77,-0.12,-0.042
328.0,2499.85,0.2086,549.96,210.37,108.94,17.93,52.39,6.29,26.31,0.5,False,550.15,210.09,-0.19,0.28,0.9,0.0
328.5,2472.14,0.2028,549.32,206.86,111.93,17.96,53.05,6.09,26.33,0.452,False,545.29,207.17,4.03,-0.31,1.63,-0.04
329.0,2525.04,0.2,552.44,203.56,108.08,17.78,52.35,5.94,25.32,0.52,False,546.25,207.75,6.19,-4.19,0.54,0.012
329.5,2491.06,0.2,545.81,208.25,108.72,17.73,52.66,6.24,26.08,0.502,False,544.55,206.73,1.26,1.52,1.07,0.005
330.0,2534.36,0.2,548.93,210.64,107.78,17.7,51.37,6.18,25.79,0.551,False,546.72,208.03,2.21,2.61,-0.5,0.041
330.5,2493.89,0.2,548.21,207.67,110.44,17.53,51.48,6.19,27.1,0.475,False,544.69,206.82,3.52,0.85,-0.13,-0.023
331.0,2478.37,0.2,544.69,207.19,112.37,17.92,51.75,6.2,27.48,0.476,False,543.92,206.35,0.77,0.84,0.24,-0.018
331.5,2478.21,0.2,552.09,208.18,107.58,17.78,52.26,6.16,26.17,0.474,False,543.91,206.35,8.18,1.83,0.75,-0.019
332.0,2492.84,0.2,542.73,202.99,109.16,17.76,51.26,6.23,27.2,0.528,False,544.64,206.79,-1.91,-3.8,-0.34,0.03
332.5,2495.19,0.2,542.17,203.87,107.81,17.8,50.71,6.21,25.83,0.434,False,544.76,206.86,-2.59,-2.99,-0.91,-0.065
333.0,2490.51,0.2,540.81,203.72,109.85,18.07,51.17,6.17,27.46,0.428,False,544.53,206.72,-3.72,-3.0,-0.42,-0.069
333.5,2548.88,0.2,531.47,206.71,107.56,17.75,51.15,6.32,26.51,0.464,False,547.44,208.47,-15.97,-1.76,-0.82,-0.051
334.0,2510.3,0.2,539.08,202.06,112.99,17.67,51.49,6.14,27.04,0.571,False,545.51,207.31,-6.43,-5.25,-0.23,0.068
334.5,2469.63,0.2,538.08,205.8,108.46,17.46,52.63,6.04,27.79,0.573,False,543.48,206.09,-5.4,-0.29,1.18,0.082
335.0,2508.78,0.2,538.84,208.87,108.0,17.58,51.3,6.13,26.34,0.538,False,545.44,207.26,-6.6,1.61,-0.41,0.035
335.5,2534.7,0.2,538.37,211.85,106.97,17.8,51.06,6.15,27.24,0.56,False,546.74,208.04,-8.37,3.81,-0.82,0.05
336.0,2491.9,0.2,545.92,204.65,107.02,17.57,51.12,6.24,25.07,0.498,False,544.6,206.76,1.32,-2.11,-0.48,0.0
336.5,2522.44,0.2,542.07,202.81,109.92,17.34,52.98,6.17,28.07,0.431,False,546.12,207.67,-4.05,-4.86,1.18,-0.076
337.0,2497.99,0.2,543.34,202.89,110.19,17.94,53.79,6.35,26.12,0.46,False,544.9,206.94,-1.56,-4.05,2.15,-0.039
337.5,2529.46,0.2,541.11,211.44,110.05,17.87,51.28,6.3,26.59,0.485,False,546.47,207.88,-5.36,3.56,-0.56,-0.024
338.0,2497.12,0.2,541.01,208.8,108.87,17.9,51.11,6.02,27.99,0.562,False,544.86,206.91,-3.85,1.89,-0.52,0.063
338.5,2492.24,0.2,543.5,211.15,108.29,17.67,53.9,6.19,28.01,0.444,False,544.61,206.77,-1.11,4.38,2.3,-0.054
339.0,2541.42,0.2,545.15,206.21,106.66,18.02,50.73,6.19,25.61,0.562,False,547.07,208.24,-1.92,-2.03,-1.19,0.05
339.5,2499.37,0.2,539.23,211.61,108.27,17.58,49.54,6.1,25.44,0.475,False,544.97,206.98,-5.74,4.63,-2.11,-0.025
340.0,2492.49,0.2,546.78,204.83,109.13,18.18,51.23,6.26,25.35,0.561,False,544.62,206.77,2.16,-1.94,-0.37,0.063
340.5,2521.01,0.2,544.38,208.83,110.34,17.71,52.96,6.09,27.22,0.484,False,546.05,207.63,-1.67,1.2,1.17,-0.022
341.0,2490.76,0.2,545.25,203.78,109.5,17.81,51.0,6.19,26.71,0.475,False,544.54,206.72,0.71,-2.94,-0.59,-0.022
341.5,2479.89,0.2,556.73,210.18,109.55,18.03,49.27,5.82,26.28,0.445,False,543.99,206.4,12.74,3.78,-2.25,-0.049
342.0,2504.11,0.2,549.6,203.59,109.8,17.8,52.07,6.12,27.71,0.496,False,545.21,207.12,4.39,-3.53,0.39,-0.005
342.5,2484.19,0.2,548.71,206.82,108.34,17.93,51.29,5.8,24.15,0.551,False,544.21,206.53,4.5,0.29,-0.26,0.056
343.0,2537.75,0.2,544.91,203.12,108.16,17.8,50.44,6.45,28.39,0.519,False,546.89,208.13,-1.98,-5.01,-1.46,0.008
343.5,2474.1,0.2,552.73,207.23,108.42,17.9,50.95,6.22,25.45,0.543,False,543.71,206.22,9.02,1.01,-0.53,0.051
344.0,2523.18,0.2,543.99,206.59,106.58,17.95,50.6,6.13,26.6,0.505,False,546.16,207.7,-2.17,-1.11,-1.2,-0.002
344.5,2495.38,0.2,548.98,205.86,108.55,17.83,51.5,6.05,26.57,0.54,False,544.77,206.86,4.21,-1.0,-0.12,0.041
345.0,2492.51,0.2,538.09,209.82,108.82,17.63,51.76,6.02,25.77,0.442,False,544.63,206.78,-6.54,3.04,0.16,-0.056
345.5,2527.15,0.2,541.33,208.4,107.33,17.95,50.42,6.21,26.64,0.593,False,546.36,207.81,-5.03,0.59,-1.41,0.085
346.0,2488.14,0.2,548.43,213.41,105.74,17.63,51.37,6.14,26.33,0.448,False,544.41,206.64,4.02,6.77,-0.2,-0.048
346.5,2471.55,0.2,544.0,210.14,108.94,17.6,50.03,6.17,25.99,0.508,False,543.58,206.15,0.42,3.99,-1.44,0.017
347.0,2516.26,0.2,545.58,207.57,111.88,17.71,50.78,6.12,26.45,0.496,False,545.81,207.49,-0.23,0.08,-0.98,-0.009
347.5,2459.54,0.2,542.2,208.08,109.27,18.04,54.0,6.31,27.71,0.531,False,542.98,205.79,-0.78,2.29,2.61,0.043
348.0,2537.02,0.2,549.76,209.12,108.59,17.79,51.24,6.29,26.02,0.492,False,546.85,208.11,2.91,1.01,-0.65,-0.019
348.5,2534.46,0.2,543.9,208.37,111.92,17.86,53.38,6.01,28.52,0.543,False,546.72,208.03,-2.82,0.34,1.51,0.033
349.0,2528.5,0.2,539.16,206.13,111.89,17.43,52.32,6.28,28.18,0.437,False,546.42,207.85,-7.26,-1.72,0.48,-0.072
349.5,2488.81,0.2,542.76,203.33,106.82,17.88,50.32,6.31,26.07,0.451,False,544.44,206.66,-1.68,-3.33,-1.26,-0.046
350.0,2506.73,0.2,543.61,207.1,110.39,18.02,51.28,6.04,26.66,0.519,False,545.34,207.2,-1.73,-0.1,-0.41,0.017
350.5,2482.19,0.2,541.4,206.38,107.48,17.94,49.72,5.96,26.33,0.493,False,544.11,206.47,-2.71,-0.09,-1.81,-0.002
351.0,2487.87,0.2,542.99,205.82,109.3,17.67,53.42,6.27,25.95,0.504,False,544.39,206.64,-1.4,-0.82,1.85,0.008
351.5,2524.29,0.2,542.0,209.3,109.08,18.1,53.2,6.23,26.39,0.52,False,546.21,207.73,-4.21,1.57,1.39,0.013
352.0,2533.61,0.2,545.39,205.78,108.08,17.56,52.32,6.08,27.48,0.448,False,546.68,208.01,-1.29,-2.23,0.45,-0.062
352.5,2523.0,0.2,534.24,213.05,108.15,17.83,52.34,6.31,26.82,0.54,False,546.15,207.69,-11.91,5.36,0.54,0.033
353.0,2535.22,0.2,547.61,212.89,110.8,17.44,54.78,6.11,27.8,0.501,False,546.76,208.06,0.85,4.83,2.9,-0.01
353.5,2486.23,0.2,548.13,206.24,112.16,17.89,52.77,5.88,26.53,0.516,False,544.31,206.59,3.82,-0.35,1.21,0.02
354.0,2519.22,0.2,543.17,207.15,111.36,17.34,52.36,6.15,25.87,0.513,False,545.96,207.58,-2.79,-0.43,0.59,0.007
354.5,2520.78,0.2,544.32,209.63,110.74,17.78,50.82,6.1,27.27,0.498,False,546.04,207.62,-1.72,2.01,-0.97,-0.008
355.0,2466.3,0.2,549.16,205.36,109.66,18.05,50.08,6.19,26.46,0.515,False,543.32,205.99,5.84,-0.63,-1.35,0.025
355.5,2473.41,0.2,547.85,210.09,108.63,17.77,52.15,6.25,27.07,0.522,False,543.67,206.2,4.18,3.89,0.67,0.03
356.0,2519.81,0.2,550.83,207.56,106.01,17.78,51.88,6.03,26.31,0.444,False,545.99,207.59,4.84,-0.03,0.1,-0.062
356.5,2503.32,0.2,536.77,208.05,108.89,17.9,51.18,6.08,25.98,0.478,False,545.17,207.1,-8.4,0.95,-0.49,-0.023
357.0,2502.96,0.2,544.05,205.73,108.3,18.3,50.73,6.12,29.24,0.517,False,545.15,207.09,-1.1,-1.36,-0.94,0.016
357.5,2516.85,0.2,540.45,209.73,108.58,17.71,53.58,6.28,27.38,0.517,False,545.84,207.51,-5.39,2.22,1.82,0.012
358.0,2512.23,0.2,551.05,207.4,112.6,17.97,51.9,6.24,26.71,0.45,False,545.61,207.37,5.44,0.03,0.17,-0.054
358.5,2504.42,0.2,542.92,208.01,109.04,17.95,52.45,6.23,25.51,0.572,False,545.22,207.13,-2.3,0.88,0.77,0.071
359.0,2498.38,0.2,543.29,205.53,112.09,18.08,52.18,6.18,27.1,0.503,False,544.92,206.95,-1.63,-1.42,0.54,0.003
359.5,2506.76,0.2,542.79,207.76,109.41,17.92,50.91,6.31,25.87,0.477,False,545.34,207.2,-2.55,0.56,-0.78,-0.025
360.0,2478.56,0.2,550.08,204.09,107.6,18.05,50.97,6.17,25.79,0.533,False,543.93,206.36,6.15,-2.27,-0.54,0.039
360.5,2514.78,0.2,547.69,207.22,107.95,17.64,53.2,6.31,26.05,0.502,False,545.74,207.44,1.95,-0.22,1.45,-0.002
361.0,2477.44,0.2,545.89,205.75,107.09,17.5,49.77,6.14,26.53,0.465,False,543.87,206.32,2.02,-0.57,-1.73,-0.028
361.5,2498.69,0.2,547.88,206.45,107.43,17.82,50.13,6.28,25.85,0.537,False,544.93,206.96,2.95,-0.51,-1.51,0.037
362.0,2521.25,0.2,539.39,204.97,109.76,18.03,53.65,6.21,28.07,0.488,False,546.06,207.64,-6.67,-2.67,1.86,-0.018
362.5,2511.52,0.2121,555.91,205.26,108.52,18.06,50.05,6.45,27.42,0.489,False,552.84,211.7,3.07,-6.44,-1.46,-0.014
363.0,2490.52,0.2,540.17,206.7,109.2,17.74,53.66,6.09,27.71,0.458,False,544.53,206.72,-4.36,-0.02,2.07,-0.039
363.5,2557.07,0.2134,560.34,211.55,112.05,18.07,50.98,6.49,28.2,0.529,False,555.89,213.54,4.45,-1.99,-0.8,0.012
364.0,2573.98,0.2242,555.25,218.91,110.48,18.02,54.2,6.53,26.2,0.564,False,563.22,217.93,-7.97,0.98,2.5,0.042
364.5,2528.81,0.2151,562.19,213.7,108.07,18.12,51.15,6.66,26.24,0.553,False,555.5,213.3,6.69,0.4,-0.42,0.044
365.0,2604.17,0.2485,579.18,229.25,114.31,18.53,51.3,6.89,27.03,0.539,False,579.31,227.59,-0.13,1.66,-0.15,0.008
365.5,2584.52,0.2386,570.21,223.44,114.51,18.25,51.97,6.51,26.32,0.518,False,572.39,223.43,-2.18,0.01,0.47,-0.007
366.0,2619.45,0.2347,570.29,222.64,113.07,18.28,50.13,6.7,26.13,0.515,False,571.79,223.08,-1.5,-0.44,-1.67,-0.021
366.5,2537.82,0.2242,569.83,220.0,115.14,18.42,52.42,6.49,25.96,0.564,False,561.41,216.85,8.42,3.15,0.96,0.053
367.0,2692.22,0.2569,584.45,237.69,116.94,18.86,53.59,6.9,26.67,0.501,False,588.75,233.25,-4.3,4.44,1.71,-0.057
367.5,2639.89,0.2506,580.71,229.18,117.45,18.14,53.11,6.91,27.43,0.563,False,582.35,229.41,-1.64,-0.23,1.46,0.021
368.0,2706.25,0.2833,594.8,243.42,121.49,18.76,51.68,7.4,26.19,0.589,False,605.29,243.18,-10.49,0.24,0.19,0.027
368.5,2668.84,0.2708,594.01,241.5,119.18,18.81,51.0,7.33,28.25,0.579,False,595.92,237.55,-1.91,3.95,-0.47,0.028
369.0,2737.54,0.2902,603.47,243.59,121.66,18.92,50.21,7.27,26.24,0.557,False,611.0,246.6,-7.53,-3.01,-1.36,-0.014
369.5,2708.01,0.2895,610.32,244.65,124.17,19.02,52.33,7.57,26.19,0.564,False,609.1,245.46,1.22,-0.81,0.94,0.002
370.0,2710.09,0.2849,602.83,245.08,118.63,18.99,52.19,7.61,26.67,0.564,False,606.44,243.87,-3.61,1.21,0.7,0.001
370.5,2796.38,0.3062,614.57,250.45,130.0,19.23,49.2,7.71,25.23,0.589,False,623.54,254.12,-8.97,-3.67,-2.46,0.0
371.0,2780.69,0.3196,629.33,261.78,122.84,19.21,51.17,7.88,27.32,0.539,False,630.79,258.48,-1.46,3.3,-0.15,-0.045
371.5,2799.03,0.3208,635.33,260.15,126.93,19.2,52.03,7.96,27.43,0.633,False,632.43,259.46,2.9,0.69,0.61,0.043
372.0,2823.81,0.3187,638.29,260.9,124.25,19.02,52.74,8.0,26.95,0.636,False,632.41,259.45,5.88,1.45,1.12,0.039
372.5,2802.97,0.3246,637.95,257.85,126.85,19.76,51.69,8.26,28.5,0.594,False,634.91,260.95,3.04,-3.1,0.31,0.003
373.0,2770.79,0.3172,633.76,253.31,125.34,19.51,53.21,7.87,27.02,0.586,False,628.86,257.32,4.9,-4.01,1.91,0.005
373.5,2875.43,0.3514,660.02,270.46,131.19,20.01,50.9,8.6,27.93,0.645,False,654.61,272.77,5.41,-2.31,-0.47,0.032
374.0,2900.63,0.3572,655.84,273.51,134.25,20.13,50.15,8.59,25.96,0.595,False,659.35,275.61,-3.51,-2.1,-1.27,-0.025
374.5,2928.35,0.3723,670.54,272.92,133.2,20.28,51.91,8.93,27.81,0.623,False,669.8,281.88,0.74,-8.96,0.58,-0.006
375.0,2888.06,0.3569,652.42,269.69,129.57,20.3,51.05,8.59,27.44,0.546,False,658.54,275.13,-6.12,-5.44,-0.3,-0.07
375.5,2924.09,0.387,677.81,288.19,136.58,20.27,49.12,8.89,27.5,0.609,False,678.4,287.04,-0.59,1.15,-1.92,-0.018
376.0,2962.83,0.3948,687.76,292.23,139.17,20.5,52.26,9.1,28.51,0.586,False,685.02,291.01,2.74,1.22,1.11,-0.053
376.5,2923.18,0.3663,667.69,280.75,132.06,20.43,50.81,8.76,28.41,0.693,False,665.94,279.56,1.75,1.19,-0.6,0.066
377.0,2979.34,0.397,680.31,297.34,138.4,20.65,55.05,9.2,27.13,0.64,False,687.17,292.3,-6.86,5.04,3.83,-0.004
377.5,2986.79,0.3979,686.45,291.32,134.91,20.89,51.66,9.13,28.79,0.667,False,688.08,292.85,-1.63,-1.53,0.41,0.021
378.0,3058.41,0.4179,703.64,303.79,142.1,20.88,51.0,9.7,27.96,0.679,False,703.66,302.2,-0.02,1.59,-0.36,0.011
378.5,3054.69,0.4268,705.36,304.58,140.89,20.68,50.47,9.64,29.43,0.692,False,708.81,305.29,-3.45,-0.71,-0.7,0.026
379.0,3023.04,0.4041,690.17,297.14,138.56,20.62,51.17,9.26,29.31,0.652,False,693.61,296.17,-3.44,0.97,-0.21,-0.005
379.5,3139.77,0.4484,728.42,309.69,147.25,21.19,52.07,9.78,27.64,0.765,False,726.03,315.62,2.39,-5.93,0.73,0.073
380.0,3111.41,0.4354,716.25,308.14,143.04,20.84,51.22,9.57,28.17,0.714,False,716.81,310.09,-0.56,-1.95,-0.17,0.031
380.5,3107.62,0.4549,734.06,317.86,144.88,21.52,51.0,9.85,30.12,0.69,False,728.32,316.99,5.74,0.87,-0.01,0.008
381.0,3139.19,0.4589,738.62,318.05,143.45,21.29,52.79,10.21,28.47,0.749,False,732.3,319.38,6.32,-1.33,1.65,0.057
381.5,3181.02,0.4745,743.21,327.41,147.14,21.64,51.54,10.07,28.64,0.694,False,743.75,326.25,-0.54,1.16,0.4,-0.01
382.0,3174.69,0.4846,749.45,329.37,152.19,21.78,53.31,10.57,28.55,0.723,False,749.49,329.7,-0.04,-0.33,2.4,0.021
382.5,3212.32,0.4781,739.93,325.48,150.23,21.94,48.52,10.58,28.71,0.633,False,747.48,328.49,-7.55,-3.01,-2.75,-0.081
383.0,3116.33,0.4588,732.51,319.37,147.79,21.31,49.87,10.02,28.7,0.703,False,731.1,318.66,1.41,0.71,-1.13,0.018
383.5,3238.1,0.488,750.71,329.68,149.68,22.05,50.99,10.42,29.65,0.802,False,754.7,332.82,-3.99,-3.14,-0.27,0.081
384.0,3287.41,0.5051,771.37,337.9,153.29,21.81,50.87,10.68,28.72,0.699,False,767.43,340.46,3.94,-2.56,-0.41,-0.037
384.5,3278.48,0.5071,767.08,335.01,152.04,21.8,51.41,10.88,29.26,0.699,False,768.18,340.91,-1.1,-5.9,0.23,-0.035
385.0,3289.14,0.5194,770.89,348.17,156.95,22.46,50.36,11.17,28.76,0.766,False,776.1,345.66,-5.21,2.51,-0.67,0.029
385.5,3292.29,0.5187,763.96,344.73,155.39,22.18,53.2,10.81,28.7,0.703,False,775.83,345.5,-11.87,-0.77,2.14,-0.035
386.0,3333.06,0.525,787.99,346.26,154.67,22.12,52.65,11.24,29.11,0.688,False,781.65,348.99,6.34,-2.73,1.44,-0.062
386.5,3314.05,0.5243,782.83,341.85,155.37,22.66,50.82,11.29,29.71,0.7,False,780.28,348.17,2.55,-6.32,-0.28,-0.044
387.0,3349.97,0.541,787.48,352.43,161.46,22.38,52.35,11.25,29.31,0.778,False,792.1,355.26,-4.62,-2.83,1.31,0.023
387.5,3372.59,0.5445,784.53,358.17,154.01,22.58,52.07,11.46,28.32,0.712,False,795.33,357.2,-10.8,0.97,0.95,-0.05
388.0,3378.81,0.55,788.61,359.22,160.38,22.64,51.67,11.48,28.97,0.685,False,798.94,359.36,-10.33,-0.14,0.61,-0.079
388.5,3392.43,0.5646,806.44,367.04,164.7,22.9,51.68,11.45,29.71,0.771,False,808.38,365.03,-1.94,2.01,0.79,0.003
389.0,3443.68,0.5818,820.59,376.26,164.18,22.92,54.04,11.77,29.6,0.8,False,821.26,372.76,-0.67,3.5,3.13,0.017
389.5,3441.99,0.5783,818.35,370.86,161.62,23.53,50.72,11.96,29.36,0.77,False,819.08,371.45,-0.73,-0.59,-0.24,-0.013
390.0,3411.77,0.5771,817.6,369.82,166.02,22.84,50.3,11.72,30.77,0.748,False,816.85,370.11,0.75,-0.29,-0.49,-0.026
390.5,3502.39,0.5932,829.34,373.91,163.29,23.48,49.45,12.16,29.84,0.81,False,831.04,378.62,-1.7,-4.71,-1.64,0.009
391.0,3476.53,0.5981,828.73,382.31,165.46,22.82,51.73,12.02,30.16,0.854,False,832.69,379.61,-3.96,2.7,0.9,0.061
391.5,3517.94,0.5992,835.19,385.42,164.76,23.39,51.76,12.16,30.72,0.782,False,835.42,381.25,-0.23,4.17,0.68,-0.023
392.0,3605.65,0.6253,854.74,393.66,173.05,23.52,49.33,12.77,30.22,0.81,False,855.46,393.28,-0.72,0.38,-1.85,-0.022
392.5,3477.58,0.6101,841.39,383.14,170.3,23.74,51.62,12.41,28.68,0.831,False,839.94,383.96,1.45,-0.82,1.0,0.038
393.0,3578.89,0.6216,861.25,385.32,169.35,23.55,51.12,12.53,29.79,0.857,False,851.9,391.14,9.35,-5.82,0.05,0.033
393.5,3502.78,0.6094,836.72,384.03,165.91,23.52,50.73,12.22,30.57,0.805,False,840.78,384.47,-4.06,-0.44,-0.07,0.004
394.0,3586.35,0.6361,861.05,395.01,172.22,24.05,50.39,12.82,29.44,0.857,False,860.98,396.59,0.07,-1.58,-0.47,0.031
394.5,3578.41,0.6245,853.1,396.24,168.25,23.45,50.17,12.36,28.89,0.843,False,853.62,392.17,-0.52,4.07,-0.85,0.019
395.0,3578.0,0.635,858.47,394.45,175.38,23.74,49.3,12.84,29.91,0.908,False,859.9,395.94,-1.43,-1.49,-1.53,0.085
395.5,3602.93,0.6344,865.35,394.4,170.5,24.03,51.58,12.5,29.17,0.724,False,860.79,396.47,4.56,-2.07,0.58,-0.107
396.0,3619.9,0.6501,870.48,397.7,172.06,24.01,50.06,12.97,30.67,0.928,False,871.05,402.63,-0.57,-4.93,-0.77,0.092
396.5,3642.77,0.6482,865.78,396.94,173.28,23.76,50.88,12.81,28.62,0.906,False,871.06,402.64,-5.28,-5.7,-0.13,0.063
397.0,3585.09,0.6471,873.67,399.32,176.02,23.91,50.22,12.96,30.65,0.866,False,867.51,400.51,6.16,-1.19,-0.44,0.04
397.5,3649.54,0.6556,879.03,405.78,174.77,23.89,51.57,13.04,29.91,0.893,False,875.84,405.5,3.19,0.28,0.65,0.048
398.0,3647.92,0.646,868.25,401.97,172.88,23.71,50.7,12.94,30.71,0.827,False,870.0,402.0,-1.75,-0.03,-0.38,-0.017
398.5,3574.2,0.642,875.72,396.0,175.95,23.8,50.66,12.92,29.48,0.895,False,863.91,398.35,11.81,-2.35,-0.02,0.073
399.0,3679.67,0.6682,883.09,412.63,180.04,24.33,52.91,13.13,30.96,0.871,False,884.9,410.94,-1.81,1.69,2.02,0.017
399.5,3654.41,0.6601,878.57,404.56,176.42,24.27,50.76,13.09,30.21,0.83,False,878.78,407.27,-0.21,-2.71,-0.11,-0.016
400.0,3675.33,0.6753,902.86,409.52,176.75,24.35,53.27,13.13,30.74,0.866,False,888.95,413.37,13.91,-3.85,2.54,0.013
400.5,3725.21,0.6802,899.22,414.53,179.02,24.15,50.93,13.28,30.29,0.793,False,894.38,416.63,4.84,-2.1,-0.04,-0.075
401.0,3675.34,0.6837,896.43,413.73,177.44,24.8,51.51,13.63,31.72,0.832,False,893.99,416.39,2.44,-2.66,0.93,-0.021
401.5,3713.88,0.6973,909.26,421.84,179.24,24.88,51.91,13.8,30.75,0.878,False,904.07,422.44,5.19,-0.6,1.32,0.014
402.0,3731.09,0.69,902.96,420.76,181.74,24.33,50.63,13.34,30.74,0.933,False,900.55,420.33,2.41,0.43,-0.2,0.064
402.5,3708.22,0.6823,898.43,410.58,177.88,24.62,47.33,13.29,31.34,0.902,False,894.79,416.87,3.64,-6.29,-3.49,0.04
403.0,3749.76,0.6928,903.39,423.05,179.83,24.72,50.03,13.78,31.76,0.925,False,903.17,421.9,0.22,1.15,-0.87,0.05
403.5,3698.26,0.6869,904.41,420.45,180.26,24.49,51.31,13.34,31.0,0.92,False,897.05,418.23,7.36,2.22,0.64,0.061
404.0,3786.81,0.7091,907.16,429.03,187.09,24.75,50.69,14.05,31.17,0.981,False,914.8,428.88,-7.64,0.15,-0.16,0.095
404.5,3697.62,0.687,904.17,415.24,179.22,24.6,52.04,13.6,30.86,0.849,False,897.08,418.25,7.09,-3.01,1.37,-0.01
405.0,3850.04,0.7078,916.62,428.2,180.04,24.78,50.5,13.74,30.65,0.952,False,917.18,430.31,-0.56,-2.11,-0.78,0.047
405.5,3770.09,0.7093,908.21,432.56,182.75,24.59,51.61,13.99,28.73,0.849,False,914.08,428.45,-5.87,4.11,0.87,-0.032
406.0,3756.5,0.6967,902.55,420.58,182.48,24.66,51.43,13.48,29.49,0.903,False,905.85,423.51,-3.3,-2.93,0.55,0.026
406.5,3771.36,0.7012,905.68,422.62,184.39,24.51,52.27,13.92,31.3,0.848,False,909.29,425.57,-3.61,-2.95,1.38,-0.033
407.0,3723.53,0.6911,894.57,417.74,181.5,24.81,49.53,13.67,30.89,0.929,False,900.84,420.5,-6.27,-2.76,-1.23,0.062
407.5,3784.63,0.7054,913.79,429.78,179.71,24.85,50.72,13.74,31.0,0.904,False,912.47,427.48,1.32,2.3,-0.18,0.019
408.0,3756.11,0.7039,906.62,429.47,182.76,24.65,50.54,13.5,30.66,0.87,False,910.15,426.09,-3.53,3.38,-0.2,-0.007
408.5,3767.32,0.6943,897.55,424.12,185.04,24.93,50.75,13.44,29.46,0.854,False,904.95,422.97,-7.4,1.15,-0.24,-0.026
409.0,3718.1,0.693,900.79,421.15,181.46,24.45,49.97,13.57,30.39,0.943,False,901.7,421.02,-0.91,0.13,-0.72,0.078
409.5,3722.41,0.7019,910.95,426.95,181.52,24.58,52.88,13.57,31.14,0.884,False,907.26,424.36,3.69,2.59,2.32,0.017
410.0,3796.78,0.7051,913.97,425.02,184.45,24.74,50.96,13.58,29.81,0.881,False,912.9,427.74,1.07,-2.72,-0.03,-0.008
410.5,3721.05,0.702,911.47,422.93,184.36,24.76,49.42,13.74,29.88,0.927,False,907.25,424.35,4.22,-1.42,-1.13,0.061
411.0,3740.69,0.6975,908.64,420.39,178.56,24.85,49.46,13.5,31.25,0.894,False,905.53,423.32,3.11,-2.93,-1.3,0.022
411.5,3697.32,0.6839,891.3,422.82,180.97,24.49,51.49,13.25,29.93,0.867,False,895.21,417.12,-3.91,5.7,0.77,0.008
412.0,3747.29,0.6997,908.52,424.6,181.13,24.74,50.26,13.73,30.93,0.883,False,907.18,424.31,1.34,0.29,-0.5,0.009
412.5,3684.91,0.682,896.41,421.06,179.19,24.47,51.08,13.26,31.5,0.869,False,893.45,416.07,2.96,4.99,0.4,0.014
413.0,3710.24,0.6854,894.3,422.1,178.98,24.63,51.49,13.37,30.64,0.875,False,896.75,418.05,-2.45,4.05,0.71,0.012
413.5,3692.02,0.6748,888.99,413.92,177.92,24.5,52.42,13.14,30.12,0.883,False,889.48,413.69,-0.49,0.23,1.57,0.025
414.0,3742.08,0.6932,916.31,423.36,182.77,24.64,49.6,13.55,31.11,0.886,False,903.02,421.81,13.29,1.55,-1.25,0.013
414.5,3721.26,0.6902,898.54,419.71,181.53,24.83,49.58,13.67,30.0,0.886,False,900.18,420.11,-1.64,-0.4,-1.18,0.02
415.0,3736.13,0.6819,892.31,417.17,180.09,24.37,50.72,13.39,30.04,0.844,False,895.95,417.57,-3.64,-0.4,-0.29,-0.027
415.5,3719.16,0.6925,904.86,422.16,177.61,24.8,49.09,13.68,30.13,0.87,False,901.46,420.87,3.4,1.29,-1.62,0.004
416.0,3666.69,0.6657,887.26,407.16,175.31,24.41,51.41,12.82,31.94,0.87,False,882.75,409.65,4.51,-2.49,0.56,0.02
416.5,3703.98,0.6827,885.71,419.02,177.87,24.67,50.54,13.48,29.84,0.897,False,894.82,416.89,-9.11,2.13,-0.25,0.036
417.0,3697.04,0.6608,890.31,412.37,178.37,24.23,52.24,13.1,29.04,0.906,False,881.33,408.8,8.98,3.57,1.1,0.047
417.5,3701.41,0.6808,887.46,414.4,175.08,24.72,48.88,13.46,29.77,0.804,False,893.55,416.13,-6.09,-1.73,-1.92,-0.056
418.0,3664.65,0.6685,888.88,407.01,175.42,23.88,48.21,13.5,32.02,0.855,False,884.33,410.6,4.55,-3.59,-2.58,0.006
418.5,3629.94,0.6544,878.78,403.11,175.36,24.16,50.17,12.94,30.47,0.802,False,874.14,404.48,4.64,-1.37,-0.65,-0.037
419.0,3649.1,0.6634,881.61,412.74,175.86,24.47,48.69,13.08,30.33,0.924,False,880.5,408.3,1.12,4.44,-2.09,0.079
419.5,3586.64,0.6354,867.97,394.06,171.71,23.96,51.11,12.97,30.44,0.88,False,860.57,396.34,7.4,-2.28,0.23,0.054
420.0,3603.68,0.6474,868.23,398.14,174.84,23.99,50.06,12.99,29.26,0.866,False,868.62,401.17,-0.39,-3.03,-0.71,0.035
420.5,3628.25,0.642,863.51,401.18,173.45,24.14,51.01,12.58,30.94,0.828,False,866.61,399.97,-3.1,1.21,-0.02,-0.01
421.0,3639.72,0.6504,867.65,400.16,175.61,24.04,51.99,12.93,31.02,0.855,False,872.23,403.34,-4.58,-3.18,1.04,0.013
421.5,3594.67,0.6409,865.78,402.35,172.82,24.08,50.93,12.83,31.51,0.879,False,864.27,398.56,1.51,3.79,0.1,0.051
422.0,3589.62,0.6341,856.24,395.33,172.57,24.05,51.79,12.55,30.85,0.822,False,859.94,395.96,-3.7,-0.63,0.87,-0.005
422.5,3573.43,0.6187,855.86,389.92,171.13,23.82,52.59,12.59,28.89,0.894,False,849.89,389.93,5.97,-0.01,1.5,0.072
423.0,3575.51,0.6343,854.7,397.43,171.41,23.95,51.78,12.63,29.18,0.841,False,859.36,395.61,-4.66,1.82,0.96,0.018
423.5,3535.97,0.6132,837.87,385.99,170.35,23.71,49.98,12.22,29.92,0.832,False,844.72,386.83,-6.85,-0.84,-0.97,0.021
424.0,3533.26,0.6174,849.1,393.08,169.93,23.32,51.16,12.77,28.91,0.814,False,847.1,388.26,2.0,4.82,0.31,0.004
424.5,3516.28,0.6057,840.14,386.92,168.0,23.74,50.8,12.23,29.31,0.732,False,839.23,383.54,0.91,3.38,-0.15,-0.073
425.0,3554.33,0.6053,841.13,385.37,166.94,23.43,52.12,12.58,31.03,0.836,False,840.9,384.54,0.23,0.83,0.91,0.02
425.5,3497.44,0.5973,829.27,375.48,164.35,23.37,50.6,11.94,29.75,0.785,False,833.25,379.95,-3.98,-4.47,-0.38,-0.014
426.0,3441.34,0.5795,818.53,370.23,165.88,22.73,48.6,11.89,29.71,0.801,False,819.77,371.86,-1.24,-1.63,-2.34,0.019
426.5,3431.64,0.58,820.46,370.97,167.2,23.06,50.92,12.27,29.48,0.807,False,819.58,371.75,0.88,-0.78,0.05,0.028
427.0,3479.37,0.5859,826.22,375.45,165.16,23.09,51.37,12.29,30.66,0.802,False,825.51,375.31,0.71,0.14,0.3,0.008
427.5,3437.43,0.5819,820.59,375.98,167.35,22.99,50.4,12.26,29.73,0.859,False,821.01,372.61,-0.42,3.37,-0.47,0.078
428.0,3428.08,0.5693,811.19,370.46,165.26,22.76,50.58,11.88,29.45,0.757,False,812.98,367.79,-1.79,2.67,-0.46,-0.021
428.5,3449.6,0.571,811.73,369.03,160.38,22.82,51.15,11.77,28.79,0.75,False,815.08,369.05,-3.35,-0.02,0.01,-0.035
429.0,3368.82,0.5439,784.48,353.56,155.14,22.7,48.88,11.36,30.66,0.825,False,794.78,356.87,-10.3,-3.31,-2.23,0.064
429.5,3330.97,0.53,779.31,346.97,156.62,22.67,51.79,11.04,29.8,0.658,False,784.55,350.73,-5.24,-3.76,0.68,-0.091
430.0,3318.43,0.534,787.51,351.67,157.14,22.44,51.09,11.29,29.39,0.739,False,786.32,351.79,1.19,-0.12,0.13,-0.007
430.5,3363.65,0.5389,787.89,354.22,160.46,22.32,53.22,11.08,29.03,0.716,False,791.52,354.91,-3.63,-0.69,2.06,-0.043
431.0,3364.86,0.55,796.23,358.13,159.94,22.63,50.88,10.92,29.45,0.763,False,798.24,358.95,-2.01,-0.82,-0.09,0.004
431.5,3355.33,0.5317,784.51,353.72,154.89,22.6,50.38,11.0,29.1,0.805,False,786.79,352.07,-2.28,1.65,-0.86,0.048
432.0,3320.39,0.5162,770.49,347.68,153.54,22.27,51.36,11.04,29.33,0.708,False,775.74,345.44,-5.25,2.24,0.07,-0.038
432.5,3325.16,0.5162,771.33,339.05,155.85,22.16,50.94,11.03,28.76,0.726,False,775.98,345.59,-4.65,-6.54,-0.38,-0.022
433.0,3277.82,0.4994,762.19,333.52,150.02,22.02,49.77,10.46,29.5,0.752,False,763.53,338.12,-1.34,-4.6,-1.55,0.019
433.5,3229.85,0.4896,755.89,334.78,152.2,21.33,50.85,10.62,28.59,0.719,False,755.25,333.15,0.64,1.63,-0.33,0.0
434.0,3235.68,0.4936,765.42,338.11,151.34,21.87,47.72,10.56,27.87,0.729,False,757.94,334.77,7.48,3.34,-3.43,0.008
434.5,3215.0,0.4804,755.3,328.91,154.22,21.77,49.59,10.32,28.55,0.734,False,748.99,329.39,6.31,-0.48,-1.66,0.02
435.0,3149.47,0.4622,734.27,319.7,148.64,21.6,52.59,10.08,29.66,0.642,False,734.79,320.88,-0.52,-1.18,1.44,-0.053
435.5,3101.87,0.4505,726.63,319.56,144.11,21.21,50.95,10.04,28.22,0.667,False,725.39,315.24,1.24,4.32,-0.1,-0.014
436.0,3097.42,0.4435,727.46,313.21,142.83,21.46,50.52,10.07,29.67,0.685,False,720.97,312.58,6.49,0.63,-0.63,0.006
436.5,3132.37,0.4346,717.04,308.09,144.93,21.23,52.81,9.62,28.73,0.629,False,717.38,310.43,-0.34,-2.34,1.27,-0.061
437.0,3121.71,0.4489,726.83,314.82,144.58,21.11,52.16,10.16,28.15,0.709,False,725.43,315.26,1.4,-0.44,0.95,0.022
437.5,3097.88,0.4391,710.71,307.1,142.11,20.72,52.92,9.84,28.49,0.592,False,718.35,311.01,-7.64,-3.91,1.69,-0.087
438.0,3022.62,0.4091,706.43,295.85,141.04,20.63,51.35,9.52,28.0,0.629,False,696.59,297.95,9.84,-2.1,0.07,-0.028
438.5,3085.94,0.434,720.11,306.74,145.74,21.13,51.76,9.73,28.07,0.675,False,714.7,308.82,5.41,-2.08,0.51,-0.001
439.0,3038.98,0.4079,694.72,292.95,135.79,20.37,52.03,9.15,28.5,0.661,False,696.69,298.01,-1.97,-5.06,0.62,-0.001
439.5,3019.26,0.4042,693.83,287.7,137.96,20.74,53.26,9.52,27.14,0.639,False,693.48,296.09,0.35,-8.39,1.91,-0.017
440.0,2984.61,0.3817,681.78,287.08,135.68,20.62,52.79,9.1,28.42,0.622,False,678.25,286.95,3.53,0.13,1.26,-0.023
440.5,3010.12,0.3975,687.25,291.87,139.91,20.9,50.41,9.12,28.46,0.668,False,689.01,293.4,-1.76,-1.53,-1.0,0.015
441.0,2980.5,0.3771,675.53,285.65,138.2,20.19,51.23,8.67,27.88,0.573,False,675.28,285.17,0.25,0.48,-0.36,-0.071
441.5,2964.28,0.3824,675.82,286.02,136.96,20.13,51.58,9.04,26.63,0.664,False,677.65,286.59,-1.83,-0.57,0.2,0.025
442.0,2874.32,0.3507,648.42,276.83,128.53,19.58,51.55,8.4,26.6,0.634,False,654.14,272.48,-5.72,4.35,0.18,0.022
442.5,2829.4,0.34,643.66,270.33,131.9,19.98,51.22,7.94,28.03,0.664,False,645.47,267.28,-1.81,3.05,-0.05,0.065
443.0,2921.47,0.3649,658.59,277.15,136.78,19.83,49.98,8.81,27.57,0.576,False,665.01,279.01,-6.42,-1.86,-1.44,-0.05
443.5,2910.31,0.3604,659.41,273.35,136.36,20.04,53.05,8.74,27.47,0.6,False,661.76,277.05,-2.35,-3.7,1.62,-0.023
444.0,2909.91,0.3523,646.01,274.88,130.84,19.73,51.7,8.28,27.44,0.582,False,656.88,274.13,-10.87,0.75,0.13,-0.041
444.5,2812.28,0.3255,630.9,266.31,128.18,19.92,51.24,8.0,29.01,0.571,False,635.91,261.55,-5.01,4.76,-0.18,-0.023
445.0,2817.97,0.3214,626.85,261.95,127.77,19.75,52.51,8.22,27.48,0.557,False,633.74,260.24,-6.89,1.71,0.98,-0.038
445.5,2812.17,0.3371,637.25,268.33,132.13,19.76,52.61,7.96,27.3,0.528,False,642.87,265.72,-5.62,2.61,1.4,-0.066
446.0,2760.59,0.3166,623.16,259.27,128.03,19.4,52.13,8.03,27.36,0.544,False,627.99,256.79,-4.83,2.48,0.88,-0.034
446.5,2780.62,0.3073,627.29,254.63,122.23,19.44,51.46,7.74,27.22,0.553,False,623.41,254.05,3.88,0.58,-0.08,-0.031
447.0,2730.46,0.3035,615.09,251.05,127.24,19.46,49.5,7.96,28.51,0.531,False,618.62,251.17,-3.53,-0.12,-1.78,-0.038
447.5,2654.65,0.2624,595.88,238.93,116.31,19.02,48.87,7.08,26.77,0.593,False,590.17,234.1,5.71,4.83,-2.66,0.047
448.0,2753.38,0.2937,606.19,250.35,123.61,18.78,49.01,7.76,27.21,0.519,False,613.89,248.33,-7.7,2.02,-2.6,-0.057
448.5,2686.8,0.2718,596.65,233.58,123.18,19.01,51.12,7.23,27.46,0.509,False,597.42,238.45,-0.77,-4.87,-0.45,-0.047
449.0,2649.26,0.2704,595.65,234.1,116.96,19.11,51.6,7.29,25.55,0.529,False,594.7,236.82,0.95,-2.72,0.25,-0.016
449.5,2666.52,0.2651,581.39,235.92,119.17,18.97,50.75,6.84,26.32,0.505,False,592.39,235.43,-11.0,0.49,-0.81,-0.045
450.0,2598.7,0.2612,587.14,237.91,117.89,18.84,49.57,6.88,28.24,0.55,False,586.65,231.99,0.49,5.92,-1.62,0.02
450.5,2598.58,0.2484,580.58,224.61,118.39,19.02,52.15,6.83,24.96,0.469,False,578.97,227.38,1.61,-2.77,0.73,-0.061
451.0,2620.63,0.2565,584.1,233.54,120.15,18.55,51.07,7.06,26.55,0.519,False,584.93,230.96,-0.83,2.58,-0.35,-0.017
451.5,2600.57,0.2387,583.75,225.17,116.92,18.13,52.21,6.67,27.23,0.557,False,573.25,223.95,10.5,1.22,0.6,0.027
452.0,2620.45,0.2289,573.11,223.11,114.72,18.56,49.88,6.84,26.04,0.499,False,568.36,221.02,4.75,2.09,-2.03,-0.037
452.5,2594.51,0.2279,559.49,217.62,113.25,18.15,52.63,7.13,27.16,0.492,False,566.47,219.88,-6.98,-2.26,0.87,-0.036
453.0,2501.93,0.2034,542.74,209.87,110.39,17.75,54.03,6.14,26.53,0.528,False,547.14,208.28,-4.4,1.59,2.43,0.027
453.5,2574.02,0.2194,561.2,218.59,110.48,18.26,52.7,6.72,25.42,0.478,False,560.34,216.2,0.86,2.39,0.92,-0.044
454.0,2479.33,0.2129,556.84,215.81,109.72,17.9,50.34,6.32,26.31,0.482,False,551.71,211.02,5.13,4.79,-0.94,-0.012
454.5,2494.58,0.2,543.58,212.62,108.21,17.87,50.96,6.11,25.24,0.437,False,544.73,206.84,-1.15,5.78,-0.65,-0.061
455.0,2503.67,0.2,550.38,201.64,107.9,17.53,51.33,6.36,26.24,0.498,False,545.18,207.11,5.2,-5.47,-0.34,-0.003
455.5,2516.03,0.2027,543.19,208.67,107.74,17.92,52.26,6.04,26.76,0.497,False,547.42,208.45,-4.23,0.22,0.55,-0.008
456.0,2516.63,0.2,547.39,206.09,110.87,17.63,50.07,5.72,26.54,0.467,False,545.83,207.5,1.56,-1.41,-1.69,-0.038
456.5,2460.58,0.2,541.76,208.41,106.94,17.88,50.98,6.2,27.08,0.538,False,543.03,205.82,-1.27,2.59,-0.41,0.05
457.0,2483.72,0.2,542.71,208.91,106.96,17.76,51.19,6.18,25.79,0.426,False,544.19,206.51,-1.48,2.4,-0.35,-0.069
457.5,2519.28,0.2,536.04,208.11,111.17,17.92,51.15,6.06,26.66,0.51,False,545.96,207.58,-9.92,0.53,-0.63,0.004
458.0,2496.4,0.2,539.59,208.27,109.94,17.84,51.78,6.45,26.1,0.551,False,544.82,206.89,-5.23,1.38,0.15,0.052
458.5,2522.18,0.2,551.17,206.12,112.32,17.89,50.6,6.14,27.51,0.537,False,546.11,207.67,5.06,-1.55,-1.19,0.03
459.0,2497.21,0.2,546.02,205.48,113.72,17.85,51.58,6.38,26.31,0.54,False,544.86,206.92,1.16,-1.44,-0.05,0.041
459.5,2490.93,0.2,550.25,211.71,107.45,17.62,52.33,6.11,26.39,0.535,False,544.55,206.73,5.7,4.98,0.74,0.038
460.0,2460.69,0.2,538.49,207.03,105.27,17.74,49.98,6.45,28.33,0.458,False,543.03,205.82,-4.54,1.21,-1.41,-0.03
460.5,2480.79,0.2,543.45,212.41,108.07,17.74,50.52,6.37,23.99,0.482,False,544.04,206.42,-0.59,5.99,-1.01,-0.012
461.0,2486.78,0.2,549.32,210.61,106.18,18.22,49.94,6.39,26.72,0.48,False,544.34,206.6,4.98,4.01,-1.62,-0.016
461.5,2499.33,0.2,546.04,204.24,108.53,17.65,50.19,6.08,25.68,0.483,False,544.97,206.98,1.07,-2.74,-1.46,-0.017
462.0,2502.41,0.2,554.87,200.37,109.94,17.8,52.63,6.31,26.47,0.507,False,545.12,207.07,9.75,-6.7,0.96,0.006
462.5,2512.27,0.2,535.61,209.33,108.95,17.7,51.37,6.18,27.64,0.629,False,545.61,207.37,-10.0,1.96,-0.36,0.125
463.0,2488.69,0.2,548.15,209.02,107.15,17.55,51.57,6.32,25.31,0.471,False,544.43,206.66,3.72,2.36,-0.01,-0.026
463.5,2500.83,0.2,552.08,202.77,113.7,17.49,49.22,6.19,25.69,0.498,False,545.04,207.02,7.04,-4.25,-2.44,-0.002
464.0,2496.08,0.2,540.79,208.3,108.37,18.02,51.43,6.06,25.25,0.493,False,544.8,206.88,-4.01,1.42,-0.19,-0.006
464.5,2473.0,0.2,547.64,201.67,111.82,17.83,51.6,6.04,27.21,0.5,False,543.65,206.19,3.99,-4.52,0.13,0.008
465.0,2504.0,0.2,536.59,202.09,106.76,17.87,51.65,6.36,25.86,0.523,False,545.2,207.12,-8.61,-5.03,-0.03,0.022
465.5,2481.14,0.2,546.93,206.8,107.74,17.81,51.49,6.18,26.27,0.448,False,544.06,206.43,2.87,0.37,-0.04,-0.046
466.0,2483.95,0.2,539.9,206.28,110.47,17.84,51.01,6.11,27.11,0.404,False,544.2,206.52,-4.3,-0.24,-0.54,-0.091
466.5,2462.52,0.2,537.92,205.46,113.34,18.14,52.5,6.25,25.11,0.506,False,543.13,205.88,-5.21,-0.42,1.09,0.017
467.0,2483.67,0.2,545.77,205.59,110.74,17.41,51.74,6.07,26.27,0.512,False,544.18,206.51,1.59,-0.92,0.2,0.017
467.5,2503.28,0.2,543.94,205.02,108.06,17.77,50.73,6.2,26.38,0.476,False,545.16,207.1,-1.22,-2.08,-0.94,-0.025
468.0,2508.3,0.2,543.09,207.44,106.95,17.71,51.27,6.01,26.91,0.48,False,545.41,207.25,-2.32,0.19,-0.43,-0.022
468.5,2488.63,0.2,559.8,205.01,104.86,17.48,52.56,6.4,26.05,0.551,False,544.43,206.66,15.37,-1.65,0.98,0.054
469.0,2496.21,0.2,543.7,207.54,110.75,17.88,50.84,6.17,28.19,0.51,False,544.81,206.89,-1.11,0.65,-0.79,0.011
469.5,2510.8,0.2,546.37,207.33,110.79,17.94,51.97,6.1,26.91,0.497,False,545.54,207.32,0.83,0.01,0.25,-0.006
470.0,2553.58,0.2,537.3,209.88,107.27,17.83,54.73,6.06,26.02,0.499,False,547.68,208.61,-10.38,1.27,2.73,-0.017
470.5,2517.68,0.2,542.33,208.96,106.34,17.44,51.38,5.96,27.81,0.439,False,545.88,207.53,-3.55,1.43,-0.38,-0.066
471.0,2508.27,0.2,542.07,202.44,113.08,17.6,51.41,6.17,27.17,0.518,False,545.41,207.25,-3.34,-4.81,-0.29,0.016
471.5,2493.48,0.2,543.87,209.25,106.66,18.2,50.74,6.2,25.67,0.448,False,544.67,206.8,-0.8,2.45,-0.87,-0.05
472.0,2480.59,0.2,542.93,204.06,110.39,17.64,50.58,6.14,27.39,0.509,False,544.03,206.42,-1.1,-2.36,-0.94,0.015
472.5,2471.34,0.2,539.29,203.16,111.61,17.91,50.62,6.12,25.94,0.465,False,543.57,206.14,-4.28,-2.98,-0.84,-0.026
473.0,2494.25,0.2,555.41,210.75,111.62,17.93,51.14,6.29,26.32,0.565,False,544.71,206.83,10.7,3.92,-0.47,0.067
473.5,2505.25,0.2,545.64,212.22,106.13,18.17,51.43,5.99,26.0,0.434,False,545.26,207.16,0.38,5.06,-0.25,-0.068
474.0,2479.23,0.2,545.84,210.4,107.66,17.75,50.09,6.14,28.66,0.531,False,543.96,206.38,1.88,4.02,-1.42,0.037
474.5,2487.77,0.2,544.79,207.39,108.16,17.91,50.51,6.06,26.9,0.453,False,544.39,206.63,0.4,0.76,-1.06,-0.043
475.0,2499.71,0.2,535.86,207.33,105.63,17.94,51.35,6.48,27.46,0.458,False,544.99,206.99,-9.13,0.34,-0.3,-0.042
475.5,2484.9,0.2,538.89,212.48,108.98,17.99,51.31,6.17,26.57,0.544,False,544.25,206.55,-5.36,5.93,-0.24,0.049
476.0,2478.85,0.2,553.11,206.12,108.09,17.23,52.41,6.22,26.68,0.484,False,543.94,206.37,9.17,-0.25,0.9,-0.01
476.5,2492.61,0.2,547.32,208.92,108.54,17.99,51.56,6.12,26.76,0.446,False,544.63,206.78,2.69,2.14,-0.04,-0.052
477.0,2469.16,0.2,539.86,200.94,108.65,18.12,51.51,6.3,28.48,0.516,False,543.46,206.07,-3.6,-5.13,0.06,0.025
477.5,2487.45,0.2,545.0,205.1,107.88,18.0,52.88,5.95,25.95,0.481,False,544.37,206.62,0.63,-1.52,1.31,-0.015
478.0,2522.86,0.2,558.51,205.6,108.17,17.92,50.83,6.18,26.27,0.395,False,546.14,207.69,12.37,-2.09,-0.97,-0.112
478.5,2496.35,0.2,551.36,207.02,106.49,17.75,49.14,6.02,27.11,0.49,False,544.82,206.89,6.54,0.13,-2.49,-0.009
479.0,2460.66,0.2,543.79,205.57,110.91,17.93,52.42,6.43,26.31,0.553,False,543.03,205.82,0.76,-0.25,1.03,0.065
479.5,2478.38,0.2,548.76,202.49,110.15,17.82,52.94,6.19,26.64,0.52,False,543.92,206.35,4.84,-3.86,1.43,0.026
480.0,2485.88,0.2,547.37,206.91,108.19,17.78,53.56,6.13,26.22,0.432,False,544.29,206.58,3.08,0.33,2.0,-0.064
480.5,2513.14,0.2,549.18,207.32,110.91,17.95,52.99,6.35,27.86,0.493,False,545.66,207.39,3.52,-0.07,1.25,-0.011
481.0,2513.27,0.2,548.9,211.71,111.56,18.19,52.39,6.23,25.49,0.512,False,545.66,207.4,3.24,4.31,0.65,0.008
481.5,2504.23,0.2,545.27,208.42,108.81,17.99,48.38,6.23,27.56,0.575,False,545.21,207.13,0.06,1.29,-3.3,0.074
482.0,2533.7,0.2,545.84,207.01,110.06,17.8,50.71,6.12,25.71,0.521,False,546.68,208.01,-0.84,-1.0,-1.16,0.011
482.5,2492.79,0.2,542.17,208.52,110.56,17.57,50.1,6.34,25.5,0.522,False,544.64,206.78,-2.47,1.74,-1.5,0.024
483.0,2532.38,0.2,548.69,209.13,113.5,17.33,51.09,6.33,26.33,0.55,False,546.62,207.97,2.07,1.16,-0.77,0.04
483.5,2502.63,0.2,543.63,205.43,107.91,17.85,50.72,6.34,27.12,0.544,False,545.13,207.08,-1.5,-1.65,-0.95,0.043
484.0,2466.01,0.2,544.98,215.7,111.53,17.69,52.16,6.31,25.51,0.555,False,543.3,205.98,1.68,9.72,0.73,0.065
484.5,2498.19,0.2,545.12,210.43,107.49,17.46,52.04,5.89,26.36,0.547,False,544.91,206.95,0.21,3.48,0.4,0.048
485.0,2520.85,0.2,548.1,214.23,107.82,17.88,51.12,6.34,26.55,0.569,False,546.04,207.63,2.06,6.6,-0.67,0.063
485.5,2528.14,0.2,547.97,206.9,110.08,17.85,52.08,6.17,26.04,0.487,False,546.41,207.84,1.56,-0.94,0.25,-0.021
486.0,2516.84,0.2,538.82,206.35,110.3,17.97,49.52,6.19,26.97,0.502,False,545.84,207.51,-7.02,-1.16,-2.24,-0.003
486.5,2483.56,0.2,534.75,209.43,107.93,17.45,51.46,6.38,25.59,0.593,False,544.18,206.51,-9.43,2.92,-0.08,0.098
487.0,2501.74,0.2,538.9,207.12,108.73,17.5,55.04,6.13,26.2,0.539,False,545.09,207.05,-6.19,0.07,3.38,0.038
487.5,2552.42,0.212,547.66,212.84,106.97,18.15,49.67,6.26,26.69,0.527,False,554.82,212.89,-7.16,-0.05,-2.1,0.011
488.0,2530.38,0.2,548.62,208.93,106.54,18.14,50.69,6.46,28.22,0.521,False,546.52,207.91,2.1,1.02,-1.16,0.012
488.5,2476.55,0.2153,555.11,216.96,113.07,17.77,51.27,6.05,27.05,0.436,False,553.01,211.8,2.1,5.16,0.05,-0.057
489.0,2578.72,0.222,558.6,218.15,111.76,18.16,50.23,6.62,25.46,0.443,False,562.14,217.28,-3.54,0.87,-1.54,-0.081
489.5,2534.23,0.2154,557.51,211.74,115.0,18.05,51.9,6.46,27.53,0.535,False,555.95,213.57,1.56,-1.83,0.3,0.025
490.0,2582.25,0.227,555.46,213.39,112.76,18.14,52.3,6.61,27.28,0.47,False,565.31,219.19,-9.85,-5.8,0.6,-0.055
490.5,2544.65,0.2286,567.66,213.8,113.84,17.91,51.14,6.76,27.01,0.456,False,564.39,218.64,3.27,-4.84,-0.29,-0.057
491.0,2540.43,0.2282,556.96,219.61,114.21,18.28,52.32,6.62,26.61,0.478,False,563.94,218.36,-6.98,1.25,0.91,-0.034
491.5,2565.62,0.2368,567.47,223.28,114.1,18.93,49.97,6.73,25.76,0.512,False,570.36,222.22,-2.89,1.06,-1.44,-0.008
492.0,2627.3,0.2442,574.77,225.64,114.54,18.14,50.79,6.81,27.01,0.555,False,577.88,226.73,-3.12,-1.09,-0.89,0.017
492.5,2624.44,0.2518,573.95,231.15,115.12,18.67,53.14,6.95,26.2,0.538,False,582.3,229.38,-8.35,1.77,1.61,0.001
493.0,2654.25,0.2642,588.74,236.63,119.31,18.63,49.55,7.23,26.5,0.557,False,591.23,234.74,-2.49,1.89,-1.95,0.011
493.5,2634.56,0.2689,595.38,238.53,120.27,18.79,49.16,7.43,27.48,0.504,False,593.07,235.84,2.31,2.69,-2.12,-0.036
494.0,2670.41,0.2663,596.48,234.38,120.27,18.37,50.28,6.89,26.41,0.61,False,593.3,235.98,3.18,-1.6,-1.28,0.059
494.5,2758.73,0.3016,615.48,250.54,124.68,18.91,50.79,7.94,26.58,0.546,False,618.9,251.34,-3.42,-0.8,-0.71,-0.032
495.0,2725.89,0.2881,605.74,245.55,122.99,19.43,51.34,7.52,28.53,0.544,False,609.15,245.49,-3.41,0.06,-0.19,-0.024
495.5,2709.28,0.2817,609.62,243.63,120.65,18.65,51.44,7.61,26.27,0.551,False,604.48,242.69,5.14,0.94,-0.1,-0.012
496.0,2731.38,0.2981,617.39,251.02,124.1,18.98,49.5,7.71,26.98,0.647,False,615.43,249.26,1.96,1.76,-1.89,0.078
496.5,2859.75,0.328,633.08,264.38,129.3,19.74,51.0,8.31,27.62,0.601,False,639.79,263.87,-6.71,0.51,-0.68,-0.007
497.0,2765.21,0.3009,616.87,252.3,124.1,19.25,51.42,7.83,27.25,0.517,False,618.8,251.28,-1.93,1.02,-0.14,-0.063
497.5,2806.87,0.3292,632.06,260.14,128.3,19.59,48.86,8.08,28.57,0.579,False,637.86,262.72,-5.8,-2.58,-2.46,-0.013
498.0,2843.74,0.3292,642.61,266.25,122.18,19.95,52.19,8.51,27.01,0.526,False,639.71,263.82,2.9,2.43,0.63,-0.077
498.5,2839.99,0.3382,648.46,270.34,128.86,19.69,52.04,8.23,27.43,0.645,False,644.92,266.95,3.54,3.39,0.67,0.043
499.0,2916.88,0.3581,658.77,269.35,131.63,19.86,51.22,8.47,27.85,0.577,False,660.7,276.42,-1.93,-7.07,-0.29,-0.048
499.5,2874.62,0.3401,641.7,267.93,131.22,19.94,52.36,8.35,28.3,0.66,False,647.79,268.67,-6.09,-0.74,0.8,0.048
500.0,2874.62,0.3645,661.65,280.67,131.6,20.43,51.29,8.68,28.82,0.616,False,662.43,277.46,-0.78,3.21,0.17,0.004
500.5,2941.74,0.3695,660.53,279.88,135.24,20.19,53.11,8.51,26.6,0.658,False,668.79,281.27,-8.26,-1.39,1.64,0.025
501.0,2955.8,0.3839,680.3,289.22,134.03,20.23,51.56,9.09,27.14,0.63,False,678.13,286.88,2.17,2.34,0.26,-0.007
501.5,2958.97,0.3802,675.63,283.77,137.63,20.22,50.98,8.66,27.47,0.656,False,676.07,285.64,-0.44,-1.87,-0.41,0.018
502.0,2995.45,0.3934,687.96,297.39,135.55,20.18,50.05,9.0,27.37,0.649,False,685.81,291.49,2.15,5.9,-1.34,0.0
502.5,3056.3,0.4102,699.92,304.86,138.77,20.42,52.55,9.08,27.68,0.678,False,698.94,299.36,0.98,5.5,1.07,0.011
503.0,3006.56,0.4042,687.11,295.77,140.61,20.66,50.3,9.08,27.59,0.669,False,692.85,295.71,-5.74,0.06,-0.97,0.017
503.5,3024.26,0.4161,690.63,302.27,138.54,20.96,50.36,9.29,28.45,0.756,False,700.87,300.52,-10.24,1.75,-0.81,0.099
504.0,3071.86,0.4277,711.84,300.78,139.76,20.48,53.33,9.84,28.74,0.676,False,710.21,306.13,1.63,-5.35,2.06,0.004
504.5,3025.92,0.4121,707.75,299.67,138.63,20.42,52.94,9.37,26.89,0.622,False,698.56,299.13,9.19,0.54,1.69,-0.036
505.0,3053.17,0.4223,707.22,302.2,142.79,20.93,52.54,9.48,30.81,0.644,False,706.04,303.62,1.18,-1.42,1.3,-0.022
505.5,3063.23,0.4335,713.23,303.41,143.45,20.69,51.44,9.5,28.16,0.699,False,713.26,307.96,-0.03,-4.55,0.33,0.03
506.0,3160.9,0.473,742.16,323.58,146.84,21.48,52.16,10.22,30.58,0.721,False,741.84,325.11,0.32,-1.53,1.13,0.023
506.5,3110.72,0.4472,720.23,316.94,141.57,20.99,50.51,10.01,29.56,0.741,False,723.86,314.31,-3.63,2.63,-0.66,0.058
507.0,3173.25,0.47,744.7,321.0,144.46,21.67,49.97,10.24,28.86,0.712,False,740.66,324.4,4.04,-3.4,-1.2,0.01
507.5,3220.01,0.4813,749.95,328.06,150.01,21.62,50.92,10.81,29.0,0.729,False,749.78,329.87,0.17,-1.81,-0.35,0.013
508.0,3200.83,0.4722,746.13,327.7,148.89,21.82,52.7,10.33,28.69,0.74,False,743.36,326.02,2.77,1.68,1.39,0.03
508.5,3179.12,0.4774,745.84,322.44,150.88,21.49,50.6,10.33,28.85,0.694,False,745.4,327.24,0.44,-4.8,-0.47,-0.01
509.0,3231.1,0.4929,755.13,332.1,153.64,21.48,50.89,10.52,29.28,0.662,False,757.29,334.38,-2.16,-2.28,-0.24,-0.057
509.5,3237.17,0.4957,764.72,336.62,149.51,21.84,52.2,10.46,28.9,0.721,False,759.28,335.57,5.44,1.05,1.08,-0.0
510.0,3313.56,0.5039,763.23,340.53,151.53,22.16,52.16,10.67,28.99,0.692,False,768.02,340.81,-4.79,-0.28,0.69,-0.052
510.5,3278.83,0.5032,762.08,331.67,156.5,21.88,50.82,10.99,28.91,0.721,False,765.86,339.52,-3.78,-7.85,-0.43,-0.013
511.0,3240.54,0.5093,768.41,342.63,154.46,22.03,51.13,10.56,29.44,0.738,False,767.61,340.56,0.8,2.07,0.23,0.016
511.5,3370.48,0.5481,792.68,358.28,158.82,22.76,51.07,11.23,28.08,0.772,False,797.38,358.43,-4.7,-0.15,0.03,0.011
512.0,3374.0,0.549,802.06,361.84,160.13,22.52,51.27,11.62,29.82,0.792,False,798.1,358.86,3.96,2.98,0.22,0.03
512.5,3338.85,0.5372,788.85,353.51,160.22,22.05,51.1,11.25,28.2,0.78,False,789.26,353.56,-0.41,-0.05,0.07,0.028
513.0,3345.62,0.5411,801.54,358.41,159.61,22.65,50.86,11.62,29.97,0.726,False,791.94,355.16,9.6,3.25,-0.15,-0.028
513.5,3363.39,0.5408,791.82,350.97,159.28,22.52,51.69,11.38,28.84,0.781,False,792.65,355.59,-0.83,-4.62,0.56,0.022
514.0,3381.89,0.5562,800.6,365.35,160.09,23.06,53.17,11.43,27.11,0.809,False,802.81,361.69,-2.21,3.66,2.2,0.044
514.5,3392.8,0.5641,805.99,364.12,164.38,22.93,52.55,11.73,29.27,0.757,False,808.1,364.86,-2.11,-0.74,1.65,-0.011
515.0,3464.55,0.5793,824.95,371.19,164.34,23.23,50.53,11.72,28.99,0.775,False,820.81,372.48,4.14,-1.29,-0.56,-0.014
515.5,3490.99,0.5863,818.3,373.26,164.3,23.37,50.34,11.93,28.56,0.809,False,826.33,375.8,-8.03,-2.54,-0.8,0.012
516.0,3447.01,0.584,822.13,377.44,162.68,23.01,52.48,11.97,30.21,0.804,False,822.75,373.65,-0.62,3.79,1.59,0.02
516.5,3470.86,0.5911,832.73,380.63,167.88,23.04,52.53,12.01,29.13,0.787,False,828.2,376.92,4.53,3.71,1.61,-0.004
517.0,3524.58,0.6055,837.72,385.91,168.08,23.36,50.09,12.34,29.78,0.749,False,839.53,383.72,-1.81,2.19,-0.92,-0.058
517.5,3518.54,0.6113,851.12,381.69,168.27,23.42,49.76,12.3,31.31,0.814,False,842.71,385.62,8.41,-3.93,-1.11,0.008
518.0,3464.26,0.6003,826.63,379.54,165.78,23.36,48.22,12.19,30.62,0.865,False,833.39,380.04,-6.76,-0.5,-2.49,0.076
518.5,3470.57,0.5946,826.84,379.1,163.78,23.66,51.01,12.1,31.03,0.795,False,830.29,378.17,-3.45,0.93,0.15,0.004
519.0,3541.95,0.6228,844.67,389.08,174.68,23.85,51.24,12.4,30.71,0.763,False,850.78,390.47,-6.11,-1.39,0.43,-0.05
519.5,3509.26,0.6082,850.7,390.25,167.28,23.38,48.97,12.33,30.0,0.838,False,840.38,384.23,10.32,6.02,-1.89,0.035
520.0,3590.74,0.6379,865.24,395.37,173.57,23.83,51.44,12.82,30.16,0.86,False,862.28,397.37,2.96,-2.0,0.58,0.033
520.5,3523.31,0.6178,846.59,384.43,168.77,23.57,52.49,12.49,30.77,0.825,False,846.85,388.11,-0.26,-3.68,1.71,0.018
521.0,3584.74,0.6328,862.45,398.86,171.49,23.53,48.83,12.64,28.19,0.896,False,858.92,395.35,3.53,3.51,-2.08,0.071
521.5,3608.88,0.6486,864.71,405.24,171.82,23.88,49.95,12.95,30.69,0.884,False,869.6,401.76,-4.89,3.48,-0.83,0.051
522.0,3643.64,0.6574,881.75,403.98,171.69,24.07,49.88,12.97,29.49,0.825,False,876.62,405.97,5.13,-1.99,-0.97,-0.018
522.5,3677.75,0.6574,867.97,402.1,173.74,24.36,50.6,12.95,30.83,0.881,False,878.33,407.0,-10.36,-4.9,-0.47,0.028
523.0,3621.21,0.655,876.24,404.23,174.49,24.07,51.96,13.06,31.07,0.895,False,874.06,404.44,2.18,-0.21,1.21,0.059
523.5,3649.0,0.6637,886.35,410.09,181.44,24.35,51.68,13.2,30.23,0.837,False,880.67,408.4,5.68,1.69,0.91,-0.008
524.0,3674.69,0.6657,888.41,410.51,175.6,24.25,49.25,13.43,29.89,0.888,False,883.15,409.89,5.26,0.62,-1.65,0.036
524.5,3678.74,0.6691,884.49,408.68,175.08,24.71,50.97,13.4,31.46,0.835,False,885.4,411.24,-0.91,-2.56,0.1,-0.019
525.0,3685.66,0.6739,882.8,412.59,178.89,24.33,50.43,13.28,32.08,0.782,False,888.62,413.17,-5.82,-0.58,-0.4,-0.074
525.5,3689.66,0.6779,888.27,414.05,179.63,24.64,51.04,13.53,31.44,0.891,False,891.22,414.73,-2.95,-0.68,0.26,0.034
526.0,3685.99,0.6704,888.57,409.2,174.08,23.98,50.91,13.3,29.42,0.895,False,886.54,411.92,2.03,-2.72,0.02,0.039
526.5,3727.7,0.6803,895.06,412.72,179.56,24.66,50.15,13.19,30.52,0.82,False,894.57,416.74,0.49,-4.02,-0.83,-0.048
527.0,3723.49,0.6927,910.8,414.93,180.7,24.98,49.72,13.57,30.22,0.842,False,901.79,421.08,9.01,-6.15,-1.01,-0.025
527.5,3690.09,0.6864,897.09,420.13,179.1,24.41,52.04,13.61,29.66,0.813,False,896.34,417.81,0.75,2.32,1.41,-0.044
528.0,3702.82,0.6768,892.03,416.76,177.48,24.29,51.92,13.27,30.56,0.796,False,891.22,414.73,0.81,2.03,1.03,-0.065
528.5,3727.04,0.6827,891.4,419.44,174.34,24.45,50.6,13.7,29.53,0.889,False,895.97,417.58,-4.57,1.86,-0.34,0.021
529.0,3738.02,0.701,906.34,425.35,178.68,24.72,52.3,13.79,30.48,0.88,False,907.5,424.5,-1.16,0.85,1.62,0.009
529.5,3760.47,0.698,903.27,428.24,183.84,24.91,49.77,13.52,30.32,0.876,False,906.82,424.09,-3.55,4.15,-1.11,-0.002
530.0,3700.2,0.6761,896.63,415.84,176.69,24.31,51.18,13.32,30.76,0.881,False,890.67,414.4,5.96,1.44,0.3,0.021
530.5,3742.73,0.7062,913.07,426.08,182.19,25.06,51.93,14.0,30.99,0.875,False,910.86,426.51,2.21,-0.43,1.31,0.002
531.0,3700.16,0.6939,909.81,420.9,181.63,24.85,49.29,13.47,31.79,0.882,False,901.35,420.81,8.46,0.09,-1.27,0.022
531.5,3726.77,0.6917,906.93,423.7,177.37,25.01,51.95,13.55,29.58,0.911,False,901.36,420.82,5.57,2.88,1.18,0.043
532.0,3728.74,0.7032,908.63,435.25,181.99,24.7,49.56,14.01,31.3,0.934,False,908.36,425.01,0.27,10.24,-1.02,0.065
532.5,3778.97,0.7016,904.39,425.67,182.3,25.1,51.15,13.63,30.66,0.809,False,909.91,425.95,-5.52,-0.28,0.22,-0.075
533.0,3707.53,0.6764,888.49,413.43,179.73,24.75,51.46,13.63,30.81,0.869,False,891.22,414.73,-2.73,-1.3,0.54,0.007
533.5,3729.99,0.7023,913.93,418.16,180.66,24.84,49.82,13.67,32.09,0.921,False,907.88,424.73,6.05,-6.57,-0.78,0.052
534.0,3723.46,0.6931,896.14,423.63,180.01,24.31,50.91,13.66,31.32,0.867,False,902.03,421.22,-5.89,2.41,0.18,-0.0
534.5,3780.24,0.6962,904.78,425.01,179.87,24.88,49.03,13.57,29.6,0.848,False,906.73,424.04,-1.95,0.97,-2.01,-0.036
535.0,3768.21,0.7122,919.92,434.35,183.21,25.17,51.39,13.9,31.3,0.958,False,915.73,429.44,4.19,4.91,0.72,0.078
535.5,3712.97,0.6929,897.24,424.38,182.72,24.59,48.22,13.49,30.98,0.867,False,901.39,420.83,-4.15,3.55,-2.44,0.003
536.0,3740.56,0.7004,912.87,425.71,182.73,24.84,51.4,13.77,29.86,0.89,False,907.27,424.36,5.6,1.35,0.69,0.018
536.5,3787.36,0.7057,913.72,424.09,180.7,24.79,50.99,13.77,29.75,0.834,False,912.79,427.67,0.93,-3.58,0.07,-0.052
537.0,3627.12,0.6758,889.3,420.93,181.58,24.27,51.0,13.12,29.36,0.809,False,886.84,412.1,2.46,8.83,0.59,-0.029
537.5,3729.72,0.6933,903.94,423.6,179.86,24.71,49.47,13.4,29.35,0.896,False,902.47,421.48,1.47,2.12,-1.29,0.027
538.0,3689.7,0.6908,900.55,416.77,183.49,24.56,51.61,13.73,29.76,0.871,False,898.97,419.38,1.58,-2.61,1.06,0.014
538.5,3747.83,0.6982,908.01,419.73,182.35,24.68,51.2,13.81,31.12,0.888,False,906.31,423.79,1.7,-4.06,0.41,0.014
539.0,3757.16,0.6974,913.06,423.25,181.44,24.95,50.19,13.46,30.97,0.865,False,906.3,423.78,6.76,-0.53,-0.68,-0.012
539.5,3702.36,0.6769,897.94,409.58,180.2,23.97,50.34,13.63,30.15,0.861,False,891.26,414.75,6.68,-5.17,-0.54,0.0
540.0,3702.02,0.6945,903.9,422.32,184.43,24.48,50.33,13.48,29.73,0.916,False,901.8,421.08,2.1,1.24,-0.23,0.055
540.5,3701.14,0.6849,893.96,416.24,178.36,24.34,50.49,13.42,29.87,0.87,False,896.0,417.6,-2.04,-1.36,-0.24,0.01
541.0,3700.3,0.6846,895.59,424.27,183.5,24.37,49.7,13.31,31.32,0.847,False,895.77,417.46,-0.18,6.81,-1.03,-0.013
541.5,3744.78,0.6819,894.35,418.76,179.92,24.43,52.08,13.3,31.53,0.838,False,896.38,417.83,-2.03,0.93,1.01,-0.035
542.0,3658.11,0.672,882.54,411.02,172.57,24.36,50.21,13.4,30.71,0.826,False,886.11,411.66,-3.57,-0.64,-0.47,-0.021
542.5,3668.21,0.6692,892.57,408.62,175.59,24.14,49.05,13.28,30.52,0.903,False,884.93,410.96,7.64,-2.34,-1.75,0.053
543.0,3750.46,0.681,893.36,415.46,176.15,24.67,50.95,13.51,29.54,0.875,False,896.12,417.67,-2.76,-2.21,-0.17,-0.0
543.5,3676.09,0.6693,881.84,414.72,181.15,24.15,51.69,12.81,30.89,0.777,False,885.38,411.23,-3.54,3.49,0.84,-0.076
544.0,3620.07,0.6585,876.36,408.98,171.77,24.15,50.23,13.32,30.61,0.797,False,876.1,405.66,0.26,3.32,-0.45,-0.039
544.5,3669.66,0.6554,878.75,402.35,174.5,24.13,50.21,12.77,29.7,0.897,False,876.72,406.03,2.03,-3.68,-0.85,0.046
545.0,3629.18,0.6525,873.76,410.49,174.63,24.35,50.14,12.95,30.23,0.808,False,872.96,403.78,0.8,6.71,-0.7,-0.031
545.5,3643.5,0.6503,867.46,402.88,175.71,23.94,52.18,12.97,30.07,0.757,False,872.36,403.41,-4.89,-0.53,1.2,-0.086
546.0,3618.59,0.6445,875.96,402.04,175.7,23.78,50.72,13.05,29.45,0.872,False,867.63,400.58,8.33,1.46,-0.2,0.036
546.5,3633.6,0.6512,870.51,400.33,177.98,24.24,51.27,12.91,30.24,0.845,False,872.4,403.44,-1.89,-3.11,0.37,0.005
547.0,3623.35,0.6435,862.6,395.51,173.47,23.66,50.49,12.78,30.54,0.912,False,867.27,400.36,-4.67,-4.85,-0.48,0.075
547.5,3584.05,0.6154,845.02,388.75,166.41,23.82,50.97,12.42,28.37,0.815,False,848.44,389.07,-3.42,-0.32,-0.25,-0.01
548.0,3591.76,0.6386,868.85,401.19,171.31,24.26,50.94,12.79,30.19,0.832,False,862.75,397.65,6.1,3.54,0.09,0.004
548.5,3493.67,0.599,827.42,385.42,170.02,23.56,50.67,12.03,29.27,0.877,False,834.08,380.45,-6.66,4.97,-0.26,0.079
549.0,3486.15,0.6133,849.8,391.29,172.25,23.79,52.37,12.41,28.25,0.811,False,842.29,385.37,7.51,5.92,1.75,0.015
549.5,3550.5,0.6213,849.53,387.37,168.08,24.07,53.16,12.52,30.2,0.777,False,850.3,390.18,-0.77,-2.81,2.27,-0.038
550.0,3575.69,0.6162,839.1,389.44,170.43,23.73,52.89,12.75,29.74,0.839,False,848.5,389.1,-9.4,0.34,1.74,0.016
550.5,3500.33,0.6052,840.12,385.27,168.19,23.3,50.38,12.21,29.17,0.816,False,838.14,382.88,1.98,2.39,-0.48,0.016
551.0,3527.02,0.603,832.87,380.56,170.54,23.41,50.98,12.22,30.73,0.849,False,838.15,382.89,-5.28,-2.33,-0.09,0.041
551.5,3511.14,0.6042,833.72,388.62,169.33,23.37,52.65,12.18,30.96,0.862,False,838.08,382.85,-4.36,5.77,1.7,0.059
552.0,3456.88,0.5781,823.03,379.32,162.34,23.38,51.01,11.69,29.53,0.784,False,819.7,371.82,3.33,7.5,-0.05,-0.003
552.5,3433.26,0.5708,818.62,369.02,161.68,22.96,51.0,11.79,30.45,0.789,False,814.14,368.49,4.48,0.53,-0.04,0.009
553.0,3392.1,0.5613,807.8,367.56,163.99,23.21,51.17,11.73,28.33,0.788,False,806.38,363.83,1.41,3.73,0.22,0.02
553.5,3394.94,0.5585,820.04,363.85,159.25,22.9,50.4,11.43,31.15,0.812,False,804.85,362.91,15.19,0.94,-0.61,0.044
554.0,3408.26,0.5664,809.11,371.03,162.75,22.31,53.91,11.72,29.81,0.818,False,810.25,366.15,-1.14,4.88,2.95,0.046
554.5,3418.16,0.5613,804.82,360.47,161.95,23.14,50.24,11.51,30.47,0.753,False,807.69,364.61,-2.87,-4.14,-0.87,-0.022
555.0,3357.75,0.5461,795.59,352.83,158.1,22.69,51.31,11.56,30.84,0.82,False,795.55,357.33,0.04,-4.5,0.31,0.063
555.5,3379.02,0.5528,797.66,360.52,161.33,22.9,51.78,11.47,30.05,0.815,False,800.63,360.38,-2.97,0.14,0.77,0.051
556.0,3363.92,0.5458,791.55,354.86,157.78,22.69,51.67,11.18,28.96,0.769,False,795.68,357.41,-4.13,-2.55,0.63,0.01
556.5,3311.96,0.5213,776.41,344.6,155.7,22.38,50.07,10.98,29.54,0.711,False,778.38,347.03,-1.97,-2.43,-1.07,-0.033
557.0,3236.61,0.5069,765.44,336.56,152.81,22.43,49.46,10.76,30.76,0.747,False,765.97,339.58,-0.53,-3.02,-1.45,0.026
557.5,3279.27,0.513,774.05,348.23,153.32,22.03,49.45,10.91,27.98,0.716,False,771.76,343.06,2.29,5.17,-1.63,-0.018
558.0,3273.0,0.5006,760.4,338.96,149.38,22.03,49.68,10.65,30.77,0.763,False,764.01,338.41,-3.61,0.55,-1.58,0.031
558.5,3317.47,0.5014,758.94,341.6,149.64,21.97,49.51,10.76,29.06,0.714,False,766.71,340.03,-7.77,1.57,-2.03,-0.031
559.0,3254.97,0.5065,768.86,342.8,150.48,21.94,51.18,10.89,30.19,0.721,False,766.65,339.99,2.21,2.81,0.14,-0.005
559.5,3195.8,0.4853,753.49,330.21,149.82,21.78,51.81,10.39,28.26,0.731,False,750.97,330.58,2.52,-0.37,0.77,0.022
560.0,3115.46,0.451,721.23,319.8,144.52,21.2,51.15,9.88,28.29,0.692,False,726.37,315.82,-5.14,3.98,0.02,0.007
560.5,3165.93,0.4698,735.56,320.9,148.24,21.64,49.46,10.36,29.37,0.741,False,740.18,324.11,-4.62,-3.21,-1.66,0.041
561.0,3187.08,0.4697,751.48,323.43,146.02,21.27,53.28,10.51,28.02,0.673,False,741.17,324.7,10.31,-1.27,2.02,-0.033
561.5,3164.9,0.4562,724.28,312.53,150.48,21.45,51.75,10.01,29.02,0.632,False,731.97,319.18,-7.69,-6.65,0.39,-0.067
562.0,3111.17,0.4436,710.27,312.07,143.6,21.15,50.56,9.71,27.09,0.689,False,721.72,313.03,-11.45,-0.96,-0.68,0.006
562.5,3076.58,0.4416,720.5,311.23,143.11,20.75,52.05,9.64,28.58,0.649,False,718.79,311.27,1.71,-0.04,1.0,-0.024
563.0,3106.34,0.4333,716.81,311.88,143.49,21.15,49.1,9.65,28.29,0.724,False,715.3,309.18,1.51,2.7,-2.29,0.042
563.5,3067.02,0.4247,709.03,308.21,141.31,21.11,49.21,9.33,26.57,0.7,False,708.17,304.9,0.86,3.31,-2.08,0.03
564.0,3090.48,0.429,707.65,304.93,141.97,21.29,53.28,9.75,28.7,0.725,False,711.92,307.15,-4.27,-2.22,1.91,0.048
564.5,3022.77,0.4122,698.23,296.39,139.42,20.55,52.51,9.47,29.44,0.594,False,698.46,299.08,-0.23,-2.69,1.28,-0.063
565.0,3034.34,0.4263,703.09,303.59,144.43,21.01,50.96,9.48,27.31,0.715,False,707.5,304.5,-4.41,-0.91,-0.09,0.055
565.5,3046.52,0.4078,697.63,289.46,136.64,20.8,50.84,9.23,27.38,0.694,False,697.01,298.2,0.62,-8.74,-0.62,0.03
566.0,3002.18,0.3969,684.56,293.16,134.87,20.53,48.27,8.92,27.92,0.743,False,688.25,292.95,-3.69,0.21,-3.1,0.092
566.5,2892.13,0.3668,667.01,284.87,133.59,20.28,50.95,8.63,28.0,0.599,False,664.69,278.81,2.32,6.06,-0.25,-0.019
567.0,2929.29,0.3846,683.26,287.4,135.33,20.06,50.15,9.15,27.91,0.65,False,677.22,286.33,6.04,1.07,-0.97,0.021
567.5,2902.06,0.3611,654.9,277.36,133.09,20.12,50.28,8.56,28.32,0.612,False,661.76,277.06,-6.86,0.3,-1.08,-0.009
568.0,2936.88,0.3595,655.9,279.64,129.82,20.16,52.22,8.52,26.9,0.541,False,662.54,277.53,-6.64,2.11,0.6,-0.09
568.5,2882.57,0.3488,647.51,272.03,127.63,19.84,50.01,8.42,27.39,0.564,False,653.41,272.05,-5.9,-0.02,-1.45,-0.051
569.0,2833.77,0.341,640.64,271.58,128.72,19.33,50.66,8.45,27.12,0.666,False,646.29,267.77,-5.65,3.81,-0.62,0.066
569.5,2839.16,0.3316,645.62,265.61,125.34,19.45,52.82,8.05,28.43,0.582,False,640.92,264.55,4.7,1.06,1.33,-0.02
570.0,2808.0,0.3343,639.32,262.79,128.92,19.7,51.97,8.14,26.93,0.608,False,640.98,264.59,-1.66,-1.8,0.74,0.016
570.5,2809.79,0.3153,628.01,256.17,126.64,19.4,49.46,7.77,28.37,0.59,False,629.67,257.8,-1.66,-1.63,-2.13,-0.003
571.0,2760.86,0.3015,615.81,248.54,121.43,19.42,49.11,7.6,27.51,0.639,False,618.94,251.37,-3.13,-2.83,-2.41,0.061
571.5,2774.81,0.3167,637.25,253.7,126.45,19.53,50.39,8.06,27.12,0.615,False,628.76,257.26,8.49,-3.56,-0.95,0.033
572.0,2720.75,0.2856,605.02,247.69,121.33,19.25,52.11,7.47,27.92,0.596,False,607.4,244.44,-2.38,3.25,0.57,0.03
572.5,2708.31,0.3017,613.79,255.38,121.23,19.4,52.32,7.62,25.82,0.553,False,616.44,249.86,-2.65,5.52,1.15,-0.009
573.0,2759.52,0.3107,621.3,252.17,127.48,19.3,50.71,8.07,27.95,0.546,False,624.4,254.64,-3.1,-2.47,-0.63,-0.032
573.5,2700.05,0.2708,596.38,233.13,115.69,18.57,50.04,6.95,26.29,0.516,False,597.48,238.49,-1.1,-5.36,-1.64,-0.044
574.0,2712.6,0.2715,595.5,237.6,120.39,18.75,52.01,7.31,27.27,0.664,False,598.53,239.12,-3.03,-1.52,0.27,0.1
574.5,2674.47,0.2784,603.72,238.75,121.27,18.62,50.18,7.43,28.03,0.579,False,600.76,240.46,2.96,-1.71,-1.19,0.027
575.0,2685.38,0.2712,597.45,236.44,120.94,19.0,51.45,7.25,28.44,0.553,False,596.99,238.19,0.46,-1.75,-0.12,-0.003
575.5,2651.57,0.2568,585.66,229.23,117.99,18.59,53.76,7.17,26.58,0.572,False,586.66,232.0,-1.0,-2.77,2.15,0.027
576.0,2657.54,0.2525,580.47,230.42,116.42,18.55,50.5,7.07,27.35,0.591,False,584.38,230.63,-3.91,-0.21,-1.23,0.044
576.5,2599.07,0.2429,580.07,223.29,117.39,18.62,53.08,6.9,26.55,0.537,False,575.69,225.42,4.38,-2.13,1.56,0.007
577.0,2590.0,0.2405,581.02,226.35,113.09,18.74,51.7,6.64,26.26,0.59,False,573.8,224.28,7.22,2.07,0.19,0.063
577.5,2641.92,0.2487,586.9,231.83,117.17,18.55,52.21,7.04,26.4,0.566,False,581.32,228.79,5.58,3.04,0.51,0.023
578.0,2593.11,0.2389,571.63,225.35,113.34,18.08,52.96,6.72,26.93,0.505,False,573.0,223.8,-1.37,1.55,1.4,-0.023
578.5,2594.69,0.2311,566.31,216.97,112.81,18.35,51.82,6.68,27.02,0.554,False,568.39,221.04,-2.08,-4.07,0.11,0.026
579.0,2538.89,0.212,548.73,219.86,110.17,18.01,52.31,6.32,26.7,0.509,False,554.14,212.49,-5.41,7.37,0.62,-0.003
579.5,2508.77,0.2,536.75,212.26,110.59,17.93,49.57,6.08,27.71,0.666,False,545.44,207.26,-8.69,5.0,-2.14,0.163
580.0,2552.88,0.2129,556.95,210.05,112.85,17.76,50.17,6.2,27.48,0.507,False,555.38,213.23,1.57,-3.18,-1.59,-0.009
580.5,2499.69,0.2,539.37,204.99,107.76,17.52,51.04,6.04,27.06,0.526,False,544.98,206.99,-5.61,-2.0,-0.61,0.026
581.0,2494.07,0.2,554.28,204.06,109.85,17.82,52.96,6.24,26.25,0.503,False,544.7,206.82,9.58,-2.76,1.35,0.005
581.5,2498.17,0.2,538.4,210.73,111.13,17.59,51.29,6.17,25.67,0.425,False,544.91,206.95,-6.51,3.78,-0.35,-0.074
582.0,2492.87,0.2,537.79,207.53,111.33,17.97,51.5,5.92,27.17,0.506,False,544.64,206.79,-6.85,0.74,-0.1,0.008
582.5,2538.72,0.2,540.88,198.38,106.89,17.9,51.68,6.02,25.46,0.486,False,546.94,208.16,-6.06,-9.78,-0.22,-0.026
583.0,2510.41,0.2,542.94,205.12,107.48,17.85,51.7,6.23,26.74,0.497,False,545.52,207.31,-2.58,-2.19,-0.02,-0.006
583.5,2485.39,0.2,543.03,213.2,106.3,17.72,51.77,6.15,27.46,0.488,False,544.27,206.56,-1.24,6.64,0.21,-0.008
584.0,2516.29,0.2,554.05,211.22,108.73,17.79,51.71,6.22,25.92,0.537,False,545.81,207.49,8.24,3.73,-0.05,0.032
584.5,2499.1,0.2,538.64,207.19,105.21,17.68,50.97,6.24,28.1,0.523,False,544.96,206.97,-6.32,0.22,-0.67,0.023
585.0,2512.9,0.2,550.63,212.57,107.54,17.64,52.45,6.2,26.78,0.49,False,545.64,207.39,4.99,5.18,0.72,-0.014
585.5,2532.42,0.2,539.5,209.06,110.05,17.48,50.65,6.1,27.05,0.485,False,546.62,207.97,-7.12,1.09,-1.21,-0.025
586.0,2470.85,0.2,556.63,207.21,110.0,17.69,50.87,6.49,25.07,0.511,False,543.54,206.13,13.09,1.08,-0.59,0.02
586.5,2491.9,0.2,541.81,204.04,109.07,17.29,51.27,6.19,25.51,0.561,False,544.6,206.76,-2.79,-2.72,-0.33,0.063
587.0,2495.25,0.2,542.04,206.76,111.62,18.29,52.54,6.36,27.97,0.51,False,544.76,206.86,-2.72,-0.1,0.92,0.011
587.5,2515.85,0.2,545.72,208.05,105.36,17.86,49.8,5.96,26.75,0.455,False,545.79,207.48,-0.07,0.57,-1.95,-0.05
588.0,2502.77,0.2,545.92,204.29,110.8,17.78,52.18,6.02,26.46,0.544,False,545.14,207.08,0.78,-2.79,0.51,0.043
588.5,2484.05,0.2,542.27,204.03,107.69,17.52,51.48,6.29,25.97,0.496,False,544.2,206.52,-1.93,-2.49,-0.07,0.001
589.0,2521.1,0.2,541.94,205.27,107.31,17.57,52.29,6.18,26.64,0.551,False,546.05,207.63,-4.11,-2.36,0.5,0.045
589.5,2467.08,0.2,548.24,207.68,108.08,17.87,49.58,6.42,27.01,0.465,False,543.35,206.01,4.89,1.67,-1.86,-0.025
590.0,2465.94,0.2,543.43,205.55,106.35,17.96,53.18,6.2,26.36,0.517,False,543.3,205.98,0.13,-0.43,1.75,0.027
590.5,2478.36,0.2,541.74,206.11,109.5,17.8,51.9,5.97,27.13,0.5,False,543.92,206.35,-2.18,-0.24,0.39,0.006
591.0,2492.25,0.2,546.62,215.49,109.39,17.79,50.47,6.43,25.67,0.517,False,544.61,206.77,2.01,8.72,-1.13,0.019
591.5,2496.21,0.2,537.88,211.03,108.44,17.56,53.15,6.12,26.87,0.534,False,544.81,206.89,-6.93,4.14,1.52,0.035
592.0,2456.07,0.2,548.48,206.7,108.34,17.78,49.72,6.23,25.51,0.489,False,542.8,205.68,5.68,1.02,-1.64,0.002
592.5,2521.48,0.2,540.9,211.35,110.89,17.71,50.32,5.98,26.82,0.471,False,546.07,207.64,-5.17,3.71,-1.47,-0.035
593.0,2486.41,0.2,540.5,207.7,107.63,17.8,52.83,6.22,26.7,0.508,False,544.32,206.59,-3.82,1.11,1.27,0.012
593.5,2507.84,0.2,545.8,209.68,110.21,17.76,52.89,6.16,26.8,0.488,False,545.39,207.24,0.41,2.44,1.19,-0.014
594.0,2492.47,0.2,553.24,213.05,110.75,18.11,49.8,5.99,26.34,0.502,False,544.62,206.77,8.62,6.28,-1.8,0.004
594.5,2467.16,0.2,550.76,213.46,111.56,18.02,51.92,6.07,26.66,0.584,False,543.36,206.01,7.4,7.45,0.48,0.094
595.0,2490.9,0.2,550.54,210.52,107.3,17.75,51.05,6.21,27.48,0.468,False,544.54,206.73,6.0,3.79,-0.54,-0.029
595.5,2502.03,0.2,556.63,207.96,108.81,17.91,51.25,5.93,26.41,0.49,False,545.1,207.06,11.53,0.9,-0.41,-0.011
596.0,2498.54,0.2,534.66,205.96,109.49,17.82,51.16,6.19,25.97,0.5,False,544.93,206.96,-10.27,-1.0,-0.48,0.0
596.5,2482.0,0.2,546.34,207.78,108.67,18.28,51.48,6.16,26.26,0.461,False,544.1,206.46,2.24,1.32,-0.05,-0.034
597.0,2486.28,0.2,542.16,205.39,107.03,17.45,51.09,6.33,26.76,0.562,False,544.31,206.59,-2.15,-1.2,-0.47,0.066
597.5,2510.48,0.2,554.41,206.71,109.13,17.8,53.5,6.2,26.08,0.524,False,545.52,207.31,8.89,-0.6,1.78,0.021
598.0,2510.67,0.2,547.07,206.43,110.13,17.5,51.85,6.13,28.89,0.506,False,545.53,207.32,1.54,-0.89,0.13,0.003
598.5,2472.43,0.2,551.53,205.95,107.42,17.87,52.43,6.3,26.62,0.506,False,543.62,206.17,7.91,-0.22,0.96,0.014
599.0,2506.73,0.2,547.12,210.28,109.11,17.64,51.48,6.31,25.17,0.429,False,545.34,207.2,1.78,3.08,-0.21,-0.073
599.5,2530.4,0.2,538.67,207.3,108.2,17.75,52.02,6.01,25.71,0.488,False,546.52,207.91,-7.85,-0.61,0.17,-0.021
600.0,2477.48,0.2,548.95,205.75,108.16,17.86,51.5,6.33,25.85,0.444,False,543.87,206.32,5.08,-0.57,-0.0,-0.049
600.5,2501.2,0.2,538.8,202.84,109.36,17.65,49.91,6.34,26.09,0.546,False,545.06,207.04,-6.26,-4.2,-1.75,0.046
601.0,2505.9,0.2,543.94,199.03,106.73,17.77,52.09,5.93,26.56,0.455,False,545.29,207.18,-1.35,-8.15,0.4,-0.047
601.5,2499.61,0.2,548.72,210.2,109.92,17.97,51.23,6.62,25.62,0.479,False,544.98,206.99,3.74,3.21,-0.42,-0.021
602.0,2515.05,0.2,547.44,209.03,104.83,18.12,51.41,6.39,24.97,0.51,False,545.75,207.45,1.69,1.58,-0.34,0.005
602.5,2511.44,0.2,546.59,208.1,106.88,17.79,51.43,6.27,27.39,0.506,False,545.57,207.34,1.02,0.76,-0.29,0.003
603.0,2502.15,0.2,558.06,211.94,103.05,17.81,52.77,6.17,26.23,0.489,False,545.11,207.06,12.95,4.88,1.11,-0.012
603.5,2477.03,0.2,550.94,206.83,107.13,18.02,49.8,6.12,26.14,0.586,False,543.85,206.31,7.09,0.52,-1.7,0.093
604.0,2456.9,0.2,542.09,208.37,110.57,18.26,53.34,6.23,25.89,0.565,False,542.85,205.71,-0.75,2.66,1.97,0.078
604.5,2486.84,0.2,542.91,203.24,108.07,17.75,52.53,6.14,25.59,0.436,False,544.34,206.61,-1.43,-3.37,0.97,-0.06
605.0,2501.45,0.2,542.23,205.6,109.78,18.08,50.71,6.21,27.37,0.469,False,545.07,207.04,-2.84,-1.44,-0.95,-0.031
605.5,2499.24,0.2,538.44,207.51,109.06,17.91,50.23,6.2,27.71,0.583,False,544.96,206.98,-6.52,0.53,-1.42,0.083
606.0,2476.46,0.2,547.26,205.55,109.57,17.65,49.59,6.15,27.18,0.512,False,543.82,206.29,3.44,-0.74,-1.91,0.019
606.5,2504.33,0.2,547.02,208.59,108.45,17.82,53.74,6.22,26.63,0.504,False,545.22,207.13,1.8,1.46,2.06,0.003
607.0,2491.29,0.2,546.04,205.48,108.71,17.64,51.78,6.29,26.43,0.42,False,544.56,206.74,1.48,-1.26,0.19,-0.077
607.5,2502.4,0.2,540.03,209.32,106.2,18.01,51.58,5.86,26.74,0.484,False,545.12,207.07,-5.09,2.25,-0.09,-0.017
608.0,2485.25,0.2,544.36,205.54,105.29,18.05,51.36,6.09,25.7,0.531,False,544.26,206.56,0.1,-1.02,-0.19,0.035
608.5,2502.68,0.2,542.08,205.42,106.79,17.68,51.66,6.24,25.97,0.496,False,545.13,207.08,-3.05,-1.66,-0.01,-0.005
609.0,2466.75,0.2,544.97,204.15,106.89,17.85,51.0,6.02,27.66,0.537,False,543.34,206.0,1.63,-1.85,-0.43,0.047
609.5,2470.51,0.2,547.97,206.15,112.0,17.92,52.01,6.05,26.99,0.449,False,543.53,206.12,4.44,0.03,0.55,-0.042
610.0,2508.44,0.2,540.88,209.41,113.48,17.76,52.31,6.14,26.67,0.44,False,545.42,207.25,-4.54,2.16,0.61,-0.063
610.5,2500.87,0.2,553.99,201.61,108.44,18.06,51.36,6.17,25.93,0.463,False,545.04,207.03,8.95,-5.42,-0.3,-0.037
611.0,2487.42,0.2,540.05,207.35,107.42,17.7,51.11,6.19,26.18,0.458,False,544.37,206.62,-4.32,0.73,-0.46,-0.038
611.5,2521.35,0.2,545.64,205.17,108.75,17.39,51.48,6.14,25.85,0.47,False,546.07,207.64,-0.43,-2.47,-0.31,-0.036
612.0,2519.85,0.2,550.46,204.22,107.96,17.7,52.62,6.22,26.67,0.521,False,545.99,207.6,4.47,-3.38,0.84,0.015
612.5,2527.28,0.2,544.99,204.43,108.54,18.05,51.14,6.34,26.1,0.469,False,546.36,207.82,-1.37,-3.39,-0.69,-0.039
613.0,2482.52,0.2,549.11,208.05,107.25,17.79,50.99,6.25,28.11,0.485,False,544.13,206.48,4.98,1.57,-0.55,-0.01
613.5,2507.6,0.2028,547.18,207.74,107.7,17.91,51.3,6.11,27.43,0.506,False,547.06,208.24,0.12,-0.5,-0.35,0.004
614.0,2528.86,0.2008,536.42,211.18,107.36,17.85,50.94,6.07,27.66,0.575,False,546.92,208.15,-10.5,3.03,-0.88,0.066
614.5,2523.24,0.2066,550.08,215.07,105.73,17.97,50.77,5.95,26.36,0.579,False,550.12,210.07,-0.04,5.0,-0.91,0.072
615.0,2536.07,0.2081,556.87,210.49,110.42,17.57,50.78,6.46,26.71,0.521,False,551.66,211.0,5.21,-0.51,-0.96,0.01
615.5,2598.72,0.222,558.76,221.36,112.45,18.45,50.14,6.56,26.46,0.522,False,563.14,217.88,-4.38,3.48,-1.76,-0.008
616.0,2604.85,0.2389,579.31,221.91,113.0,18.35,51.54,6.76,26.14,0.577,False,573.58,224.15,5.73,-2.24,-0.09,0.046
616.5,2601.6,0.2292,566.26,221.66,114.35,18.04,52.04,6.93,27.04,0.558,False,567.6,220.56,-1.34,1.1,0.26,0.028
617.0,2621.32,0.2461,579.34,228.68,117.21,18.17,51.87,6.86,26.66,0.586,False,578.73,227.24,0.61,1.44,0.26,0.05
617.5,2567.58,0.2382,576.67,219.35,110.68,18.52,51.77,6.84,26.55,0.473,False,571.3,222.78,5.37,-3.43,0.37,-0.047
618.0,2594.91,0.2401,567.74,225.38,113.9,18.4,51.77,6.86,27.32,0.516,False,573.81,224.28,-6.07,1.1,0.22,-0.012
618.5,2655.74,0.2604,576.65,235.22,118.06,18.76,50.0,7.06,26.21,0.575,False,589.03,233.42,-12.38,1.8,-1.58,0.028
619.0,2609.36,0.2512,584.77,227.37,114.56,18.7,52.7,7.08,27.69,0.529,False,581.19,228.71,3.58,-1.34,1.26,-0.004
619.5,2661.84,0.2699,596.53,235.83,118.27,18.9,52.95,7.31,28.59,0.524,False,595.03,237.02,1.5,-1.19,1.51,-0.025
620.0,2665.31,0.2604,584.94,232.46,114.22,18.47,49.74,7.04,26.77,0.549,False,589.51,233.7,-4.57,-1.24,-1.9,-0.001
620.5,2758.75,0.2981,608.0,251.49,123.45,19.15,51.45,7.7,26.83,0.566,False,616.8,250.08,-8.8,1.41,-0.12,-0.012
621.0,2747.16,0.3045,615.61,252.27,121.89,18.92,51.05,7.98,27.41,0.586,False,620.06,252.03,-4.45,0.24,-0.33,0.012
621.5,2704.74,0.2784,602.3,239.11,120.73,18.93,50.24,7.43,28.18,0.55,False,602.28,241.37,0.02,-2.26,-1.33,-0.011
622.0,2741.74,0.2981,620.41,246.0,124.38,19.04,51.77,7.59,26.93,0.635,False,615.95,249.57,4.46,-3.57,0.31,0.062
622.5,2759.35,0.2999,626.05,252.49,120.82,18.94,50.57,7.72,27.58,0.524,False,617.91,250.74,8.14,1.75,-0.97,-0.054
623.0,2764.85,0.3124,625.61,261.86,123.44,19.18,50.09,7.98,27.47,0.548,False,625.68,255.41,-0.07,6.45,-1.26,-0.031
623.5,2796.15,0.3248,636.95,269.34,128.2,19.53,50.63,7.87,28.19,0.621,False,634.69,260.81,2.26,8.53,-0.7,0.032
624.0,2851.92,0.3311,640.13,266.34,128.6,19.6,50.27,8.14,28.32,0.578,False,641.26,264.75,-1.13,1.59,-1.31,-0.028
624.5,2847.01,0.3475,655.81,272.09,127.98,19.82,52.51,8.22,26.92,0.608,False,650.85,270.51,4.96,1.58,1.26,0.004
625.0,2916.01,0.3718,672.02,282.51,132.73,20.24,50.81,8.72,26.65,0.628,False,668.88,281.33,3.14,1.18,-0.45,0.003
625.5,2918.28,0.3669,671.42,281.32,133.07,20.01,50.77,8.48,27.72,0.631,False,666.05,279.63,5.37,1.69,-0.59,0.006
626.0,2966.7,0.3825,672.95,282.05,135.04,20.52,51.07,9.02,27.91,0.666,False,677.84,286.7,-4.88,-4.65,-0.33,0.026
626.5,2924.05,0.3568,653.11,277.58,131.19,19.97,51.09,8.59,28.22,0.66,False,660.28,276.17,-7.17,1.41,-0.49,0.033
627.0,2992.43,0.3943,694.45,291.81,139.33,20.61,50.65,9.14,28.56,0.644,False,686.2,291.72,8.25,0.09,-0.7,-0.004
627.5,2996.94,0.3919,683.98,281.62,140.18,20.43,50.33,8.91,27.87,0.621,False,684.99,290.99,-1.01,-9.37,-1.1,-0.028
628.0,2955.99,0.3879,683.84,294.81,137.88,20.65,50.87,9.03,28.44,0.615,False,680.54,288.32,3.3,6.49,-0.36,-0.022
628.5,3013.25,0.3985,694.34,293.53,135.39,20.52,49.57,9.19,28.39,0.638,False,689.76,293.86,4.58,-0.33,-1.84,-0.016
629.0,3039.93,0.4126,700.45,295.89,139.33,20.86,53.17,9.35,28.74,0.695,False,699.56,299.73,0.89,-3.84,1.84,0.033
629.5,3062.33,0.4157,707.43,304.99,141.2,21.29,50.53,9.75,28.94,0.715,False,702.54,301.52,4.89,3.47,-0.89,0.046
630.0,3071.87,0.422,713.08,300.3,140.86,20.48,51.05,9.41,28.2,0.783,False,706.79,304.08,6.29,-3.78,-0.32,0.111
630.5,3095.8,0.4498,728.91,318.08,144.55,21.33,51.54,9.75,27.77,0.694,False,724.67,314.8,4.24,3.28,0.51,0.015
631.0,3088.57,0.4411,715.82,311.61,145.73,21.16,53.18,9.71,28.68,0.667,False,719.09,311.45,-3.27,0.16,2.04,-0.01
631.5,3117.87,0.4534,738.35,312.16,149.17,21.37,51.87,10.2,29.31,0.661,False,727.93,316.76,10.42,-4.6,0.77,-0.024
632.0,3189.63,0.4609,729.72,326.85,147.6,21.37,50.12,10.08,27.12,0.679,False,736.02,321.61,-6.3,5.24,-1.32,-0.028
632.5,3127.6,0.4596,736.98,319.29,145.38,21.37,51.62,10.11,28.12,0.7,False,732.14,319.28,4.84,0.01,0.56,0.012
633.0,3149.9,0.4691,738.64,325.79,149.16,21.52,51.99,10.09,27.99,0.692,False,738.96,323.37,-0.32,2.42,0.96,-0.003
633.5,3232.84,0.4918,755.2,338.58,150.74,22.33,50.53,10.43,28.8,0.709,False,756.72,334.03,-1.52,4.55,-0.63,-0.011
634.0,3242.05,0.476,746.7,328.45,148.1,21.55,52.4,10.09,27.89,0.697,False,747.7,328.62,-1.0,-0.17,0.89,-0.026
634.5,3254.42,0.5048,768.03,339.66,155.78,21.75,52.0,10.74,29.78,0.696,False,765.6,339.36,2.43,0.3,0.93,-0.03
635.0,3244.48,0.4986,756.48,333.06,151.14,22.01,50.22,10.63,27.48,0.709,False,761.38,336.83,-4.9,-3.77,-0.89,-0.014
635.5,3303.25,0.5157,773.42,345.04,153.11,22.54,53.58,10.96,31.2,0.71,False,774.58,344.75,-1.16,0.29,2.39,-0.031
636.0,3235.56,0.4999,761.33,344.39,151.92,21.83,50.05,10.87,29.8,0.706,False,761.72,337.03,-0.39,7.36,-0.98,-0.015
636.5,3228.85,0.5006,771.52,339.81,152.71,22.38,53.47,10.7,28.99,0.702,False,761.8,337.08,9.72,2.73,2.49,-0.017
637.0,3278.59,0.5233,771.96,342.48,158.05,22.01,53.42,10.94,30.58,0.728,False,777.91,346.75,-5.95,-4.27,2.53,-0.006
637.5,3318.86,0.5173,782.03,342.3,154.34,22.06,50.95,10.98,28.86,0.665,False,776.32,345.79,5.71,-3.49,-0.31,-0.081
638.0,3348.59,0.5338,785.97,351.22,155.54,22.35,52.76,11.04,29.85,0.752,False,787.71,352.63,-1.74,-1.41,1.6,-0.003
638.5,3357.0,0.5487,796.02,358.65,158.51,22.75,51.59,11.76,29.61,0.685,False,797.07,358.24,-1.05,0.41,0.65,-0.072
639.0,3406.78,0.5643,819.21,369.9,160.82,23.05,50.3,11.67,30.06,0.818,False,808.92,365.35,10.29,4.55,-0.69,0.046
639.5,3421.68,0.5681,824.27,366.02,159.16,22.67,52.77,11.71,29.67,0.754,False,811.94,367.17,12.33,-1.15,1.75,-0.023
640.0,3386.51,0.5609,809.01,363.7,162.2,22.92,50.51,11.39,28.25,0.892,False,805.87,363.52,3.14,0.18,-0.41,0.126
640.5,3492.84,0.5864,821.78,375.12,163.4,22.95,50.27,12.2,30.36,0.751,False,826.48,375.89,-4.7,-0.77,-0.88,-0.047
641.0,3451.44,0.5746,813.72,370.18,164.12,23.12,51.3,11.72,29.16,0.736,False,817.33,370.4,-3.61,-0.22,0.21,-0.049
641.5,3417.96,0.5681,815.96,362.98,162.92,23.11,48.8,11.68,30.86,0.798,False,811.76,367.05,4.2,-4.07,-2.19,0.023
642.0,3440.37,0.5709,810.15,370.41,161.4,22.98,50.36,11.76,29.11,0.769,False,814.56,368.74,-4.41,1.67,-0.73,-0.013
642.5,3468.77,0.5836,823.97,369.01,166.61,23.13,51.17,12.07,29.93,0.834,False,823.6,374.16,0.37,-5.15,0.13,0.043
643.0,3515.78,0.598,834.19,381.67,167.52,23.62,51.82,12.1,29.27,0.797,False,834.59,380.75,-0.4,0.92,0.73,-0.008
643.5,3476.14,0.5989,823.54,375.86,170.81,23.25,53.24,12.24,29.75,0.739,False,833.15,379.89,-9.61,-4.03,2.43,-0.054
644.0,3567.59,0.6119,851.41,387.0,166.43,23.38,49.91,12.57,31.2,0.817,False,845.52,387.31,5.89,-0.31,-1.27,-0.003
644.5,3566.13,0.6141,840.3,387.27,169.97,23.42,50.16,12.3,31.05,0.887,False,846.77,388.06,-6.47,-0.79,-0.97,0.067
645.0,3553.01,0.6234,848.93,391.16,169.29,23.71,51.41,12.49,29.84,0.81,False,851.69,391.01,-2.76,0.15,0.54,-0.006
645.5,3551.16,0.624,856.21,386.13,173.63,23.76,51.64,12.67,29.43,0.781,False,851.96,391.17,4.25,-5.04,0.79,-0.034
646.0,3549.25,0.6217,854.21,388.68,171.36,23.23,50.45,12.7,29.84,0.783,False,850.48,390.29,3.73,-1.61,-0.43,-0.032
646.5,3514.72,0.6301,851.77,397.27,170.2,23.73,48.1,12.41,30.99,0.847,False,853.8,392.28,-2.03,4.99,-2.4,0.043
647.0,3557.99,0.6282,855.33,389.7,167.09,23.76,51.59,12.71,30.73,0.759,False,854.82,392.89,0.51,-3.19,0.77,-0.058
647.5,3610.07,0.6462,868.04,400.45,172.37,23.44,52.26,12.94,28.98,0.854,False,868.22,400.93,-0.18,-0.48,1.43,0.021
648.0,3605.01,0.6454,864.04,402.34,171.98,23.82,52.23,12.85,30.04,0.862,False,867.49,400.49,-3.45,1.85,1.41,0.03
648.5,3608.7,0.6472,870.77,396.92,174.29,23.91,51.89,12.99,30.51,0.771,False,868.75,401.25,2.02,-4.33,1.08,-0.062
649.0,3618.41,0.6568,875.98,398.75,172.15,24.43,51.29,13.0,29.53,0.799,False,875.0,405.0,0.98,-6.25,0.59,-0.037
649.5,3652.06,0.6636,888.82,408.1,176.34,24.01,50.41,13.18,30.01,0.828,False,880.76,408.46,8.06,-0.36,-0.38,-0.018
650.0,3701.37,0.6684,885.34,414.2,178.17,24.57,50.1,13.2,30.19,0.873,False,886.11,411.67,-0.77,2.53,-0.93,0.013
650.5,3693.78,0.6765,894.85,412.59,179.86,24.67,51.63,13.37,30.98,0.822,False,890.59,414.35,4.26,-1.76,0.8,-0.036
651.0,3690.58,0.6738,881.88,414.54,175.21,24.35,50.87,13.2,30.46,0.858,False,888.81,413.29,-6.93,1.25,0.01,0.001
651.5,3678.18,0.6667,879.56,416.89,176.46,24.1,49.65,13.37,30.01,0.795,False,883.93,410.36,-4.37,6.53,-1.26,-0.058
652.0,3707.64,0.6864,900.89,421.38,180.07,25.09,48.73,13.37,30.29,0.955,False,897.22,418.33,3.67,3.05,-2.01,0.093
652.5,3772.19,0.6986,902.49,421.84,179.64,24.62,52.57,13.64,30.5,0.905,False,907.77,424.66,-5.28,-2.82,1.63,0.023
653.0,3667.35,0.6665,877.74,409.05,175.47,24.2,51.1,13.23,30.16,0.865,False,883.27,409.96,-5.53,-0.91,0.26,0.015
653.5,3705.77,0.6769,889.69,412.98,176.55,24.43,53.06,13.34,29.5,0.894,False,891.43,414.86,-1.74,-1.88,2.16,0.032
654.0,3713.26,0.683,892.17,420.96,177.86,24.84,49.55,13.4,31.58,0.869,False,895.46,417.28,-3.29,3.68,-1.29,0.005
654.5,3775.86,0.7125,917.85,435.65,180.28,24.65,49.8,14.01,29.41,0.908,False,916.29,429.78,1.56,5.87,-0.92,0.025
655.0,3782.54,0.6969,910.48,424.24,183.77,24.86,50.23,13.48,30.12,0.871,False,907.27,424.36,3.21,-0.12,-0.81,-0.014
655.5,3694.92,0.6951,902.81,422.43,181.88,25.06,51.01,13.49,29.11,0.899,False,901.81,421.08,1.0,1.35,0.5,0.041
656.0,3732.57,0.6861,904.41,413.82,180.59,24.86,52.02,13.18,29.81,0.813,False,898.29,418.97,6.12,-5.15,1.11,-0.057
656.5,3761.57,0.7013,894.97,424.17,183.29,24.85,50.95,13.67,29.76,0.875,False,908.86,425.32,-13.89,-1.15,0.12,-0.003
657.0,3756.61,0.6977,909.33,423.77,183.36,24.69,49.05,13.74,30.68,0.893,False,906.45,423.87,2.88,-0.1,-1.81,0.016
657.5,3749.53,0.6855,900.53,417.32,177.52,24.81,49.48,13.82,29.99,0.933,False,898.78,419.27,1.75,-1.95,-1.55,0.058
658.0,3774.18,0.697,901.67,423.26,182.68,24.89,52.1,13.58,30.64,0.923,False,906.91,424.15,-5.24,-0.89,1.11,0.041
658.5,3742.39,0.6924,900.88,421.8,180.56,24.54,50.48,13.61,30.46,0.932,False,902.56,421.54,-1.68,0.26,-0.38,0.059
659.0,3780.54,0.7099,910.86,426.33,186.88,24.74,50.89,13.9,30.43,0.842,False,914.97,428.98,-4.11,-2.65,0.09,-0.042
659.5,3719.4,0.6921,898.25,425.06,180.34,24.59,50.92,13.68,30.26,0.905,False,901.23,420.74,-2.98,4.32,0.2,0.039
660.0,3741.58,0.6873,898.22,418.81,178.27,24.38,48.8,13.39,30.97,0.827,False,899.46,419.68,-1.24,-0.87,-2.15,-0.045
660.5,3692.56,0.6843,894.19,416.63,178.97,24.79,52.3,13.77,29.17,0.829,False,895.21,417.12,-1.02,-0.49,1.62,-0.029
661.0,3756.88,0.7064,916.43,427.9,185.58,25.1,52.04,13.73,30.57,0.868,False,911.68,427.01,4.75,0.89,1.34,-0.009
661.5,3738.87,0.6838,899.46,416.41,181.76,24.45,48.6,13.61,29.45,0.855,False,897.22,418.33,2.24,-1.92,-2.39,-0.017
662.0,3758.06,0.7001,911.84,426.3,182.62,24.64,51.13,13.48,31.85,0.819,False,907.96,424.78,3.88,1.52,0.3,-0.058
662.5,3707.8,0.6937,899.26,421.79,179.52,24.94,51.06,13.54,30.44,0.919,False,901.61,420.97,-2.35,0.82,0.45,0.057
663.0,3739.97,0.7051,907.79,428.14,182.95,24.66,51.67,13.64,31.68,0.9,False,910.06,426.04,-2.27,2.1,1.05,0.028
663.5,3697.87,0.6834,892.72,417.75,178.68,24.34,49.13,13.53,30.7,0.867,False,894.93,416.96,-2.21,0.79,-1.6,0.008
664.0,3727.4,0.6959,905.45,430.34,183.26,24.69,50.15,13.21,31.42,0.903,False,903.91,422.35,1.54,7.99,-0.55,0.035
664.5,3686.58,0.6861,891.64,419.78,179.3,24.74,50.9,13.64,30.78,0.898,False,895.99,417.59,-4.35,2.19,0.29,0.042
665.0,3647.23,0.6688,883.03,414.15,180.73,24.33,50.1,12.94,31.04,0.83,False,883.64,410.18,-0.61,3.97,-0.57,-0.014
665.5,3778.22,0.7172,930.5,434.23,181.94,25.09,51.67,13.92,31.41,0.921,False,919.23,431.54,11.27,2.69,1.02,0.038
666.0,3728.08,0.6914,895.36,420.51,180.6,24.3,50.99,13.56,29.49,0.855,False,901.24,420.75,-5.88,-0.24,0.2,-0.013
666.5,3738.3,0.6799,894.01,418.86,178.35,24.14,51.62,13.3,30.17,0.818,False,894.86,416.91,-0.85,1.95,0.56,-0.053
667.0,3724.18,0.6811,898.5,421.06,182.22,24.13,49.38,13.15,30.95,0.833,False,894.87,416.92,3.63,4.14,-1.57,-0.034
667.5,3677.61,0.6728,889.68,408.2,175.03,24.42,52.26,13.29,29.75,0.769,False,887.56,412.54,2.12,-4.34,1.47,-0.084
668.0,3695.96,0.6843,890.36,412.51,176.34,24.39,50.52,13.28,30.62,0.853,False,895.38,417.23,-5.02,-4.72,-0.19,-0.006
668.5,3700.57,0.6939,903.86,422.35,178.55,24.73,51.71,13.62,31.66,0.783,False,901.37,420.82,2.49,1.53,1.15,-0.077
669.0,3679.39,0.66,883.03,408.7,178.16,23.86,51.8,13.26,29.75,0.95,False,879.97,407.98,3.06,0.72,0.76,0.096
669.5,3623.41,0.6669,885.41,407.94,179.03,24.45,50.12,13.43,31.09,0.817,False,881.31,408.79,4.1,-0.85,-0.43,-0.02
670.0,3659.89,0.6598,876.55,406.02,175.75,24.02,48.17,13.13,28.69,0.805,False,878.87,407.32,-2.32,-1.3,-2.74,-0.043
670.5,3566.69,0.6399,866.03,397.67,172.26,23.69,50.09,12.85,30.08,0.863,False,862.27,397.36,3.76,0.31,-0.58,0.043
671.0,3653.22,0.6633,871.63,406.27,175.98,24.13,49.57,13.16,32.25,0.828,False,880.64,408.38,-9.01,-2.11,-1.24,-0.018
671.5,3597.61,0.6495,877.13,405.17,175.79,24.37,50.35,12.9,31.56,0.862,False,869.58,401.75,7.55,3.42,-0.34,0.033
672.0,3566.94,0.6231,848.87,393.76,171.17,23.38,51.23,12.58,30.28,0.84,False,852.21,391.32,-3.34,2.44,0.26,0.02
672.5,3648.02,0.6559,875.64,408.76,179.59,24.37,51.1,13.1,30.45,0.843,False,875.94,405.56,-0.3,3.2,0.19,-0.001
673.0,3630.13,0.658,882.86,405.87,172.46,24.17,50.19,13.16,30.34,0.803,False,876.31,405.78,6.55,0.09,-0.56,-0.036
673.5,3637.83,0.6464,876.58,401.9,173.66,24.19,50.18,12.92,30.03,0.776,False,869.73,401.84,6.85,0.06,-0.83,-0.065
674.0,3561.53,0.6281,854.19,394.33,173.63,23.62,50.5,12.51,29.36,0.797,False,854.94,392.96,-0.75,1.37,-0.34,-0.021
674.5,3561.53,0.6199,851.05,386.5,172.48,23.87,49.83,12.68,30.22,0.809,False,850.02,390.01,1.03,-3.51,-1.16,-0.009
675.0,3550.37,0.6204,852.48,390.42,169.28,23.28,51.55,12.45,30.59,0.835,False,849.76,389.86,2.72,0.56,0.64,0.02
675.5,3540.57,0.608,841.86,384.99,167.89,23.85,50.08,12.27,28.87,0.835,False,841.83,385.1,0.03,-0.11,-0.99,0.023
676.0,3491.39,0.6003,832.64,381.33,164.54,22.96,51.5,11.89,30.49,0.863,False,834.75,380.85,-2.11,0.48,0.61,0.066
676.5,3523.44,0.599,834.14,385.35,165.94,22.91,50.86,12.44,30.22,0.779,False,835.57,381.34,-1.43,4.01,-0.26,-0.028
677.0,3515.11,0.5983,833.32,388.13,165.71,23.58,51.87,12.07,29.45,0.839,False,834.74,380.84,-1.42,7.29,0.79,0.034
677.5,3483.44,0.5907,820.06,378.91,166.22,23.26,51.4,12.0,29.25,0.783,False,828.59,377.16,-8.53,1.75,0.39,-0.012
678.0,3490.37,0.5787,824.12,368.83,167.98,23.02,51.02,12.02,28.05,0.775,False,821.74,373.04,2.38,-4.21,-0.25,-0.022
678.5,3433.15,0.5716,816.27,368.42,162.64,23.22,51.36,11.78,29.69,0.852,False,814.62,368.77,1.65,-0.35,0.33,0.072
679.0,3422.15,0.573,805.86,364.94,162.15,23.0,50.33,11.85,29.13,0.743,False,814.91,368.94,-9.05,-4.0,-0.6,-0.034
679.5,3455.3,0.5712,808.56,369.19,159.01,22.7,50.29,11.94,28.95,0.746,False,815.49,369.29,-6.93,-0.1,-0.89,-0.041
680.0,3398.46,0.5591,801.41,369.16,160.54,22.85,50.54,11.65,30.46,0.836,False,805.38,363.23,-3.97,5.93,-0.49,0.066
680.5,3383.74,0.5447,797.65,359.86,158.8,22.59,52.17,11.51,30.61,0.766,False,796.01,357.6,1.64,2.26,0.98,0.001
681.0,3312.64,0.5447,786.88,355.78,156.78,22.79,49.47,11.3,28.99,0.807,False,792.45,355.47,-5.57,0.31,-1.26,0.063
681.5,3341.85,0.5331,787.49,354.62,159.0,22.46,49.03,11.16,29.25,0.761,False,786.95,352.17,0.54,2.45,-2.1,0.008
682.0,3335.67,0.5251,780.8,345.68,155.23,22.74,51.88,11.23,28.37,0.716,False,781.84,349.11,-1.04,-3.43,0.65,-0.035
682.5,3301.02,0.5189,775.36,344.27,154.52,22.11,50.88,11.15,27.94,0.753,False,776.39,345.83,-1.03,-1.56,-0.24,0.013
683.0,3328.09,0.5327,783.56,354.5,155.27,22.45,49.82,10.91,29.14,0.699,False,786.02,351.61,-2.46,2.89,-1.22,-0.049
683.5,3301.95,0.5119,780.37,342.94,156.26,22.25,50.64,10.59,30.4,0.692,False,772.24,343.34,8.13,-0.4,-0.61,-0.049
684.0,3307.77,0.5188,771.26,346.62,159.49,22.57,50.48,10.88,29.23,0.732,False,776.67,346.0,-5.41,0.62,-0.68,-0.01
684.5,3289.6,0.5099,761.23,343.19,153.58,22.15,51.41,11.03,29.86,0.702,False,770.42,342.25,-9.19,0.94,0.21,-0.035
685.0,3216.59,0.4902,747.0,332.92,154.77,21.52,51.11,10.54,29.15,0.679,False,754.95,332.97,-7.95,-0.05,0.03,-0.036
685.5,3145.88,0.4694,746.96,321.23,147.06,21.99,50.3,10.29,29.61,0.743,False,738.93,323.36,8.03,-2.13,-0.7,0.049
686.0,3143.46,0.4631,737.25,327.23,145.62,21.38,51.69,10.24,29.25,0.663,False,735.03,321.02,2.22,6.21,0.59,-0.03
686.5,3163.83,0.4638,742.57,321.04,147.21,21.29,53.42,10.18,29.57,0.699,False,736.47,321.88,6.1,-0.84,2.2,-0.0
687.0,3126.65,0.4627,724.68,325.01,147.24,21.52,49.69,10.0,29.55,0.767,False,733.95,320.37,-9.27,4.64,-1.3,0.079
687.5,3134.03,0.4482,725.92,314.62,148.7,21.18,52.7,9.98,28.57,0.741,False,725.62,315.37,0.3,-0.75,1.4,0.051
688.0,3122.98,0.45,733.12,319.48,147.65,20.52,51.74,9.98,28.57,0.712,False,726.15,315.69,6.97,3.79,0.54,0.025
688.5,3119.17,0.4422,719.29,316.87,145.68,21.3,51.82,10.01,29.36,0.677,False,721.28,312.77,-1.99,4.1,0.5,-0.009
689.0,3108.72,0.4421,730.1,315.61,142.85,21.66,48.7,9.93,27.98,0.757,False,720.7,312.42,9.4,3.19,-2.55,0.074
689.5,3052.26,0.4273,708.43,303.71,141.34,20.92,50.35,9.65,28.73,0.631,False,708.99,305.4,-0.56,-1.69,-0.8,-0.035
690.0,3007.88,0.4007,693.14,296.48,139.2,20.92,52.5,9.61,30.69,0.58,False,690.81,294.49,2.33,1.99,1.16,-0.072
690.5,2969.31,0.3878,683.66,288.46,137.64,20.37,50.49,8.94,27.94,0.675,False,681.15,288.69,2.51,-0.23,-0.83,0.034
691.0,2987.69,0.3974,690.96,292.27,139.85,20.38,49.94,9.21,28.5,0.613,False,687.82,292.69,3.14,-0.42,-1.33,-0.033
691.5,3058.98,0.4082,692.8,302.03,134.42,20.93,50.26,9.47,27.5,0.653,False,697.87,298.72,-5.07,3.31,-1.28,-0.015
692.0,2943.62,0.3792,684.04,284.61,139.2,20.23,53.13,8.64,27.8,0.613,False,674.7,284.82,9.34,-0.21,1.82,-0.02
692.5,2991.58,0.3951,676.04,287.96,135.27,20.72,52.27,9.08,27.72,0.675,False,686.64,291.98,-10.6,-4.02,0.94,0.028
693.0,2911.65,0.361,663.59,276.21,133.14,20.07,51.97,8.41,28.38,0.662,False,662.18,277.31,1.41,-1.1,0.54,0.039
693.5,2932.14,0.368,666.28,282.77,133.5,19.92,52.34,8.48,28.17,0.611,False,667.41,280.44,-1.13,2.33,0.91,-0.019
694.0,2885.74,0.3529,652.32,275.06,131.29,19.82,52.99,8.52,28.33,0.671,False,656.03,273.62,-3.71,1.44,1.58,0.055
694.5,2921.58,0.364,662.38,274.05,133.19,20.31,51.79,8.14,28.61,0.66,False,664.48,278.69,-2.1,-4.64,0.35,0.034
695.0,2868.77,0.3396,649.35,265.67,131.78,19.5,51.34,8.27,27.06,0.617,False,647.2,268.32,2.15,-2.65,-0.19,0.006
695.5,2895.89,0.3484,656.19,266.45,127.84,19.91,51.35,8.35,29.31,0.616,False,653.83,272.3,2.36,-5.85,-0.2,-0.003
696.0,2853.23,0.3334,641.98,272.8,126.46,19.55,50.29,8.44,28.31,0.578,False,642.7,265.62,-0.72,7.18,-1.25,-0.028
696.5,2807.87,0.3121,628.06,259.98,125.13,19.47,51.81,7.79,27.38,0.537,False,627.65,256.59,0.41,3.39,0.18,-0.055
697.0,2811.33,0.3184,635.82,260.52,125.92,19.77,52.51,8.18,28.71,0.584,False,631.61,258.96,4.21,1.56,0.97,-0.009
697.5,2791.06,0.3102,619.17,251.57,122.38,19.32,51.06,7.64,27.6,0.579,False,625.67,255.4,-6.5,-3.83,-0.5,-0.008
698.0,2817.95,0.3111,627.81,253.23,126.4,19.36,51.17,7.74,27.12,0.576,False,627.56,256.53,0.25,-3.3,-0.55,-0.019
698.5,2760.87,0.3003,626.82,252.64,124.39,19.14,50.23,7.62,26.84,0.473,False,618.22,250.93,8.6,1.71,-1.31,-0.105
699.0,2719.97,0.2752,601.34,238.57,120.7,18.46,51.86,7.52,27.1,0.485,False,601.12,240.67,0.22,-2.1,0.13,-0.081
699.5,2711.14,0.2742,600.1,235.03,124.5,18.59,51.23,7.16,26.36,0.538,False,600.08,240.05,0.02,-5.02,-0.46,-0.025
700.0,2720.58,0.2779,599.55,237.86,121.25,18.99,51.8,7.41,27.13,0.562,False,602.77,241.66,-3.22,-3.8,0.12,-0.004
700.5,2678.88,0.263,601.81,234.94,118.12,18.73,50.75,7.26,27.46,0.53,False,591.74,235.05,10.07,-0.11,-0.93,-0.024
701.0,2668.32,0.2672,588.85,237.28,119.21,18.93,52.53,7.19,26.76,0.55,False,593.74,236.24,-4.89,1.04,1.0,-0.0
701.5,2647.74,0.2552,586.55,230.75,119.0,18.44,54.53,7.14,26.14,0.549,False,585.51,231.3,1.04,-0.55,2.91,0.005
702.0,2625.13,0.2528,575.84,226.87,117.75,18.19,49.82,7.07,26.84,0.512,False,582.94,229.76,-7.1,-2.89,-1.69,-0.026
702.5,2555.08,0.2338,571.93,219.28,112.83,18.34,51.28,6.6,25.28,0.54,False,568.03,220.82,3.9,-1.54,-0.12,0.023
703.0,2572.81,0.2333,563.93,221.51,114.78,18.29,53.56,6.8,26.78,0.554,False,568.62,221.17,-4.69,0.34,2.04,0.032
703.5,2567.88,0.2268,570.91,215.96,112.93,18.41,51.97,6.55,25.45,0.429,False,564.47,218.68,6.44,-2.72,0.36,-0.091
704.0,2608.69,0.241,571.81,225.89,113.05,18.31,50.45,6.6,25.24,0.467,False,575.03,225.02,-3.22,0.87,-1.17,-0.066
704.5,2541.54,0.2245,565.44,220.53,112.59,18.08,51.77,6.51,27.76,0.593,False,561.78,217.07,3.66,3.46,0.29,0.081
705.0,2514.38,0.223,559.46,217.0,113.26,17.78,49.52,6.74,26.34,0.458,False,559.52,215.71,-0.06,1.29,-1.81,-0.046
705.5,2507.81,0.2,540.89,207.72,107.04,17.45,53.36,6.26,26.33,0.479,False,545.39,207.23,-4.5,0.49,1.66,-0.023
706.0,2541.36,0.2118,559.3,210.39,110.81,18.05,50.97,6.36,26.23,0.525,False,554.15,212.49,5.15,-2.1,-0.74,0.013
706.5,2511.44,0.2,546.55,206.39,109.9,17.73,50.85,6.28,27.07,0.48,False,545.57,207.34,0.98,-0.95,-0.87,-0.023
707.0,2496.34,0.2,542.24,211.58,109.63,17.8,50.53,6.31,26.11,0.474,False,544.82,206.89,-2.58,4.69,-1.1,-0.025
707.5,2507.75,0.2,532.48,206.53,109.25,17.73,51.84,5.93,24.34,0.461,False,545.39,207.23,-12.91,-0.7,0.14,-0.041
708.0,2435.5,0.2,540.78,201.23,108.51,18.19,51.39,6.18,27.27,0.501,False,541.77,205.06,-1.0,-3.84,0.16,0.02
708.5,2518.53,0.2,547.36,207.87,108.72,17.73,52.75,6.15,27.59,0.458,False,545.93,207.56,1.43,0.31,0.98,-0.048
709.0,2509.44,0.2,540.16,208.53,107.7,17.81,51.07,6.18,27.35,0.521,False,545.47,207.28,-5.31,1.25,-0.64,0.018
709.5,2478.64,0.2,546.35,208.03,107.65,18.12,52.63,6.11,26.02,0.491,False,543.93,206.36,2.42,1.67,1.12,-0.003
710.0,2525.12,0.2,549.92,207.11,110.36,17.96,51.72,6.26,27.08,0.52,False,546.26,207.75,3.66,-0.64,-0.09,0.012
710.5,2486.45,0.2,543.56,204.88,106.05,17.94,52.07,6.0,26.41,0.493,False,544.32,206.59,-0.76,-1.71,0.51,-0.003
711.0,2478.36,0.2,538.23,208.56,105.93,17.75,51.26,6.18,26.8,0.564,False,543.92,206.35,-5.69,2.21,-0.25,0.07
711.5,2517.53,0.2,532.44,211.18,104.91,18.29,51.18,6.39,27.47,0.483,False,545.88,207.53,-13.44,3.65,-0.58,-0.022
712.0,2483.26,0.2,548.94,205.73,107.36,17.91,50.57,6.15,26.69,0.474,False,544.16,206.5,4.78,-0.77,-0.97,-0.021
712.5,2530.7,0.2,543.98,205.92,108.65,17.89,50.41,6.26,26.8,0.428,False,546.53,207.92,-2.55,-2.0,-1.44,-0.081
713.0,2529.22,0.2,541.0,203.63,109.46,17.51,53.29,6.13,27.9,0.467,False,546.46,207.88,-5.46,-4.25,1.45,-0.042
713.5,2525.34,0.2,543.38,207.82,111.19,17.69,50.14,5.98,27.07,0.516,False,546.27,207.76,-2.89,0.06,-1.67,0.008
714.0,2494.52,0.2,537.85,199.94,114.74,17.91,51.81,6.24,25.45,0.468,False,544.73,206.84,-6.88,-6.9,0.2,-0.03
714.5,2513.17,0.2,541.18,203.32,107.97,17.74,54.11,6.17,25.65,0.498,False,545.66,207.4,-4.48,-4.08,2.37,-0.006
715.0,2474.39,0.2,547.01,210.63,109.28,17.64,51.02,5.95,26.49,0.512,False,543.72,206.23,3.29,4.4,-0.46,0.02
715.5,2538.79,0.2,548.96,201.62,105.46,17.6,53.54,6.33,27.9,0.5,False,546.94,208.16,2.02,-6.54,1.64,-0.012
716.0,2475.05,0.2,546.75,206.41,108.53,18.12,51.5,6.4,25.33,0.608,False,543.75,206.25,3.0,0.16,0.01,0.115
716.5,2514.14,0.2,549.33,205.51,110.64,17.97,50.79,6.09,26.64,0.495,False,545.71,207.42,3.62,-1.91,-0.95,-0.009
717.0,2514.05,0.2,544.65,208.82,104.91,17.68,52.0,6.37,26.76,0.558,False,545.7,207.42,-1.05,1.4,0.26,0.054
717.5,2490.23,0.2,544.3,208.23,108.1,18.11,50.32,6.25,27.19,0.487,False,544.51,206.71,-0.21,1.52,-1.27,-0.01
718.0,2498.48,0.2,549.06,205.5,106.86,18.03,52.13,6.35,27.21,0.587,False,544.92,206.95,4.14,-1.45,0.49,0.087
718.5,2485.52,0.2,547.35,205.33,108.09,17.52,51.31,6.28,26.55,0.456,False,544.28,206.57,3.07,-1.24,-0.25,-0.04
719.0,2542.24,0.2,546.63,204.53,109.92,18.24,52.39,5.78,28.72,0.426,False,547.11,208.27,-0.48,-3.74,0.47,-0.087
719.5,2477.33,0.2,541.3,207.85,104.86,17.78,53.03,6.07,25.49,0.494,False,543.87,206.32,-2.57,1.53,1.53,0.001
720.0,2488.1,0.2,539.06,208.56,110.19,17.59,50.54,6.22,25.83,0.507,False,544.4,206.64,-5.35,1.92,-1.03,0.011
720.5,2498.8,0.2,538.93,208.18,108.64,17.77,52.22,6.3,26.63,0.498,False,544.94,206.96,-6.01,1.22,0.58,-0.002
721.0,2524.01,0.2,549.17,207.39,106.99,18.03,51.82,6.11,26.41,0.461,False,546.2,207.72,2.97,-0.33,0.01,-0.046
721.5,2513.66,0.2,545.91,206.87,107.64,17.37,49.95,6.09,25.89,0.512,False,545.68,207.41,0.23,-0.54,-1.79,0.008
722.0,2497.43,0.2,552.04,204.65,108.73,17.79,52.96,6.22,26.71,0.434,False,544.87,206.92,7.17,-2.27,1.33,-0.065
722.5,2521.92,0.2,534.62,211.03,110.0,17.65,50.65,6.48,27.73,0.495,False,546.1,207.66,-11.48,3.37,-1.14,-0.012
723.0,2487.08,0.2,545.67,204.98,108.84,18.16,51.54,6.04,25.51,0.505,False,544.35,206.61,1.32,-1.63,-0.03,0.009
723.5,2504.93,0.2,536.9,209.07,106.88,17.81,51.24,6.46,26.74,0.578,False,545.25,207.15,-8.35,1.92,-0.44,0.077
724.0,2528.51,0.2,543.96,208.04,111.44,17.98,52.29,6.15,26.47,0.546,False,546.43,207.86,-2.47,0.18,0.45,0.037
724.5,2488.14,0.2,541.28,204.29,110.66,17.61,52.63,6.28,26.16,0.563,False,544.41,206.64,-3.13,-2.35,1.06,0.067
725.0,2533.19,0.2,546.59,200.78,112.18,17.99,51.14,6.06,25.34,0.597,False,546.66,208.0,-0.07,-7.22,-0.73,0.087
725.5,2474.73,0.2,546.34,202.09,107.04,18.0,52.21,6.14,26.61,0.482,False,543.74,206.24,2.6,-4.15,0.72,-0.01
726.0,2484.76,0.2,542.1,205.17,107.55,18.01,52.57,6.06,25.64,0.494,False,544.24,206.54,-2.14,-1.37,1.02,-0.001
726.5,2479.45,0.2,544.19,207.27,108.78,17.71,53.04,6.27,27.28,0.524,False,543.97,206.38,0.22,0.89,1.52,0.03
727.0,2531.69,0.2,551.66,213.97,111.43,17.67,52.67,6.31,28.14,0.461,False,546.58,207.95,5.08,6.02,0.81,-0.049
727.5,2486.38,0.2,547.56,206.36,109.96,17.52,52.6,6.23,26.72,0.578,False,544.32,206.59,3.24,-0.23,1.04,0.082
728.0,2506.85,0.2,545.5,207.59,113.44,17.81,50.97,6.48,26.35,0.436,False,545.34,207.21,0.16,0.38,-0.72,-0.066
728.5,2475.07,0.2,536.0,205.91,108.86,18.04,52.41,6.29,25.89,0.535,False,543.75,206.25,-7.75,-0.34,0.92,0.042
729.0,2507.89,0.2,547.11,203.21,111.11,18.16,52.04,6.11,26.47,0.483,False,545.39,207.24,1.72,-4.03,0.34,-0.019
729.5,2512.96,0.2,546.4,210.01,109.74,17.63,51.05,6.12,26.45,0.572,False,545.65,207.39,0.75,2.62,-0.68,0.068
730.0,2516.73,0.2,545.59,202.92,109.44,17.64,53.61,5.96,26.91,0.465,False,545.84,207.5,-0.25,-4.58,1.85,-0.04
730.5,2513.32,0.2,550.11,206.82,110.52,17.67,51.94,6.35,26.87,0.479,False,545.67,207.4,4.44,-0.58,0.2,-0.025
731.0,2520.31,0.2,539.54,204.17,110.2,17.71,49.91,6.4,25.72,0.492,False,546.02,207.61,-6.48,-3.44,-1.87,-0.014
731.5,2494.05,0.2,540.58,209.14,109.22,18.0,50.92,6.52,25.08,0.437,False,544.7,206.82,-4.12,2.32,-0.69,-0.061
732.0,2509.48,0.2,546.71,208.29,110.14,17.86,50.49,6.32,27.13,0.557,False,545.47,207.28,1.24,1.01,-1.22,0.054
732.5,2506.61,0.2,538.86,212.32,106.96,17.87,51.34,6.14,27.21,0.51,False,545.33,207.2,-6.47,5.12,-0.35,0.008
733.0,2483.69,0.2,544.13,204.69,108.6,17.78,53.86,6.16,24.9,0.556,False,544.18,206.51,-0.05,-1.82,2.32,0.061
733.5,2497.38,0.2,542.81,204.16,112.88,17.81,49.56,6.25,27.56,0.506,False,544.87,206.92,-2.06,-2.76,-2.07,0.007
734.0,2480.18,0.2,540.41,211.56,108.86,17.46,52.11,6.22,26.24,0.459,False,544.01,206.41,-3.6,5.15,0.59,-0.035
734.5,2521.73,0.2,546.24,208.44,109.49,17.87,51.09,6.17,27.53,0.557,False,546.09,207.65,0.15,0.79,-0.7,0.05
735.0,2495.83,0.2,549.2,212.65,112.56,17.64,53.18,6.21,27.44,0.532,False,544.79,206.87,4.41,5.78,1.56,0.033
735.5,2511.0,0.2,550.03,206.94,108.51,17.49,52.47,6.23,25.86,0.487,False,545.55,207.33,4.48,-0.39,0.75,-0.016
736.0,2488.83,0.2,545.01,201.75,111.7,17.8,50.33,5.83,27.42,0.522,False,544.44,206.66,0.57,-4.91,-1.25,0.025
736.5,2517.27,0.2,549.3,207.58,108.49,17.72,52.16,6.41,26.52,0.559,False,545.86,207.52,3.44,0.06,0.4,0.054
737.0,2507.61,0.2,557.03,211.96,112.36,17.64,54.28,6.19,26.42,0.414,False,545.38,207.23,11.65,4.73,2.58,-0.088
737.5,2478.33,0.2,547.04,203.52,112.6,17.91,54.39,6.05,27.84,0.428,False,543.92,206.35,3.12,-2.83,2.88,-0.065
738.0,2487.37,0.2,542.76,205.45,107.17,17.55,51.12,6.22,27.53,0.512,False,544.37,206.62,-1.61,-1.17,-0.45,0.016
738.5,2475.29,0.2019,544.24,209.98,109.97,17.65,52.77,6.15,25.99,0.521,False,544.9,206.94,-0.66,3.04,1.31,0.028
739.0,2489.54,0.2,542.22,203.79,108.21,18.02,51.94,6.34,27.01,0.476,False,544.48,206.69,-2.26,-2.9,0.36,-0.021
739.5,2481.46,0.2,541.64,204.75,110.96,17.99,54.3,6.09,27.88,0.564,False,544.07,206.44,-2.43,-1.69,2.77,0.07
740.0,2521.01,0.2046,554.55,208.83,109.4,17.74,48.81,6.28,26.07,0.46,False,548.81,209.29,5.74,-0.46,-2.89,-0.046
740.5,2513.38,0.217,561.33,215.83,110.66,18.02,50.19,6.57,26.89,0.523,False,555.87,213.52,5.46,2.31,-1.24,0.019
741.0,2546.34,0.2237,554.57,220.17,113.81,18.02,52.1,6.74,27.7,0.495,False,561.54,216.92,-6.97,3.25,0.58,-0.019
741.5,2498.15,0.2098,550.55,215.65,108.96,17.82,50.89,6.27,26.67,0.456,False,550.79,210.47,-0.24,5.18,-0.57,-0.043
742.0,2601.28,0.2417,587.61,221.61,118.22,18.66,51.08,6.77,26.2,0.495,False,575.08,225.05,12.53,-3.44,-0.48,-0.035
742.5,2593.08,0.2371,563.86,230.0,113.86,18.33,50.83,6.72,26.61,0.528,False,571.91,223.15,-8.05,6.85,-0.76,0.0
743.0,2624.29,0.2433,577.51,227.94,115.26,18.45,51.28,7.0,27.2,0.526,False,577.19,226.32,0.32,1.62,-0.4,-0.011
743.5,2617.78,0.248,579.94,227.71,114.84,18.62,52.56,7.19,26.5,0.563,False,579.69,227.81,0.25,-0.1,1.01,0.028
744.0,2609.87,0.2373,564.77,220.28,115.08,18.2,50.67,6.69,27.48,0.491,False,572.87,223.72,-8.1,-3.44,-1.02,-0.042
744.5,2648.66,0.2625,594.41,236.73,114.39,18.88,50.81,7.17,26.35,0.562,False,589.93,233.96,4.48,2.77,-0.68,0.017
745.0,2740.7,0.2953,611.77,247.74,119.88,19.42,51.86,7.47,26.55,0.572,False,614.22,248.53,-2.45,-0.79,0.36,-0.0
745.5,2691.65,0.2859,612.82,244.08,119.59,18.91,53.6,7.28,26.7,0.603,False,606.12,243.67,6.7,0.41,2.25,0.046
746.0,2698.14,0.2856,611.87,247.27,122.07,18.88,50.95,7.53,26.24,0.617,False,606.27,243.76,5.6,3.51,-0.45,0.058
746.5,2763.7,0.3074,624.62,257.26,128.48,19.61,49.38,7.76,27.86,0.561,False,622.62,253.57,2.0,3.69,-2.05,-0.018
747.0,2820.61,0.3152,624.45,256.63,124.21,19.37,51.18,8.07,26.81,0.482,False,630.15,258.09,-5.7,-1.46,-0.48,-0.114
747.5,2700.47,0.2884,605.82,246.02,119.66,18.8,50.38,7.36,26.86,0.542,False,608.06,244.84,-2.24,1.18,-0.98,-0.018
748.0,2776.43,0.3185,629.12,256.91,127.8,19.43,52.7,7.8,27.51,0.566,False,629.92,257.95,-0.8,-1.04,1.39,-0.017
748.5,2764.98,0.3065,630.9,250.78,124.19,19.03,49.71,7.68,27.09,0.564,False,622.15,253.29,8.75,-2.51,-1.75,-0.015
749.0,2776.48,0.3238,631.61,262.35,124.23,19.46,51.78,7.94,27.86,0.532,False,633.1,259.86,-1.49,2.49,0.56,-0.051
749.5,2862.85,0.3422,648.38,272.24,128.96,19.67,53.05,8.61,27.18,0.602,False,648.46,269.08,-0.08,3.16,1.6,-0.007
750.0,2876.21,0.3511,657.53,275.07,129.79,20.0,51.38,8.28,27.02,0.587,False,654.47,272.68,3.06,2.39,0.0,-0.026
0.5,2506.29,0.2,542.86,205.48,109.56,18.0,52.11,6.16,25.41,0.469,False,545.31,207.19,-2.45,-1.71,0.42,-0.033
1.0,2487.05,0.2,550.77,200.61,110.09,17.7,52.24,5.91,26.44,0.523,False,544.35,206.61,6.42,-6.0,0.67,0.027
1.5,2500.63,0.2,549.7,208.26,109.52,17.54,51.12,6.1,26.46,0.623,False,545.03,207.02,4.67,1.24,-0.53,0.123
2.0,2493.76,0.2,548.69,208.74,110.68,17.95,49.11,6.21,25.28,0.437,False,544.69,206.81,4.0,1.93,-2.5,-0.061
2.5,2522.27,0.2,544.54,203.36,106.4,17.84,49.32,6.44,27.23,0.543,False,546.11,207.67,-1.57,-4.31,-2.47,0.036
3.0,2526.68,0.2,550.04,211.26,108.39,17.85,50.72,6.5,26.84,0.525,False,546.33,207.8,3.71,3.46,-1.1,0.017
3.5,2485.18,0.2,543.35,206.19,107.34,17.59,52.9,6.12,26.82,0.501,False,544.26,206.56,-0.91,-0.37,1.35,0.005
4.0,2488.98,0.2,542.81,209.51,109.06,17.59,50.6,6.11,25.78,0.553,False,544.45,206.67,-1.64,2.84,-0.98,0.056
4.5,2499.73,0.2,553.5,204.5,107.82,18.26,49.9,6.09,25.82,0.491,False,544.99,206.99,8.51,-2.49,-1.75,-0.009
5.0,2505.91,0.2,549.97,210.35,108.04,17.83,49.96,6.28,25.33,0.562,False,545.3,207.18,4.67,3.17,-1.73,0.06
5.5,2459.02,0.2,548.7,207.61,107.0,18.23,51.04,6.53,26.46,0.51,False,542.95,205.77,5.75,1.84,-0.34,0.022
6.0,2455.82,0.2,541.49,207.57,107.28,17.64,50.18,6.17,26.01,0.607,False,542.79,205.67,-1.3,1.9,-1.18,0.12
6.5,2482.68,0.2,545.15,208.45,108.76,17.88,50.11,6.06,25.62,0.428,False,544.13,206.48,1.02,1.97,-1.43,-0.067
7.0,2514.63,0.2,544.46,198.39,108.29,18.03,51.17,6.24,26.85,0.505,False,545.73,207.44,-1.27,-9.05,-0.58,0.001
7.5,2478.38,0.2,541.07,205.3,110.76,17.72,49.3,6.3,26.14,0.48,False,543.92,206.35,-2.85,-1.05,-2.21,-0.014
8.0,2488.63,0.2,550.24,205.76,108.14,17.93,51.36,5.98,24.41,0.501,False,544.43,206.66,5.81,-0.9,-0.22,0.004
8.5,2528.71,0.2,534.48,201.28,106.62,17.84,51.58,5.94,26.19,0.539,False,546.44,207.86,-11.96,-6.58,-0.26,0.03
9.0,2477.13,0.2,549.61,203.63,107.65,17.91,51.56,5.89,27.36,0.515,False,543.86,206.31,5.75,-2.68,0.06,0.022
9.5,2527.08,0.2,538.75,210.86,109.08,18.25,50.33,6.08,26.41,0.455,False,546.35,207.81,-7.6,3.05,-1.5,-0.053
10.0,2515.07,0.2,547.34,200.47,108.05,17.91,52.04,6.05,26.69,0.501,False,545.75,207.45,1.59,-6.98,0.29,-0.004
10.5,2490.92,0.2,545.44,204.09,110.78,17.68,53.03,5.8,26.33,0.5,False,544.55,206.73,0.89,-2.64,1.44,0.003
11.0,2503.29,0.2,540.46,209.22,108.59,17.73,52.67,6.32,26.75,0.486,False,545.16,207.1,-4.7,2.12,1.0,-0.015
11.5,2495.46,0.2,548.29,207.67,106.87,17.87,49.78,6.18,26.55,0.505,False,544.77,206.86,3.52,0.81,-1.84,0.006
12.0,2491.51,0.2,541.32,212.38,106.41,17.75,52.56,6.09,26.35,0.536,False,544.58,206.75,-3.26,5.63,0.97,0.039
12.5,2505.66,0.2,542.29,204.61,108.17,18.27,50.77,6.16,27.62,0.458,False,545.28,207.17,-2.99,-2.56,-0.92,-0.044
13.0,2490.33,0.2,543.53,207.66,107.78,18.18,51.94,6.3,26.53,0.571,False,544.52,206.71,-0.99,0.95,0.35,0.074
13.5,2473.12,0.2,537.09,206.47,107.28,17.79,51.45,6.19,25.73,0.484,False,543.66,206.19,-6.57,0.28,-0.03,-0.008
14.0,2504.35,0.2,538.82,206.4,109.61,18.15,52.64,6.15,26.19,0.512,False,545.22,207.13,-6.4,-0.73,0.96,0.011
14.5,2508.58,0.2,551.16,201.31,110.76,17.84,51.35,6.02,26.16,0.496,False,545.43,207.26,5.73,-5.95,-0.36,-0.007
15.0,2514.67,0.2,549.37,203.96,111.27,17.68,52.16,5.86,26.27,0.457,False,545.73,207.44,3.64,-3.48,0.41,-0.047
15.5,2488.88,0.2,543.7,208.15,108.31,17.51,50.89,5.92,25.22,0.578,False,544.44,206.67,-0.74,1.48,-0.69,0.081
16.0,2492.49,0.2,548.91,208.44,110.56,17.39,52.38,6.43,27.65,0.503,False,544.62,206.77,4.29,1.67,0.78,0.005
16.5,2520.14,0.2,540.79,211.47,107.31,17.42,51.37,6.02,26.99,0.5,False,546.01,207.6,-5.22,3.87,-0.41,-0.006
17.0,2490.13,0.2,545.26,204.08,112.94,17.78,52.93,6.25,25.1,0.512,False,544.51,206.7,0.75,-2.62,1.34,0.015
17.5,2496.86,0.2,547.71,204.68,108.25,17.81,51.97,6.15,26.87,0.489,False,544.84,206.91,2.87,-2.23,0.34,-0.01
18.0,2465.47,0.2,549.32,212.25,109.98,17.66,51.63,6.32,26.91,0.515,False,543.27,205.96,6.05,6.29,0.2,0.025
18.5,2517.57,0.2,552.01,202.01,107.79,17.76,53.75,6.45,27.69,0.475,False,545.88,207.53,6.13,-5.52,1.99,-0.03
19.0,2508.8,0.2,542.64,207.15,106.6,18.12,51.29,6.01,27.32,0.548,False,545.44,207.26,-2.8,-0.11,-0.42,0.045
19.5,2467.17,0.2,552.2,205.53,105.74,17.87,50.16,6.35,26.4,0.502,False,543.36,206.02,8.84,-0.49,-1.28,0.012
20.0,2477.58,0.2,540.04,210.24,111.22,17.64,52.99,6.23,26.33,0.507,False,543.88,206.33,-3.84,3.91,1.49,0.014
20.5,2543.76,0.2,552.82,204.66,107.25,17.8,51.75,6.19,27.66,0.535,False,547.19,208.31,5.63,-3.65,-0.18,0.022
21.0,2496.82,0.2,540.89,209.84,110.54,17.69,50.75,6.34,25.58,0.523,False,544.84,206.9,-3.95,2.94,-0.88,0.024
21.5,2509.18,0.2,549.19,203.44,108.93,18.03,52.61,6.39,26.38,0.511,False,545.46,207.28,3.73,-3.84,0.9,0.008
22.0,2525.47,0.2,539.26,204.73,108.84,17.6,51.91,6.07,26.66,0.446,False,546.27,207.76,-7.01,-3.03,0.09,-0.062
22.5,2477.9,0.2,540.71,207.08,108.72,17.44,52.27,6.15,26.53,0.51,False,543.89,206.34,-3.18,0.74,0.76,0.017
23.0,2517.85,0.2,538.34,211.76,110.08,17.73,50.34,6.23,27.18,0.485,False,545.89,207.54,-7.55,4.22,-1.43,-0.02
23.5,2468.16,0.2,536.21,212.74,108.28,17.83,51.64,6.47,26.69,0.387,False,543.41,206.04,-7.2,6.7,0.2,-0.103
24.0,2480.31,0.2,543.82,201.36,109.38,18.01,50.44,6.29,27.19,0.548,False,544.02,206.41,-0.2,-5.05,-1.08,0.054
24.5,2495.85,0.2,541.99,203.08,111.49,17.44,51.59,6.69,27.75,0.514,False,544.79,206.88,-2.8,-3.8,-0.03,0.015
25.0,2527.72,0.2,541.86,209.22,107.04,17.77,53.43,6.57,26.28,0.522,False,546.39,207.83,-4.53,1.39,1.6,0.014
25.5,2512.03,0.2,538.43,204.86,107.5,18.04,53.22,6.51,27.84,0.466,False,545.6,207.36,-7.17,-2.5,1.49,-0.038
26.0,2478.94,0.2,553.83,210.66,110.43,17.93,49.38,6.16,25.43,0.463,False,543.95,206.37,9.88,4.29,-2.13,-0.031
26.5,2471.91,0.2,544.31,210.76,108.82,17.76,52.96,6.11,25.58,0.448,False,543.6,206.16,0.71,4.6,1.49,-0.044
27.0,2497.5,0.2,545.75,206.77,110.59,18.01,52.24,6.05,26.79,0.491,False,544.88,206.93,0.88,-0.16,0.61,-0.008
27.5,2480.66,0.2,538.76,211.87,111.09,18.06,49.53,6.49,27.13,0.513,False,544.03,206.42,-5.27,5.45,-1.99,0.019
28.0,2505.41,0.2,538.11,206.35,108.74,17.49,51.61,6.34,25.99,0.553,False,545.27,207.16,-7.16,-0.81,-0.08,0.051
28.5,2494.57,0.2,548.07,202.62,110.04,17.82,51.82,6.39,28.31,0.434,False,544.73,206.84,3.34,-4.22,0.21,-0.064
29.0,2513.05,0.2,537.14,204.21,108.06,17.22,53.78,6.21,26.68,0.523,False,545.65,207.39,-8.51,-3.18,2.05,0.019
29.5,2520.39,0.2,550.85,207.9,110.08,17.71,50.26,5.92,26.68,0.502,False,546.02,207.61,4.83,0.29,-1.52,-0.004
30.0,2506.39,0.2,544.21,211.7,108.11,17.52,50.44,6.04,27.24,0.58,False,545.32,207.19,-1.11,4.51,-1.25,0.078
0.5,2570.9,0.2313,582.52,221.03,114.69,18.16,50.61,6.66,26.9,0.495,False,567.32,220.39,15.2,0.64,-0.94,-0.026
1.0,2553.88,0.2313,572.59,218.14,116.26,17.65,52.47,6.8,26.74,0.591,False,566.47,219.88,6.12,-1.74,1.03,0.075
1.5,2579.58,0.2313,567.58,218.91,114.06,17.92,53.38,6.66,27.29,0.595,False,567.76,220.66,-0.18,-1.75,1.78,0.071
2.0,2569.07,0.2313,557.89,220.61,115.78,18.06,52.04,6.83,27.9,0.494,False,567.23,220.34,-9.34,0.27,0.5,-0.027
2.5,2582.47,0.2313,570.7,216.85,114.26,18.13,52.87,6.59,26.32,0.512,False,567.9,220.74,2.8,-3.89,1.25,-0.013
3.0,2567.85,0.2313,561.46,217.61,113.99,18.08,53.52,6.59,28.0,0.516,False,567.17,220.3,-5.71,-2.69,1.99,-0.004
3.5,2593.03,0.2313,563.26,222.21,113.26,18.29,53.57,6.52,26.94,0.457,False,568.43,221.06,-5.17,1.15,1.88,-0.071
4.0,2546.63,0.2313,566.24,218.49,113.58,18.24,50.74,6.63,26.63,0.522,False,566.11,219.67,0.13,-1.18,-0.65,0.008
4.5,2587.56,0.2313,563.49,223.74,112.73,18.16,49.59,6.75,27.86,0.499,False,568.16,220.89,-4.67,2.85,-2.07,-0.027
5.0,2584.6,0.2313,568.94,217.57,113.38,18.31,51.95,6.81,26.51,0.436,False,568.01,220.81,0.93,-3.24,0.31,-0.089
5.5,2595.34,0.2313,568.02,221.85,115.59,18.4,51.68,6.52,27.77,0.517,False,568.55,221.13,-0.53,0.72,-0.03,-0.012
6.0,2584.9,0.2313,568.49,219.98,112.82,18.03,53.87,6.67,26.2,0.594,False,568.02,220.81,0.47,-0.84,2.23,0.069
6.5,2605.38,0.2313,568.12,223.28,113.63,18.36,50.56,6.83,26.55,0.511,False,569.05,221.43,-0.93,1.85,-1.21,-0.021
7.0,2566.6,0.2313,562.28,220.61,115.72,18.32,51.91,6.69,28.29,0.567,False,567.11,220.27,-4.83,0.34,0.39,0.047
7.5,2571.25,0.2313,570.97,216.71,113.11,18.46,52.9,6.63,27.36,0.527,False,567.34,220.41,3.63,-3.7,1.35,0.006
8.0,2595.37,0.2313,566.25,226.65,109.79,18.24,51.63,6.6,27.17,0.584,False,568.55,221.13,-2.3,5.52,-0.08,0.055
8.5,2598.17,0.2313,579.41,222.24,115.16,18.33,53.67,6.74,25.8,0.584,False,568.69,221.21,10.72,1.03,1.95,0.055
9.0,2620.49,0.2313,570.6,224.55,109.32,18.18,54.08,6.65,27.97,0.494,False,569.8,221.88,0.8,2.67,2.21,-0.042
9.5,2596.1,0.2313,566.82,223.64,112.86,18.24,54.32,6.52,26.76,0.546,False,568.58,221.15,-1.76,2.49,2.61,0.017
10.0,2573.98,0.2313,569.22,226.31,113.43,18.1,50.32,6.53,26.88,0.504,False,567.48,220.49,1.74,5.82,-1.25,-0.018
10.5,2595.35,0.2313,567.01,218.78,113.15,18.47,52.75,6.64,26.4,0.551,False,568.55,221.13,-1.54,-2.35,1.04,0.022
11.0,2586.95,0.2313,573.19,217.66,113.53,18.44,52.02,7.1,26.99,0.515,False,568.13,220.88,5.06,-3.22,0.37,-0.011
11.5,2583.6,0.2313,572.71,217.17,114.2,17.81,51.69,6.5,26.26,0.521,False,567.96,220.78,4.75,-3.61,0.06,-0.004
12.0,2552.03,0.2313,561.95,219.04,113.49,18.24,52.48,6.63,28.17,0.508,False,566.38,219.83,-4.43,-0.79,1.06,-0.008
12.5,2564.56,0.2313,557.89,221.93,116.2,18.34,52.98,6.87,27.25,0.509,False,567.01,220.2,-9.12,1.73,1.47,-0.01
13.0,2580.38,0.2313,561.25,217.11,110.14,17.92,51.58,6.71,26.91,0.596,False,567.8,220.68,-6.55,-3.57,-0.03,0.072
13.5,2569.09,0.2313,574.91,223.56,111.14,18.29,52.88,6.55,26.97,0.502,False,567.23,220.34,7.68,3.22,1.34,-0.019
14.0,2583.91,0.2313,567.34,219.63,113.91,18.3,52.28,6.75,27.53,0.49,False,567.98,220.79,-0.64,-1.16,0.65,-0.035
14.5,2612.83,0.2313,565.37,219.8,112.94,17.96,54.05,6.67,26.47,0.581,False,569.42,221.65,-4.05,-1.85,2.23,0.047
15.0,2598.05,0.2313,567.47,220.21,115.41,18.39,52.09,6.65,27.25,0.613,False,568.68,221.21,-1.21,-1.0,0.37,0.084
15.5,2569.68,0.2313,566.44,219.84,113.1,18.54,51.73,6.8,25.98,0.527,False,567.26,220.36,-0.82,-0.52,0.19,0.006
16.0,2603.84,0.2313,567.34,217.54,116.69,18.36,52.77,6.69,24.84,0.514,False,568.97,221.38,-1.63,-3.84,1.01,-0.017
16.5,2599.64,0.2313,565.81,220.8,113.58,18.37,49.5,7.06,28.14,0.562,False,568.76,221.26,-2.95,-0.46,-2.23,0.032
17.0,2571.09,0.2313,569.21,217.66,113.47,18.38,52.64,6.74,26.88,0.48,False,567.33,220.4,1.88,-2.74,1.09,-0.041
17.5,2582.85,0.2313,559.71,217.94,112.82,18.43,52.21,6.65,27.73,0.48,False,567.92,220.75,-8.21,-2.81,0.58,-0.045
18.0,2564.0,0.2313,568.2,218.91,113.38,18.06,48.76,6.5,27.44,0.55,False,566.98,220.19,1.22,-1.28,-2.74,0.031
18.5,2567.1,0.2313,564.03,219.56,110.4,18.5,52.49,6.73,27.76,0.459,False,567.13,220.28,-3.11,-0.72,0.97,-0.061
19.0,2525.59,0.2313,561.46,221.0,115.54,18.4,49.82,6.68,27.76,0.514,False,565.06,219.04,-3.6,1.96,-1.43,0.006
19.5,2594.71,0.2313,572.09,218.81,116.25,18.31,52.13,6.66,26.71,0.561,False,568.52,221.11,3.57,-2.3,0.43,0.033
20.0,2574.7,0.2313,563.63,226.43,113.59,18.39,51.37,6.61,26.54,0.498,False,567.51,220.51,-3.88,5.92,-0.2,-0.024
20.5,2590.12,0.2313,570.9,220.09,111.89,18.27,53.55,6.62,28.45,0.492,False,568.29,220.97,2.61,-0.88,1.88,-0.035
21.0,2593.89,0.2313,561.64,221.21,113.73,18.39,51.26,6.93,27.36,0.532,False,568.47,221.08,-6.83,0.13,-0.44,0.004
21.5,2603.09,0.2313,570.58,222.02,112.08,18.49,49.72,6.55,27.14,0.507,False,568.93,221.36,1.65,0.66,-2.04,-0.024
22.0,2592.71,0.2313,564.22,219.1,110.2,18.18,50.3,7.05,28.09,0.597,False,568.42,221.05,-4.2,-1.95,-1.39,0.069
22.5,2585.76,0.2313,569.96,220.64,112.86,18.22,53.67,6.57,28.42,0.574,False,568.07,220.84,1.89,-0.2,2.03,0.048
23.0,2595.37,0.2313,569.04,226.34,113.2,17.92,54.12,6.96,27.6,0.524,False,568.55,221.13,0.49,5.21,2.41,-0.005
23.5,2596.26,0.2313,561.54,214.38,112.31,18.62,52.0,6.69,28.48,0.564,False,568.59,221.16,-7.05,-6.78,0.29,0.035
24.0,2585.33,0.2313,568.1,220.67,112.87,18.29,52.61,6.65,24.95,0.557,False,568.05,220.83,0.05,-0.16,0.97,0.031
24.5,2555.91,0.2313,568.36,223.16,113.64,18.23,51.63,6.62,25.87,0.472,False,566.58,219.95,1.78,3.21,0.18,-0.045
25.0,2565.12,0.2313,569.75,219.0,114.89,18.31,51.22,6.66,26.96,0.475,False,567.04,220.22,2.71,-1.22,-0.29,-0.045
25.5,2556.07,0.2313,561.63,221.48,112.61,18.24,52.67,6.38,26.6,0.482,False,566.58,219.95,-4.95,1.53,1.22,-0.035
26.0,2586.67,0.2313,571.12,220.19,113.23,18.11,52.07,6.56,26.03,0.537,False,568.11,220.87,3.01,-0.68,0.42,0.011
26.5,2559.29,0.2313,571.46,221.92,110.77,18.25,50.59,6.49,26.94,0.493,False,566.74,220.05,4.72,1.87,-0.88,-0.025
27.0,2587.29,0.2313,574.34,220.48,111.96,18.48,52.1,6.26,26.44,0.593,False,568.14,220.89,6.2,-0.41,0.45,0.067
27.5,2593.77,0.2313,559.71,223.7,112.3,18.31,50.77,6.67,27.03,0.521,False,568.47,221.08,-8.76,2.62,-0.93,-0.007
28.0,2552.34,0.2313,567.57,220.9,112.95,18.32,49.99,6.56,27.51,0.541,False,566.4,219.84,1.17,1.06,-1.44,0.025
28.5,2585.2,0.2313,568.35,224.14,112.33,18.25,53.33,6.96,27.82,0.513,False,568.04,220.82,0.31,3.32,1.69,-0.013
29.0,2596.46,0.2313,573.51,226.22,110.71,18.2,49.36,6.83,26.31,0.636,False,568.6,221.16,4.91,5.06,-2.35,0.107
29.5,2559.19,0.2313,560.65,219.27,112.93,18.51,51.14,6.64,27.96,0.529,False,566.74,220.04,-6.09,-0.77,-0.33,0.011
30.0,2584.25,0.2313,567.43,216.16,114.86,17.94,53.28,6.73,25.52,0.562,False,567.99,220.8,-0.56,-4.64,1.65,0.037
0.5,2674.0,0.2625,594.01,234.48,116.38,18.69,52.11,7.38,26.03,0.583,False,591.2,234.72,2.81,-0.24,0.45,0.031
1.0,2666.63,0.2625,592.87,233.32,123.3,18.53,51.86,7.26,26.66,0.517,False,590.83,234.5,2.04,-1.18,0.25,-0.033
1.5,2672.75,0.2625,579.9,230.1,118.67,18.67,54.16,7.37,26.23,0.567,False,591.14,234.68,-11.24,-4.58,2.51,0.015
2.0,2677.19,0.2625,601.41,232.85,119.55,18.35,51.59,7.25,27.72,0.552,False,591.36,234.82,10.05,-1.97,-0.09,-0.001
2.5,2648.55,0.2625,586.64,232.74,118.08,18.69,51.34,7.31,26.37,0.553,False,589.93,233.96,-3.29,-1.22,-0.15,0.008
3.0,2620.18,0.2625,592.95,236.72,115.29,18.48,50.75,7.35,27.76,0.591,False,588.51,233.11,4.44,3.61,-0.56,0.055
3.5,2640.15,0.2625,587.52,235.85,116.97,18.42,51.96,7.15,26.99,0.578,False,589.51,233.7,-1.99,2.15,0.52,0.036
4.0,2672.58,0.2625,589.31,232.01,114.83,18.74,54.09,7.12,27.58,0.492,False,591.13,234.68,-1.82,-2.67,2.44,-0.06
4.5,2646.21,0.2625,589.67,236.83,117.83,18.82,52.82,7.12,26.94,0.531,False,589.81,233.89,-0.14,2.94,1.34,-0.013
5.0,2655.29,0.2625,592.72,233.48,119.68,18.96,52.87,7.05,27.95,0.486,False,590.26,234.16,2.46,-0.68,1.34,-0.061
5.5,2676.47,0.2625,590.74,228.56,118.23,18.56,54.35,7.09,28.12,0.59,False,591.32,234.79,-0.58,-6.23,2.68,0.037
6.0,2654.72,0.2625,586.21,238.26,119.93,18.3,52.82,7.25,26.68,0.523,False,590.24,234.14,-4.03,4.12,1.29,-0.023
6.5,2670.11,0.2625,591.98,235.11,118.92,18.49,53.56,7.4,26.95,0.553,False,591.01,234.6,0.97,0.51,1.93,0.002
7.0,2674.43,0.2625,589.34,231.77,118.84,18.61,52.2,7.26,28.14,0.514,False,591.22,234.73,-1.88,-2.96,0.54,-0.038
7.5,2673.16,0.2625,597.01,234.59,118.75,19.1,54.68,6.93,26.81,0.526,False,591.16,234.69,5.85,-0.1,3.03,-0.026
8.0,2689.17,0.2625,582.09,237.5,121.42,18.51,52.91,7.11,26.46,0.607,False,591.96,235.18,-9.87,2.32,1.16,0.05
8.5,2658.15,0.2625,590.83,234.74,119.26,18.6,51.08,7.05,28.28,0.549,False,590.41,234.24,0.42,0.5,-0.47,0.002
9.0,2681.5,0.2625,578.21,236.2,119.16,18.69,50.4,7.23,25.6,0.501,False,591.58,234.95,-13.37,1.25,-1.3,-0.053
9.5,2646.38,0.2625,594.93,236.72,119.32,18.72,52.08,7.16,25.69,0.546,False,589.82,233.89,5.11,2.83,0.6,0.002
10.0,2662.28,0.2625,589.62,232.93,119.6,18.67,52.6,7.13,26.66,0.537,False,590.61,234.37,-0.99,-1.44,1.02,-0.012
10.5,2682.21,0.2625,589.77,236.77,117.03,18.72,51.7,7.22,26.63,0.563,False,591.61,234.97,-1.84,1.8,-0.01,0.008
11.0,2644.05,0.2625,604.36,231.25,121.39,18.6,51.62,7.17,26.14,0.542,False,589.7,233.82,14.66,-2.57,0.16,-0.001
11.5,2636.46,0.2625,588.01,233.49,117.77,18.92,52.09,7.28,28.12,0.514,False,589.32,233.59,-1.31,-0.1,0.68,-0.027
12.0,2644.32,0.2625,599.81,233.66,119.95,18.85,52.21,7.37,28.48,0.532,False,589.72,233.83,10.09,-0.17,0.75,-0.011
12.5,2628.45,0.2625,584.28,235.71,117.79,18.85,52.73,7.47,27.04,0.622,False,588.92,233.35,-4.64,2.36,1.37,0.083
13.0,2648.26,0.2625,583.8,234.15,114.54,18.86,52.19,7.11,27.13,0.57,False,589.91,233.95,-6.11,0.2,0.7,0.026
13.5,2667.29,0.2625,580.47,236.0,117.74,18.43,50.51,7.17,27.54,0.499,False,590.86,234.52,-10.39,1.48,-1.1,-0.051
14.0,2648.03,0.2625,595.2,230.91,116.2,19.02,53.98,7.0,27.69,0.497,False,589.9,233.94,5.3,-3.03,2.49,-0.047
14.5,2661.52,0.2625,594.65,227.87,118.23,18.49,50.83,7.06,26.83,0.503,False,590.58,234.35,4.07,-6.48,-0.74,-0.045
15.0,2633.0,0.2625,598.77,235.06,117.42,18.74,51.98,7.17,26.62,0.536,False,589.15,233.49,9.62,1.57,0.59,-0.004
15.5,2659.05,0.2625,597.89,230.73,121.31,18.12,51.84,7.18,25.32,0.586,False,590.45,234.27,7.44,-3.54,0.28,0.038
16.0,2647.81,0.2625,592.0,238.7,117.14,18.59,48.08,7.24,26.2,0.582,False,589.89,233.93,2.11,4.77,-3.41,0.038
16.5,2670.55,0.2625,589.02,237.56,121.51,18.55,50.33,6.99,27.38,0.584,False,591.03,234.62,-2.01,2.94,-1.3,0.033
17.0,2650.85,0.2625,589.22,238.73,116.45,18.25,51.96,7.31,26.02,0.539,False,590.04,234.03,-0.82,4.7,0.45,-0.006
17.5,2663.25,0.2625,604.63,234.37,117.52,18.62,52.51,7.0,26.93,0.58,False,590.66,234.4,13.97,-0.03,0.92,0.031
18.0,2629.74,0.2625,594.2,230.42,119.7,18.74,50.71,6.96,26.32,0.538,False,588.99,233.39,5.21,-2.97,-0.66,-0.001
18.5,2634.64,0.2625,586.73,232.84,118.31,18.45,50.87,7.3,26.93,0.502,False,589.23,233.54,-2.5,-0.7,-0.53,-0.038
19.0,2652.25,0.2625,583.91,236.5,118.71,19.17,50.07,7.19,28.24,0.487,False,590.11,234.07,-6.2,2.43,-1.44,-0.059
19.5,2660.62,0.2625,592.34,235.04,120.13,18.83,49.88,7.15,26.29,0.553,False,590.53,234.32,1.81,0.72,-1.69,0.005
20.0,2682.98,0.2625,589.57,237.49,116.45,18.58,51.89,7.09,28.0,0.543,False,591.65,234.99,-2.08,2.5,0.18,-0.012
20.5,2639.28,0.2625,586.64,236.9,120.44,18.35,52.13,7.11,26.4,0.522,False,589.46,233.68,-2.82,3.22,0.7,-0.02
21.0,2660.49,0.2625,588.08,233.89,115.4,18.58,52.28,7.03,26.61,0.51,False,590.52,234.31,-2.44,-0.42,0.71,-0.038
21.5,2647.48,0.2625,590.43,229.57,120.39,18.44,51.27,7.14,27.25,0.569,False,589.87,233.92,0.56,-4.35,-0.21,0.025
22.0,2651.96,0.2625,584.23,230.42,119.01,18.82,51.18,7.08,26.54,0.547,False,590.1,234.06,-5.87,-3.64,-0.33,0.001
22.5,2653.16,0.2625,583.02,230.35,117.66,18.64,51.53,7.03,27.56,0.61,False,590.16,234.09,-7.14,-3.74,0.01,0.064
23.0,2645.64,0.2625,585.68,232.63,120.01,18.88,50.76,7.17,26.73,0.48,False,589.78,233.87,-4.1,-1.24,-0.71,-0.064
23.5,2657.15,0.2625,605.68,236.96,117.89,18.63,51.97,7.41,28.49,0.559,False,590.36,234.21,15.32,2.75,0.42,0.012
24.0,2650.02,0.2625,589.58,230.12,114.23,18.71,51.0,7.06,27.71,0.507,False,590.0,234.0,-0.42,-3.88,-0.5,-0.038
24.5,2651.38,0.2625,596.66,237.42,119.41,18.48,49.58,6.84,27.79,0.591,False,590.07,234.04,6.59,3.38,-1.93,0.046
25.0,2658.84,0.2625,581.2,230.81,119.1,18.51,51.65,7.1,26.4,0.596,False,590.44,234.27,-9.24,-3.46,0.09,0.048
25.5,2630.56,0.2625,589.64,233.74,119.5,18.61,50.96,7.22,26.15,0.579,False,589.03,233.42,0.61,0.32,-0.41,0.04
26.0,2689.75,0.2625,594.56,232.51,117.71,18.56,50.61,7.28,26.83,0.543,False,591.99,235.19,2.57,-2.68,-1.15,-0.014
26.5,2656.88,0.2625,588.35,227.75,119.24,18.81,51.68,7.11,28.37,0.453,False,590.34,234.21,-1.99,-6.46,0.14,-0.094
27.0,2623.99,0.2625,592.75,235.14,114.72,18.61,51.34,6.94,28.66,0.528,False,588.7,233.22,4.05,1.92,0.01,-0.009
27.5,2665.03,0.2625,582.19,233.38,115.16,18.41,52.42,7.03,26.7,0.542,False,590.75,234.45,-8.56,-1.07,0.82,-0.008
28.0,2641.68,0.2625,589.91,228.02,117.4,18.85,52.18,7.13,27.06,0.5,False,589.58,233.75,0.33,-5.73,0.73,-0.043
28.5,2639.97,0.2625,592.29,234.79,118.5,18.96,51.22,7.09,27.93,0.539,False,589.5,233.7,2.79,1.09,-0.21,-0.003
29.0,2655.42,0.2625,596.65,236.69,115.55,18.5,50.61,6.94,26.54,0.536,False,590.27,234.16,6.38,2.53,-0.93,-0.011
29.5,2676.04,0.2625,586.03,230.05,115.31,18.65,51.95,7.06,27.72,0.6,False,591.3,234.78,-5.27,-4.73,0.28,0.047
30.0,2661.93,0.2625,586.96,227.12,119.82,18.89,52.94,7.28,26.25,0.557,False,590.6,234.36,-3.64,-7.24,1.36,0.008
0.5,2722.74,0.2938,608.08,247.09,125.31,19.05,51.0,7.53,27.08,0.581,False,612.42,247.45,-4.34,-0.36,-0.41,0.014
1.0,2727.69,0.2938,620.48,243.79,125.4,19.24,50.95,7.44,26.05,0.602,False,612.66,247.6,7.82,-3.81,-0.49,0.034
1.5,2716.92,0.2938,615.54,246.11,122.24,19.23,50.66,7.56,28.88,0.525,False,612.13,247.28,3.41,-1.17,-0.71,-0.04
2.0,2702.68,0.2938,608.45,250.42,124.79,18.75,51.09,7.42,26.48,0.595,False,611.41,246.85,-2.96,3.57,-0.19,0.034
2.5,2754.5,0.2938,623.85,249.55,119.81,19.01,51.77,7.53,27.28,0.583,False,614.0,248.4,9.85,1.15,0.15,0.007
3.0,2747.78,0.2938,614.09,246.65,123.1,18.98,51.62,7.8,28.23,0.544,False,613.67,248.2,0.42,-1.55,0.05,-0.03
3.5,2694.66,0.2938,617.36,248.78,123.92,19.63,51.9,7.57,27.83,0.495,False,611.01,246.61,6.35,2.17,0.67,-0.063
4.0,2712.91,0.2938,605.07,250.52,119.23,18.9,50.88,7.72,26.33,0.562,False,611.93,247.16,-6.86,3.36,-0.47,-0.002
4.5,2719.37,0.2938,614.73,243.09,122.25,19.16,51.14,7.66,27.01,0.541,False,612.25,247.35,2.48,-4.26,-0.25,-0.025
5.0,2730.46,0.2938,610.64,246.31,125.57,19.2,52.47,7.86,26.43,0.57,False,612.8,247.68,-2.16,-1.37,1.01,0.001
5.5,2726.23,0.2938,610.34,251.01,120.96,19.43,50.39,7.69,26.77,0.624,False,612.59,247.55,-2.25,3.46,-1.04,0.056
6.0,2754.84,0.2938,609.64,250.59,118.62,18.82,52.2,7.54,26.29,0.528,False,614.02,248.41,-4.38,2.18,0.58,-0.048
6.5,2736.72,0.2938,616.26,256.79,124.6,19.41,52.61,7.61,27.29,0.565,False,613.12,247.87,3.14,8.92,1.11,-0.006
7.0,2730.43,0.2938,611.55,243.2,119.57,18.71,51.58,7.67,27.28,0.57,False,612.8,247.68,-1.25,-4.48,0.12,0.001
7.5,2737.13,0.2938,615.0,247.71,121.38,19.01,51.12,7.66,28.08,0.598,False,613.14,247.88,1.86,-0.17,-0.38,0.027
8.0,2729.35,0.2938,609.18,248.2,123.06,19.16,51.96,7.46,28.5,0.517,False,612.75,247.65,-3.57,0.55,0.51,-0.052
8.5,2750.41,0.2938,610.07,248.53,125.62,18.81,52.62,7.57,28.76,0.619,False,613.8,248.28,-3.73,0.25,1.03,0.044
9.0,2725.27,0.2938,616.93,245.69,121.6,18.73,50.89,7.67,26.84,0.627,False,612.54,247.53,4.39,-1.84,-0.54,0.059
9.5,2724.6,0.2938,613.57,249.28,123.17,18.82,53.38,7.85,27.1,0.563,False,612.51,247.51,1.06,1.77,1.96,-0.004
10.0,2719.72,0.2938,618.62,249.16,124.25,18.93,51.51,7.73,27.63,0.572,False,612.27,247.36,6.35,1.8,0.12,0.006
10.5,2747.77,0.2938,617.06,249.36,121.71,19.47,51.23,7.5,27.25,0.574,False,613.67,248.2,3.39,1.16,-0.34,-0.0
11.0,2726.1,0.2938,609.04,249.51,124.11,19.11,51.89,7.72,28.16,0.675,False,612.58,247.55,-3.54,1.96,0.46,0.107
11.5,2739.76,0.2938,607.25,250.26,122.29,19.04,52.21,7.59,26.43,0.555,False,613.27,247.96,-6.02,2.3,0.69,-0.017
12.0,2736.64,0.2938,612.18,256.41,120.44,19.24,50.19,7.7,27.7,0.601,False,613.11,247.87,-0.93,8.54,-1.31,0.03
12.5,2748.24,0.2938,606.34,248.19,121.53,18.7,47.89,7.43,27.02,0.555,False,613.69,248.22,-7.35,-0.03,-3.69,-0.019
13.0,2705.27,0.2938,609.18,244.68,120.47,19.31,50.79,7.56,27.44,0.616,False,611.54,246.93,-2.36,-2.25,-0.51,0.054
13.5,2769.5,0.2938,613.46,241.76,119.37,19.01,50.95,7.48,27.15,0.58,False,614.75,248.85,-1.29,-7.09,-0.76,-0.001
14.0,2756.04,0.2938,616.41,248.13,128.3,19.21,54.0,7.69,26.82,0.505,False,614.08,248.45,2.33,-0.32,2.37,-0.072
14.5,2751.42,0.2938,625.94,247.26,125.93,18.81,52.63,7.46,27.01,0.666,False,613.85,248.31,12.09,-1.05,1.03,0.091
15.0,2724.92,0.2938,612.93,247.66,122.61,18.77,50.04,7.75,26.87,0.564,False,612.53,247.52,0.4,0.14,-1.38,-0.003
15.5,2730.85,0.2938,616.06,243.26,122.11,19.45,49.87,7.53,26.76,0.621,False,612.82,247.69,3.24,-4.43,-1.59,0.052
16.0,2695.14,0.2938,610.59,250.44,122.79,19.2,52.02,7.66,28.72,0.601,False,611.04,246.62,-0.45,3.82,0.79,0.042
16.5,2716.8,0.2938,614.8,243.96,118.24,18.94,50.37,7.51,27.82,0.595,False,612.12,247.27,2.68,-3.31,-1.0,0.03
17.0,2719.75,0.2938,606.55,250.92,123.24,19.27,51.81,7.65,27.68,0.587,False,612.27,247.36,-5.72,3.56,0.42,0.021
17.5,2736.54,0.2938,606.42,249.65,119.86,18.9,52.26,7.62,26.8,0.501,False,613.11,247.86,-6.69,1.79,0.76,-0.07
18.0,2778.51,0.2938,617.85,242.77,120.69,19.14,52.89,7.66,28.5,0.547,False,615.21,249.12,2.64,-6.35,1.12,-0.037
18.5,2776.58,0.2938,616.6,250.43,121.24,19.13,53.36,7.73,26.85,0.589,False,615.11,249.07,1.49,1.36,1.6,0.006
19.0,2704.15,0.2938,615.64,253.47,119.97,19.38,50.83,7.77,28.58,0.567,False,611.49,246.89,4.15,6.58,-0.46,0.006
19.5,2741.96,0.2938,616.4,246.91,122.81,19.58,51.55,7.4,26.06,0.591,False,613.38,248.03,3.02,-1.12,0.02,0.018
20.0,2740.64,0.2938,614.18,245.69,120.37,19.16,50.27,7.5,28.75,0.523,False,613.31,247.99,0.87,-2.3,-1.26,-0.049
20.5,2689.72,0.2938,611.48,250.43,122.16,19.03,50.95,7.57,26.89,0.574,False,610.77,246.46,0.71,3.97,-0.24,0.017
21.0,2765.27,0.2938,617.55,254.17,124.72,18.75,51.4,7.77,26.96,0.613,False,614.54,248.73,3.01,5.44,-0.29,0.033
21.5,2762.64,0.2938,599.3,247.75,121.33,18.94,51.85,7.59,28.83,0.557,False,614.41,248.65,-15.11,-0.9,0.18,-0.022
22.0,2716.6,0.2938,612.65,249.36,120.46,18.95,50.93,7.19,26.53,0.65,False,612.11,247.27,0.54,2.09,-0.44,0.085
22.5,2702.51,0.2938,623.06,250.0,124.53,19.0,52.76,7.45,27.01,0.6,False,611.41,246.84,11.65,3.16,1.48,0.039
23.0,2756.1,0.2938,619.68,251.67,124.61,19.24,51.16,7.71,27.85,0.632,False,614.08,248.45,5.6,3.22,-0.47,0.055
23.5,2726.09,0.2938,610.54,248.58,125.03,19.35,51.18,7.51,27.16,0.476,False,612.58,247.55,-2.04,1.03,-0.25,-0.092
24.0,2774.06,0.2938,606.15,248.88,121.72,18.92,52.08,7.61,27.76,0.535,False,614.98,248.99,-8.83,-0.11,0.34,-0.047
24.5,2724.04,0.2938,609.03,246.05,123.3,19.33,50.48,7.57,28.55,0.585,False,612.48,247.49,-3.45,-1.44,-0.94,0.018
25.0,2721.27,0.2938,615.15,245.02,125.21,19.24,51.86,7.33,28.7,0.599,False,612.34,247.41,2.81,-2.39,0.46,0.033
25.5,2739.57,0.2938,616.31,252.4,120.75,19.21,51.64,7.7,28.71,0.543,False,613.26,247.96,3.05,4.44,0.12,-0.029
26.0,2765.28,0.2938,620.51,247.16,123.06,18.95,52.13,7.82,27.09,0.635,False,614.54,248.73,5.97,-1.57,0.44,0.055
26.5,2713.41,0.2938,617.38,248.21,124.37,18.84,52.0,7.55,27.78,0.584,False,611.95,247.17,5.43,1.04,0.65,0.02
27.0,2726.66,0.2938,612.62,248.21,126.56,19.0,49.84,7.72,28.01,0.628,False,612.61,247.57,0.01,0.64,-1.59,0.06
27.5,2742.39,0.2938,612.09,243.71,122.44,19.38,51.91,7.57,28.38,0.532,False,613.4,248.04,-1.31,-4.33,0.37,-0.041
28.0,2735.97,0.2938,607.97,252.46,120.52,18.74,51.05,7.42,27.77,0.515,False,613.08,247.85,-5.11,4.61,-0.45,-0.056
28.5,2728.14,0.2938,612.27,245.79,123.79,19.18,51.42,7.5,27.7,0.609,False,612.69,247.61,-0.42,-1.82,-0.02,0.041
29.0,2712.07,0.2938,611.49,252.89,119.39,19.04,50.0,7.62,27.64,0.608,False,611.88,247.13,-0.39,5.76,-1.34,0.044
29.5,2703.99,0.2938,603.23,247.53,119.98,19.29,50.59,7.42,27.35,0.585,False,611.48,246.89,-8.25,0.64,-0.7,0.024
30.0,2728.46,0.2938,609.36,245.45,127.52,19.07,51.61,7.48,27.12,0.607,False,612.7,247.62,-3.34,-2.17,0.16,0.038
0.5,2797.6,0.325,635.32,262.34,127.53,19.66,49.32,8.49,27.7,0.515,False,634.88,260.93,0.44,1.41,-2.01,-0.074
1.0,2808.75,0.325,635.73,257.89,125.43,19.08,52.74,8.28,26.03,0.568,False,635.44,261.26,0.29,-3.37,1.33,-0.025
1.5,2835.53,0.325,632.55,261.5,128.11,19.4,51.16,7.81,28.13,0.612,False,636.78,262.07,-4.23,-0.57,-0.42,0.011
2.0,2821.98,0.325,632.04,263.75,125.15,19.62,51.94,8.34,27.64,0.571,False,636.1,261.66,-4.06,2.09,0.45,-0.026
2.5,2794.4,0.325,630.68,257.45,127.63,19.42,50.88,8.18,27.81,0.567,False,634.72,260.83,-4.04,-3.38,-0.43,-0.021
3.0,2805.99,0.325,639.73,262.15,125.37,19.65,51.66,8.26,28.45,0.618,False,635.3,261.18,4.43,0.97,0.27,0.026
3.5,2842.25,0.325,636.71,261.19,127.79,19.43,49.76,8.05,26.81,0.66,False,637.11,262.27,-0.4,-1.08,-1.86,0.057
4.0,2823.09,0.325,639.77,259.49,124.8,19.46,52.67,8.06,28.78,0.6,False,636.15,261.69,3.62,-2.2,1.17,0.003
4.5,2791.84,0.325,632.5,262.82,123.34,19.61,52.44,8.16,27.35,0.539,False,634.59,260.76,-2.09,2.06,1.14,-0.049
5.0,2804.19,0.325,637.58,261.27,126.61,19.42,52.26,8.08,26.92,0.574,False,635.21,261.13,2.37,0.14,0.88,-0.017
5.5,2788.07,0.325,634.0,261.0,125.13,19.78,52.1,8.07,27.66,0.58,False,634.4,260.64,-0.4,0.36,0.83,-0.006
6.0,2827.14,0.325,632.38,258.46,129.93,19.45,51.78,7.98,27.12,0.564,False,636.36,261.81,-3.98,-3.35,0.25,-0.034
6.5,2796.82,0.325,640.29,262.45,125.76,19.82,52.62,7.9,26.78,0.614,False,634.84,260.9,5.45,1.55,1.29,0.025
7.0,2792.13,0.325,626.06,258.27,128.53,19.81,49.19,8.05,28.69,0.602,False,634.61,260.76,-8.55,-2.49,-2.11,0.014
7.5,2822.33,0.325,629.7,257.52,130.4,19.55,51.53,7.85,27.9,0.603,False,636.12,261.67,-6.42,-4.15,0.03,0.006
8.0,2858.95,0.325,636.83,259.96,127.48,19.61,51.99,8.01,27.83,0.635,False,637.95,262.77,-1.12,-2.81,0.26,0.027
8.5,2781.08,0.325,640.83,255.39,125.34,19.63,50.62,8.13,26.76,0.555,False,634.05,260.43,6.78,-5.04,-0.61,-0.029
9.0,2825.8,0.325,632.6,262.33,128.59,19.59,51.53,8.1,26.17,0.584,False,636.29,261.77,-3.69,0.56,0.01,-0.014
9.5,2810.78,0.325,637.07,257.93,126.58,19.66,50.43,7.89,27.93,0.655,False,635.54,261.32,1.53,-3.39,-0.99,0.062
10.0,2819.76,0.325,634.74,261.73,126.22,19.25,53.84,8.02,27.54,0.59,False,635.99,261.59,-1.25,0.14,2.36,-0.006
10.5,2828.22,0.325,638.86,263.41,127.21,19.62,50.31,8.17,27.35,0.627,False,636.41,261.85,2.45,1.56,-1.22,0.029
11.0,2880.45,0.325,626.67,263.78,129.18,19.55,50.34,7.91,27.69,0.576,False,639.02,263.41,-12.35,0.37,-1.53,-0.038
11.5,2822.69,0.325,636.63,264.78,124.66,19.53,52.09,8.14,27.68,0.596,False,636.13,261.68,0.5,3.1,0.59,-0.001
12.0,2866.99,0.325,632.58,259.59,132.5,19.56,53.7,8.05,27.02,0.649,False,638.35,263.01,-5.77,-3.42,1.91,0.039
12.5,2845.35,0.325,625.24,263.66,126.63,19.78,53.35,8.08,28.49,0.622,False,637.27,262.36,-12.03,1.3,1.71,0.018
13.0,2820.34,0.325,641.9,260.54,129.56,19.49,50.58,7.86,29.9,0.661,False,636.02,261.61,5.88,-1.07,-0.9,0.065
13.5,2810.49,0.325,628.23,269.45,127.75,19.5,51.8,8.23,28.11,0.607,False,635.52,261.31,-7.29,8.14,0.38,0.014
14.0,2814.81,0.325,623.48,254.16,124.54,19.27,52.2,8.07,27.82,0.582,False,635.74,261.44,-12.26,-7.28,0.75,-0.012
14.5,2796.48,0.325,624.55,260.37,130.19,19.58,53.99,8.11,27.72,0.66,False,634.82,260.89,-10.27,-0.52,2.66,0.071
15.0,2793.4,0.325,630.07,264.05,127.91,19.64,51.5,7.99,27.62,0.541,False,634.67,260.8,-4.6,3.25,0.19,-0.047
15.5,2857.76,0.325,623.18,255.97,126.06,19.55,50.21,8.05,28.13,0.614,False,637.89,262.73,-14.71,-6.76,-1.52,0.007
16.0,2794.28,0.325,638.51,265.25,126.6,19.46,48.99,8.08,27.78,0.543,False,634.71,260.83,3.8,4.42,-2.32,-0.045
16.5,2820.36,0.325,637.98,254.05,128.44,19.65,50.7,7.85,27.17,0.616,False,636.02,261.61,1.96,-7.56,-0.78,0.02
17.0,2809.77,0.325,642.28,262.68,127.24,19.77,50.91,8.09,27.21,0.607,False,635.49,261.29,6.79,1.39,-0.5,0.014
17.5,2828.41,0.325,634.07,260.41,134.2,19.47,51.72,7.9,27.73,0.492,False,636.42,261.85,-2.35,-1.44,0.19,-0.107
18.0,2822.82,0.325,631.41,259.36,126.22,19.53,52.76,8.17,27.02,0.539,False,636.14,261.68,-4.73,-2.32,1.26,-0.058
18.5,2812.58,0.325,626.7,261.25,126.55,19.41,49.75,8.16,26.26,0.657,False,635.63,261.38,-8.93,-0.13,-1.68,0.063
19.0,2833.36,0.325,632.81,266.55,125.3,19.38,53.33,8.38,28.12,0.586,False,636.67,262.0,-3.86,4.55,1.76,-0.014
19.5,2836.05,0.325,633.79,259.53,127.77,19.22,52.06,8.19,28.61,0.596,False,636.8,262.08,-3.01,-2.55,0.48,-0.005
20.0,2820.52,0.325,626.45,265.91,126.91,19.53,52.49,8.03,27.41,0.67,False,636.03,261.62,-9.58,4.29,1.01,0.074
20.5,2829.51,0.325,645.01,257.74,129.57,19.27,49.14,8.0,26.46,0.589,False,636.48,261.89,8.53,-4.15,-2.4,-0.01
21.0,2804.67,0.325,635.77,263.75,129.19,19.56,50.4,8.07,27.24,0.562,False,635.23,261.14,0.54,2.61,-0.98,-0.029
21.5,2796.41,0.325,644.56,263.14,129.81,19.54,53.81,8.06,26.64,0.591,False,634.82,260.89,9.74,2.25,2.48,0.002
22.0,2826.45,0.325,638.53,263.06,125.71,19.83,51.84,8.13,27.17,0.571,False,636.32,261.79,2.21,1.27,0.32,-0.027
22.5,2814.92,0.325,627.22,261.11,128.81,19.54,50.58,8.34,27.39,0.562,False,635.75,261.45,-8.53,-0.34,-0.87,-0.032
23.0,2786.88,0.325,639.75,260.37,126.19,19.6,51.47,8.22,27.83,0.559,False,634.34,260.61,5.41,-0.24,0.21,-0.027
23.5,2809.36,0.325,637.55,262.25,129.14,19.36,49.76,7.78,28.38,0.672,False,635.47,261.28,2.08,0.97,-1.65,0.079
24.0,2840.61,0.325,630.55,269.46,126.52,19.59,52.06,7.97,27.26,0.613,False,637.03,262.22,-6.48,7.24,0.45,0.011
24.5,2795.44,0.325,636.23,256.27,127.19,19.59,51.45,8.27,29.56,0.523,False,634.77,260.86,1.46,-4.59,0.13,-0.066
25.0,2830.1,0.325,633.77,262.14,127.0,19.35,49.65,8.24,27.91,0.54,False,636.5,261.9,-2.74,0.24,-1.9,-0.059
25.5,2778.28,0.325,634.53,265.32,127.17,19.45,53.16,8.14,27.35,0.627,False,633.91,260.35,0.62,4.97,1.95,0.044
26.0,2813.68,0.325,628.24,258.35,129.89,19.33,50.96,8.13,27.26,0.619,False,635.68,261.41,-7.44,-3.06,-0.48,0.025
26.5,2797.91,0.325,634.89,261.09,125.34,19.62,51.21,8.09,26.45,0.62,False,634.9,260.94,-0.01,0.15,-0.13,0.031
27.0,2812.6,0.325,628.58,259.78,126.69,19.55,51.9,8.26,28.19,0.525,False,635.63,261.38,-7.05,-1.6,0.47,-0.069
27.5,2839.33,0.325,621.82,264.06,126.99,19.58,49.22,8.07,28.47,0.568,False,636.97,262.18,-15.15,1.88,-2.39,-0.034
28.0,2792.66,0.325,625.73,262.12,128.17,19.57,50.58,8.28,27.66,0.662,False,634.63,260.78,-8.9,1.34,-0.72,0.074
28.5,2817.06,0.325,637.57,260.19,127.56,19.34,48.78,8.22,27.0,0.554,False,635.85,261.51,1.72,-1.32,-2.68,-0.041
29.0,2820.66,0.325,642.05,264.6,129.73,19.47,49.63,8.09,26.81,0.543,False,636.03,261.62,6.02,2.98,-1.85,-0.053
29.5,2816.71,0.325,646.96,264.38,127.01,19.76,52.38,8.21,27.17,0.607,False,635.84,261.5,11.12,2.88,0.92,0.012
30.0,2794.03,0.325,629.82,260.34,130.28,19.55,50.69,8.16,26.33,0.539,False,634.7,260.82,-4.88,-0.48,-0.62,-0.049
0.5,2884.84,0.3563,659.68,274.89,132.32,19.87,50.98,8.45,26.45,0.616,False,658.02,274.81,1.66,0.08,-0.36,0.001
1.0,2889.24,0.3563,661.75,279.82,131.98,19.82,50.67,8.58,29.33,0.618,False,658.24,274.95,3.51,4.87,-0.7,0.001
1.5,2911.89,0.3563,652.86,271.93,127.86,20.04,51.62,8.66,28.17,0.6,False,659.37,275.62,-6.51,-3.69,0.11,-0.024
2.0,2890.52,0.3563,657.82,269.98,132.96,19.71,51.42,8.32,27.55,0.597,False,658.31,274.98,-0.49,-5.0,0.05,-0.02
2.5,2922.93,0.3563,652.58,274.36,131.62,19.98,49.72,8.42,28.3,0.622,False,659.93,275.96,-7.35,-1.6,-1.87,-0.005
3.0,2889.3,0.3563,658.48,275.62,128.84,19.64,51.76,8.61,27.54,0.678,False,658.25,274.95,0.24,0.67,0.39,0.061
3.5,2883.27,0.3563,654.4,270.28,130.71,19.83,54.67,8.37,28.41,0.65,False,657.94,274.77,-3.54,-4.49,3.34,0.035
4.0,2922.09,0.3563,661.03,277.94,132.47,20.04,54.16,8.6,28.12,0.581,False,659.88,275.93,1.15,2.01,2.58,-0.046
4.5,2891.37,0.3563,658.99,275.9,130.83,20.11,50.95,8.56,26.56,0.543,False,658.35,275.01,0.64,0.89,-0.43,-0.074
5.0,2887.1,0.3563,658.77,279.32,133.73,19.74,51.91,8.66,26.95,0.642,False,658.13,274.88,0.63,4.44,0.56,0.026
5.5,2886.09,0.3563,663.82,271.78,133.68,19.75,50.61,8.37,27.86,0.562,False,658.08,274.85,5.74,-3.07,-0.74,-0.054
6.0,2887.83,0.3563,659.16,274.98,132.36,19.96,50.95,8.45,27.24,0.701,False,658.17,274.9,0.99,0.08,-0.41,0.085
6.5,2886.9,0.3563,663.58,274.16,133.57,19.83,50.65,8.31,27.24,0.622,False,658.12,274.88,5.46,-0.71,-0.7,0.006
7.0,2907.54,0.3563,653.45,273.72,133.47,19.89,49.25,8.53,27.36,0.592,False,659.16,275.49,-5.71,-1.77,-2.24,-0.03
7.5,2867.8,0.3563,647.52,277.27,131.15,19.99,50.73,8.59,27.96,0.637,False,657.17,274.3,-9.65,2.97,-0.5,0.027
8.0,2881.86,0.3563,664.62,276.27,134.92,20.15,53.49,8.69,27.5,0.599,False,657.87,274.72,6.75,1.55,2.17,-0.016
8.5,2852.96,0.3563,661.12,276.19,132.75,19.89,51.81,8.53,26.53,0.691,False,656.43,273.86,4.69,2.33,0.68,0.085
9.0,2893.64,0.3563,654.04,275.27,133.32,20.22,51.22,8.57,28.01,0.66,False,658.46,275.08,-4.42,0.19,-0.18,0.042
9.5,2861.87,0.3563,654.21,273.93,134.36,20.03,49.29,8.28,28.22,0.665,False,656.87,274.12,-2.66,-0.19,-1.9,0.056
10.0,2911.22,0.3563,653.1,279.66,131.29,19.95,52.52,8.51,27.56,0.624,False,659.34,275.6,-6.24,4.06,1.01,0.001
10.5,2883.63,0.3563,654.03,273.49,129.4,20.01,50.91,8.6,28.09,0.614,False,657.96,274.78,-3.93,-1.29,-0.42,-0.001
11.0,2930.79,0.3563,659.35,274.9,127.91,19.95,51.16,8.73,27.63,0.565,False,660.32,276.19,-0.97,-1.29,-0.48,-0.064
11.5,2908.62,0.3563,658.75,276.75,129.62,19.83,51.33,8.2,28.03,0.653,False,659.21,275.53,-0.46,1.22,-0.16,0.03
12.0,2875.17,0.3563,668.04,273.92,129.7,20.01,50.06,8.74,27.98,0.618,False,657.54,274.52,10.5,-0.6,-1.22,0.005
12.5,2903.31,0.3563,660.56,272.56,131.81,19.86,51.05,8.65,28.61,0.649,False,658.95,275.37,1.61,-2.81,-0.41,0.028
13.0,2880.94,0.3563,663.11,274.02,136.03,20.01,51.39,8.41,26.66,0.621,False,657.83,274.7,5.28,-0.68,0.08,0.007
13.5,2934.33,0.3563,654.76,276.56,128.64,20.06,50.42,8.49,27.1,0.563,False,660.5,276.3,-5.74,0.26,-1.24,-0.067
14.0,2899.12,0.3563,660.72,266.89,132.15,19.93,51.7,8.27,26.68,0.654,False,658.74,275.24,1.98,-8.35,0.27,0.034
14.5,2905.01,0.3563,661.51,280.47,128.9,19.93,49.88,8.51,27.83,0.714,False,659.03,275.42,2.48,5.05,-1.59,0.092
15.0,2892.98,0.3563,645.34,272.23,130.61,19.86,48.91,8.54,26.92,0.614,False,658.43,275.06,-13.09,-2.83,-2.48,-0.004
15.5,2855.31,0.3563,654.12,278.96,134.19,20.22,51.56,8.83,28.4,0.62,False,656.55,273.93,-2.43,5.03,0.41,0.013
16.0,2870.35,0.3563,656.52,279.48,130.0,20.08,50.75,8.43,28.16,0.62,False,657.3,274.38,-0.78,5.1,-0.49,0.009
16.5,2896.66,0.3563,654.3,274.29,134.58,19.7,49.76,8.61,27.39,0.677,False,658.61,275.17,-4.31,-0.88,-1.65,0.058
17.0,2910.89,0.3563,657.43,269.06,133.38,20.25,52.15,8.68,28.46,0.713,False,659.32,275.59,-1.89,-6.53,0.64,0.09
17.5,2904.61,0.3563,662.58,273.8,136.16,19.71,51.04,8.75,27.1,0.633,False,659.01,275.41,3.57,-1.61,-0.43,0.012
18.0,2880.17,0.3563,652.8,277.9,132.52,19.94,52.1,8.54,26.61,0.598,False,657.79,274.67,-4.99,3.23,0.79,-0.016
18.5,2866.53,0.3563,665.75,274.72,132.44,20.21,53.41,8.59,27.16,0.672,False,657.11,274.26,8.64,0.46,2.19,0.062
19.0,2909.83,0.3563,655.6,272.66,131.15,19.93,50.7,8.73,27.54,0.609,False,659.27,275.56,-3.67,-2.9,-0.8,-0.014
19.5,2873.4,0.3563,656.79,274.2,133.37,19.83,53.46,8.51,27.26,0.681,False,657.45,274.47,-0.66,-0.27,2.2,0.069
20.0,2930.01,0.3563,658.7,271.24,131.16,20.09,52.02,8.47,27.51,0.574,False,660.28,276.17,-1.58,-4.93,0.39,-0.055
20.5,2930.48,0.3563,654.87,267.86,135.14,19.76,53.05,8.49,28.99,0.637,False,660.3,276.18,-5.43,-8.32,1.42,0.008
21.0,2897.54,0.3563,655.46,281.21,128.69,19.82,50.39,8.47,29.66,0.626,False,658.66,275.19,-3.2,6.02,-1.03,0.007
21.5,2894.85,0.3563,657.14,271.84,131.57,19.89,51.71,8.61,27.18,0.635,False,658.52,275.11,-1.38,-3.27,0.31,0.017
22.0,2901.52,0.3563,654.67,268.89,132.76,19.65,53.24,8.66,28.02,0.574,False,658.86,275.31,-4.19,-6.42,1.79,-0.046
22.5,2921.12,0.3563,656.46,278.26,133.95,20.22,52.22,8.6,26.5,0.638,False,659.84,275.9,-3.38,2.36,0.65,0.012
23.0,2912.16,0.3563,656.14,273.12,130.38,20.12,50.83,8.42,28.86,0.547,False,659.39,275.63,-3.25,-2.51,-0.69,-0.077
23.5,2907.55,0.3563,656.97,273.88,127.74,19.76,51.37,8.61,28.06,0.594,False,659.16,275.49,-2.19,-1.61,-0.12,-0.028
24.0,2911.47,0.3563,657.93,272.06,129.8,20.06,52.1,8.5,27.5,0.637,False,659.35,275.61,-1.42,-3.55,0.59,0.014
24.5,2886.14,0.3563,671.21,276.27,134.16,20.18,50.19,8.68,26.54,0.619,False,658.09,274.85,13.12,1.42,-1.16,0.003
25.0,2866.55,0.3563,654.94,274.68,127.81,19.76,51.91,8.69,28.75,0.675,False,657.11,274.26,-2.17,0.42,0.69,0.065
25.5,2903.88,0.3563,665.26,276.04,137.2,20.15,51.82,8.66,27.29,0.505,False,658.97,275.38,6.29,0.66,0.36,-0.116
26.0,2877.55,0.3563,659.57,277.05,132.44,20.44,52.26,8.42,27.82,0.669,False,657.66,274.59,1.91,2.46,0.97,0.056
26.5,2891.81,0.3563,657.78,273.79,133.11,20.34,53.19,8.74,27.75,0.583,False,658.37,275.02,-0.59,-1.23,1.81,-0.035
27.0,2901.83,0.3563,662.89,277.88,132.99,19.67,51.81,8.58,28.13,0.617,False,658.87,275.32,4.02,2.56,0.36,-0.004
27.5,2881.91,0.3563,657.48,273.44,134.29,20.19,53.9,8.52,29.11,0.637,False,657.88,274.73,-0.4,-1.29,2.58,0.022
28.0,2893.05,0.3563,651.39,274.05,130.16,20.4,50.33,8.31,28.28,0.591,False,658.43,275.06,-7.04,-1.01,-1.06,-0.027
28.5,2909.47,0.3563,652.92,271.97,131.04,20.21,50.2,8.61,28.28,0.625,False,659.25,275.55,-6.33,-3.58,-1.3,0.002
29.0,2893.89,0.3563,655.75,275.62,128.52,19.99,52.04,8.87,27.64,0.53,False,658.47,275.08,-2.72,0.54,0.64,-0.088
29.5,2887.85,0.3563,660.13,277.98,129.6,20.06,52.98,8.52,29.1,0.655,False,658.17,274.9,1.96,3.08,1.62,0.039
30.0,2882.05,0.3563,671.48,272.09,131.18,19.74,50.31,8.59,29.09,0.636,False,657.88,274.73,13.6,-2.64,-1.01,0.021
0.5,2927.11,0.3875,688.17,289.68,134.17,20.39,52.89,9.09,28.14,0.642,False,678.86,287.31,9.31,2.37,1.84,0.014
1.0,2999.92,0.3875,681.47,292.21,135.27,20.49,50.89,9.17,28.17,0.63,False,682.5,289.5,-1.03,2.71,-0.63,-0.02
1.5,2976.53,0.3875,675.4,288.19,136.26,20.51,48.98,9.39,27.46,0.706,False,681.33,288.8,-5.93,-0.61,-2.39,0.063
2.0,2956.07,0.3875,675.46,293.55,135.19,20.4,52.02,9.38,28.29,0.569,False,680.3,288.18,-4.84,5.37,0.78,-0.068
2.5,3011.63,0.3875,681.74,288.19,135.01,20.55,49.34,9.15,29.0,0.639,False,683.08,289.85,-1.34,-1.66,-2.26,-0.014
3.0,2980.28,0.3875,682.96,293.69,133.77,20.34,53.15,9.21,28.73,0.58,False,681.51,288.91,1.45,4.78,1.75,-0.064
3.5,2945.19,0.3875,673.4,290.49,135.22,20.2,52.63,9.11,27.56,0.581,False,679.76,287.86,-6.36,2.63,1.46,-0.053
4.0,2948.1,0.3875,688.12,291.61,132.17,20.27,51.76,9.25,27.72,0.7,False,679.9,287.94,8.22,3.67,0.57,0.066
4.5,2965.79,0.3875,681.48,290.68,135.89,20.47,52.31,8.99,27.28,0.672,False,680.79,288.47,0.69,2.21,1.01,0.032
5.0,2960.38,0.3875,682.45,288.71,135.76,20.42,51.5,8.92,28.69,0.694,False,680.52,288.31,1.93,0.4,0.23,0.056
5.5,2998.8,0.3875,680.38,289.57,134.03,20.22,50.92,9.15,27.48,0.616,False,682.44,289.46,-2.06,0.11,-0.6,-0.034
6.0,2925.7,0.3875,685.04,290.48,139.12,20.57,51.83,9.04,28.14,0.66,False,678.78,287.27,6.25,3.21,0.79,0.032
6.5,2985.01,0.3875,669.92,288.84,137.02,20.31,51.81,9.13,27.83,0.619,False,681.75,289.05,-11.83,-0.21,0.38,-0.027
7.0,2992.46,0.3875,684.81,294.26,136.49,20.47,52.54,9.25,27.63,0.636,False,682.12,289.27,2.69,4.99,1.06,-0.012
7.5,2947.26,0.3875,676.73,285.49,136.15,20.51,52.4,9.38,28.12,0.608,False,679.86,287.92,-3.13,-2.43,1.22,-0.026
8.0,2950.95,0.3875,679.97,288.22,139.47,20.47,51.54,9.28,28.09,0.631,False,680.05,288.03,-0.08,0.19,0.33,-0.004
8.5,2981.87,0.3875,691.54,287.34,137.84,20.55,48.65,8.64,27.54,0.618,False,681.59,288.96,9.95,-1.62,-2.76,-0.027
9.0,2961.58,0.3875,679.83,286.29,134.83,20.48,49.59,8.82,27.78,0.657,False,680.58,288.35,-0.75,-2.06,-1.69,0.019
9.5,2971.5,0.3875,670.18,287.24,138.85,20.19,51.39,8.86,27.29,0.679,False,681.08,288.64,-10.9,-1.4,0.05,0.038
10.0,2981.16,0.3875,680.86,288.94,134.45,20.33,51.58,8.9,29.0,0.592,False,681.56,288.93,-0.7,0.01,0.18,-0.052
10.5,2984.07,0.3875,683.97,291.6,136.23,20.45,52.74,8.82,28.85,0.673,False,681.7,289.02,2.27,2.58,1.32,0.028
11.0,2951.56,0.3875,683.28,289.91,138.12,20.65,50.86,9.03,27.9,0.677,False,680.08,288.05,3.2,1.86,-0.35,0.042
11.5,2976.38,0.3875,683.79,286.54,134.16,20.52,52.32,8.75,27.86,0.707,False,681.32,288.79,2.47,-2.25,0.95,0.064
12.0,2967.56,0.3875,687.16,286.45,137.15,20.03,50.83,9.08,26.43,0.629,False,680.88,288.53,6.28,-2.08,-0.48,-0.011
12.5,3006.6,0.3875,678.56,293.7,134.55,20.16,52.21,9.01,26.83,0.611,False,682.83,289.7,-4.27,4.0,0.64,-0.041
13.0,2931.66,0.3875,679.15,286.06,135.56,20.3,52.0,8.77,27.36,0.62,False,679.08,287.45,0.07,-1.39,0.92,-0.009
13.5,2974.78,0.3875,680.55,283.89,140.1,20.17,53.15,9.2,28.0,0.621,False,681.24,288.74,-0.69,-4.85,1.79,-0.021
14.0,2951.31,0.3875,685.78,289.45,137.6,20.44,50.37,9.13,28.34,0.675,False,680.07,288.04,5.71,1.41,-0.84,0.04
14.5,2977.48,0.3875,679.49,290.97,135.95,20.57,52.07,9.29,27.84,0.621,False,681.37,288.82,-1.88,2.15,0.69,-0.022
15.0,2970.55,0.3875,680.85,287.76,135.58,20.49,51.88,8.85,28.6,0.609,False,681.03,288.62,-0.18,-0.86,0.55,-0.032
15.5,2962.08,0.3875,689.19,289.39,137.58,20.19,53.03,8.98,28.67,0.659,False,680.6,288.36,8.59,1.03,1.75,0.02
16.0,2916.78,0.3875,682.3,285.54,135.16,20.15,52.29,9.25,28.1,0.691,False,678.34,287.0,3.96,-1.46,1.31,0.066
16.5,3009.09,0.3875,685.46,286.77,134.12,20.46,50.2,9.12,28.5,0.583,False,682.95,289.77,2.51,-3.0,-1.38,-0.07
17.0,2969.38,0.3875,674.96,287.21,135.31,20.43,53.53,8.94,28.94,0.627,False,680.97,288.58,-6.01,-1.37,2.2,-0.014
17.5,2935.9,0.3875,682.92,288.54,136.59,20.48,52.15,9.36,27.57,0.691,False,679.29,287.58,3.62,0.96,1.04,0.06
18.0,2957.21,0.3875,675.82,288.07,137.45,20.48,53.21,8.64,28.81,0.637,False,680.36,288.22,-4.54,-0.15,1.96,-0.0
18.5,2942.58,0.3875,678.35,281.56,135.9,20.0,52.3,8.79,28.47,0.586,False,679.63,287.78,-1.28,-6.22,1.15,-0.047
19.0,2999.74,0.3875,680.51,289.67,135.93,20.69,51.6,8.92,29.36,0.656,False,682.49,289.49,-1.98,0.18,0.08,0.006
19.5,2928.93,0.3875,682.24,295.86,137.04,20.28,52.77,9.06,29.39,0.686,False,678.95,287.37,3.29,8.49,1.71,0.057
20.0,2981.81,0.3875,679.29,290.93,134.62,20.77,52.78,9.0,28.34,0.7,False,681.59,288.95,-2.3,1.98,1.37,0.055
20.5,2968.4,0.3875,678.94,288.83,138.74,20.26,51.33,8.86,28.57,0.648,False,680.92,288.55,-1.98,0.28,0.01,0.007
21.0,2955.1,0.3875,681.97,291.54,140.58,20.27,51.83,8.98,26.83,0.646,False,680.25,288.15,1.72,3.39,0.6,0.009
21.5,2929.82,0.3875,681.43,286.97,132.73,20.6,50.59,9.35,28.18,0.659,False,678.99,287.39,2.44,-0.42,-0.48,0.03
22.0,2988.27,0.3875,681.71,287.22,138.08,20.22,49.1,9.02,28.7,0.667,False,681.91,289.15,-0.2,-1.93,-2.35,0.021
22.5,2937.95,0.3875,682.71,284.19,138.33,20.01,51.63,9.16,28.74,0.652,False,679.4,287.64,3.31,-3.45,0.51,0.021
23.0,2984.83,0.3875,681.78,294.06,131.11,20.54,49.87,9.06,26.16,0.677,False,681.74,289.04,0.04,5.02,-1.56,0.032
23.5,2962.73,0.3875,670.07,285.08,138.2,20.39,50.44,8.97,28.44,0.605,False,680.64,288.38,-10.57,-3.3,-0.84,-0.034
24.0,3003.49,0.3875,675.28,291.91,137.37,20.23,51.63,9.15,27.45,0.635,False,682.67,289.6,-7.39,2.31,0.08,-0.016
24.5,2992.6,0.3875,681.26,291.07,134.67,20.31,52.04,8.94,27.41,0.677,False,682.13,289.28,-0.87,1.79,0.56,0.029
25.0,3003.39,0.3875,676.61,289.26,135.38,20.4,50.76,8.87,27.48,0.621,False,682.67,289.6,-6.06,-0.34,-0.79,-0.03
25.5,2958.82,0.3875,678.87,288.8,133.8,20.2,52.86,9.11,28.46,0.664,False,680.44,288.26,-1.57,0.54,1.6,0.026
26.0,2970.86,0.3875,673.57,290.72,135.52,20.43,53.35,8.99,28.26,0.681,False,681.04,288.63,-7.47,2.09,2.01,0.04
26.5,2991.09,0.3875,682.89,282.99,137.72,20.39,52.2,8.75,28.37,0.697,False,682.05,289.23,0.84,-6.24,0.73,0.05
27.0,2963.07,0.3875,676.0,289.45,135.08,20.43,51.19,9.2,28.51,0.637,False,680.65,288.39,-4.65,1.06,-0.09,-0.002
27.5,2992.3,0.3875,677.48,289.21,133.32,20.7,52.09,9.09,27.99,0.65,False,682.12,289.27,-4.63,-0.06,0.62,0.002
28.0,2968.12,0.3875,685.26,288.34,133.26,20.68,50.46,9.04,27.94,0.647,False,680.91,288.54,4.35,-0.2,-0.86,0.007
28.5,2965.91,0.3875,677.53,287.07,137.82,20.55,50.9,9.02,28.36,0.648,False,680.8,288.48,-3.27,-1.41,-0.4,0.008
29.0,2968.12,0.3875,680.49,289.79,136.98,20.8,49.54,8.86,27.54,0.636,False,680.91,288.54,-0.42,1.25,-1.78,-0.004
29.5,2978.03,0.3875,678.17,291.28,131.43,20.75,51.46,9.33,27.58,0.57,False,681.4,288.84,-3.23,2.44,0.08,-0.073
30.0,2962.34,0.3875,679.39,291.97,138.2,20.36,50.26,8.92,28.18,0.675,False,680.62,288.37,-1.23,3.6,-1.02,0.036
0.5,3029.49,0.4188,697.57,299.11,142.01,20.8,51.04,9.68,27.76,0.607,False,702.75,301.65,-5.18,-2.54,-0.11,-0.052
1.0,3043.27,0.4188,707.75,302.06,140.2,20.74,53.58,9.69,28.45,0.647,False,703.44,302.07,4.31,-0.01,2.34,-0.016
1.5,3060.25,0.4188,704.95,295.67,139.83,20.44,51.9,9.36,28.79,0.653,False,704.29,302.58,0.66,-6.91,0.55,-0.015
2.0,3049.66,0.4188,706.29,297.62,140.82,20.98,51.78,9.64,27.37,0.662,False,703.76,302.26,2.53,-4.64,0.5,-0.003
2.5,3044.84,0.4188,712.53,301.56,137.79,20.81,50.93,9.48,28.41,0.714,False,703.52,302.11,9.01,-0.55,-0.32,0.051
3.0,3052.55,0.4188,704.13,303.28,140.93,20.69,50.52,9.4,30.08,0.712,False,703.91,302.34,0.22,0.94,-0.78,0.046
3.5,3026.13,0.4188,709.5,305.75,139.68,21.05,52.83,9.61,28.86,0.577,False,702.59,301.55,6.91,4.2,1.7,-0.081
4.0,3054.54,0.4188,705.67,301.18,138.59,20.99,53.45,9.51,28.58,0.678,False,704.01,302.4,1.66,-1.22,2.13,0.012
4.5,3071.0,0.4188,708.29,304.02,138.42,20.84,50.94,9.54,28.17,0.659,False,704.83,302.9,3.46,1.12,-0.48,-0.012
5.0,3035.27,0.4188,699.78,300.5,142.07,21.05,50.43,9.58,28.43,0.717,False,703.04,301.83,-3.26,-1.33,-0.76,0.056
5.5,3040.35,0.4188,707.37,301.92,137.92,20.72,50.75,9.28,27.79,0.667,False,703.3,301.98,4.07,-0.06,-0.47,0.005
6.0,3046.92,0.4188,704.45,303.82,142.31,21.15,50.49,9.12,28.53,0.662,False,703.63,302.18,0.82,1.64,-0.78,-0.002
6.5,3070.22,0.4188,710.21,302.33,139.74,20.59,51.81,9.82,27.17,0.729,False,704.79,302.87,5.42,-0.54,0.39,0.058
7.0,3040.54,0.4188,706.99,305.21,139.71,21.0,53.59,9.53,28.31,0.676,False,703.31,301.98,3.68,3.23,2.36,0.014
7.5,3069.46,0.4188,708.38,297.28,140.61,20.99,51.82,9.59,28.0,0.659,False,704.75,302.85,3.63,-5.57,0.41,-0.012
8.0,3094.23,0.4188,701.77,303.02,137.32,20.97,50.96,9.6,28.28,0.623,False,705.99,303.59,-4.22,-0.57,-0.61,-0.055
8.5,3049.58,0.4188,705.66,301.58,142.87,20.97,49.19,9.62,28.19,0.673,False,703.76,302.26,1.9,-0.68,-2.09,0.008
9.0,3056.45,0.4188,705.05,304.06,143.34,21.49,51.73,9.44,29.03,0.658,False,704.1,302.46,0.95,1.6,0.4,-0.009
9.5,3042.65,0.4188,701.13,297.87,138.19,21.14,51.56,9.4,29.07,0.69,False,703.41,302.05,-2.28,-4.18,0.32,0.027
10.0,3040.44,0.4188,701.16,300.62,139.04,20.89,51.55,9.7,27.55,0.65,False,703.3,301.98,-2.14,-1.36,0.33,-0.012
10.5,3025.33,0.4188,698.34,296.92,139.74,20.96,51.01,9.55,29.28,0.668,False,702.55,301.53,-4.21,-4.61,-0.12,0.01
11.0,3030.5,0.4188,702.07,299.17,140.11,20.84,50.42,9.48,27.61,0.646,False,702.8,301.68,-0.73,-2.51,-0.74,-0.013
11.5,3041.14,0.4188,703.36,303.17,140.31,20.82,51.77,9.5,27.44,0.674,False,703.34,302.0,0.02,1.17,0.54,0.012
12.0,3073.09,0.4188,700.14,307.77,136.37,21.1,50.69,9.37,27.57,0.685,False,704.93,302.96,-4.79,4.81,-0.75,0.013
12.5,3045.8,0.4188,710.61,303.23,144.92,20.79,51.92,9.29,29.05,0.616,False,703.57,302.14,7.04,1.09,0.66,-0.048
13.0,3057.83,0.4188,707.26,300.92,141.1,20.67,51.09,9.27,29.17,0.698,False,704.17,302.5,3.09,-1.58,-0.25,0.031
13.5,3081.98,0.4188,704.09,303.97,139.12,20.79,51.89,9.53,28.63,0.569,False,705.38,303.23,-1.29,0.74,0.4,-0.106
14.0,3026.04,0.4188,698.5,302.1,140.52,20.78,50.68,9.63,27.66,0.674,False,702.58,301.55,-4.08,0.55,-0.45,0.016
14.5,3046.22,0.4188,702.05,304.05,141.09,21.11,50.51,9.75,27.26,0.633,False,703.59,302.15,-1.54,1.9,-0.75,-0.031
15.0,3055.35,0.4188,706.88,304.92,138.77,20.82,49.77,9.39,28.07,0.609,False,704.05,302.43,2.83,2.49,-1.55,-0.058
15.5,3079.36,0.4188,704.21,298.7,142.86,20.72,50.91,9.83,28.29,0.689,False,705.25,303.15,-1.04,-4.45,-0.57,0.015
16.0,3011.97,0.4188,709.11,307.21,139.69,21.23,51.41,9.55,29.17,0.69,False,701.88,301.13,7.23,6.08,0.37,0.036
16.5,3076.96,0.4188,706.71,301.08,142.83,21.18,51.39,9.26,27.75,0.698,False,705.13,303.08,1.58,-2.0,-0.07,0.025
17.0,3049.86,0.4188,698.29,296.02,140.37,20.91,50.69,9.14,27.73,0.679,False,703.77,302.26,-5.48,-6.24,-0.6,0.014
17.5,3048.81,0.4188,699.38,296.23,141.0,20.9,51.75,9.6,27.18,0.73,False,703.72,302.23,-4.34,-6.0,0.47,0.065
18.0,3059.11,0.4188,699.28,300.31,141.98,21.03,51.02,9.41,28.0,0.722,False,704.24,302.54,-4.96,-2.23,-0.33,0.054
18.5,3077.39,0.4188,709.27,297.35,140.28,20.58,51.27,9.3,28.49,0.713,False,705.15,303.09,4.12,-5.74,-0.19,0.04
19.0,3054.33,0.4188,699.57,302.32,137.53,20.79,51.07,9.75,28.56,0.613,False,704.0,302.4,-4.43,-0.08,-0.24,-0.053
19.5,3032.77,0.4188,702.11,300.69,142.65,21.12,52.26,9.57,29.42,0.726,False,702.92,301.75,-0.81,-1.06,1.09,0.066
20.0,3004.59,0.4188,702.43,303.81,138.93,20.93,52.48,9.48,28.5,0.71,False,701.51,300.91,0.92,2.9,1.49,0.059
20.5,3031.76,0.4188,708.48,304.56,140.34,20.84,53.08,9.59,27.46,0.564,False,702.87,301.72,5.61,2.84,1.91,-0.096
21.0,3065.02,0.4188,711.75,296.37,139.19,20.69,51.3,9.55,29.09,0.66,False,704.53,302.72,7.22,-6.35,-0.08,-0.01
21.5,3059.95,0.4188,698.75,301.91,141.59,20.96,50.78,9.33,26.0,0.72,False,704.28,302.57,-5.53,-0.66,-0.57,0.052
22.0,3038.98,0.4188,709.51,302.25,138.73,20.5,52.2,9.4,27.36,0.583,False,703.23,301.94,6.28,0.31,0.99,-0.079
22.5,3041.49,0.4188,703.11,305.38,142.22,21.2,51.16,9.52,28.76,0.715,False,703.35,302.01,-0.24,3.37,-0.07,0.053
23.0,3068.56,0.4188,708.28,299.12,140.56,21.23,51.79,9.44,28.39,0.728,False,704.71,302.82,3.57,-3.7,0.38,0.057
23.5,3056.19,0.4188,698.52,300.17,139.76,21.11,49.42,9.22,27.34,0.606,False,704.09,302.45,-5.57,-2.28,-1.91,-0.061
24.0,3023.46,0.4188,707.5,302.64,138.9,20.87,51.16,9.34,27.9,0.702,False,702.45,301.47,5.05,1.17,0.05,0.045
24.5,3069.0,0.4188,703.29,301.41,140.59,20.96,51.36,9.44,29.01,0.689,False,704.73,302.84,-1.44,-1.43,-0.05,0.018
25.0,3062.56,0.4188,712.09,307.23,139.67,20.66,51.61,9.65,27.72,0.63,False,704.41,302.64,7.68,4.59,0.24,-0.039
25.5,3051.78,0.4188,702.4,301.75,142.11,20.68,51.39,9.36,27.98,0.68,False,703.87,302.32,-1.47,-0.57,0.09,0.014
26.0,3064.21,0.4188,710.9,301.95,144.3,21.01,51.2,9.72,28.01,0.654,False,704.49,302.69,6.41,-0.74,-0.18,-0.015
26.5,3002.26,0.4188,702.17,302.46,140.62,20.98,51.52,9.33,29.26,0.65,False,701.39,300.84,0.78,1.62,0.54,-0.001
27.0,3050.09,0.4188,709.02,299.43,140.68,20.91,49.86,9.09,26.65,0.694,False,703.78,302.27,5.24,-2.84,-1.43,0.029
27.5,3035.05,0.4188,711.53,299.11,139.24,20.61,51.18,9.52,27.22,0.709,False,703.03,301.82,8.5,-2.71,-0.01,0.048
28.0,3054.41,0.4188,706.23,304.04,141.45,20.64,50.78,9.42,27.11,0.643,False,704.0,302.4,2.23,1.64,-0.54,-0.023
28.5,3038.05,0.4188,694.21,303.23,143.25,20.79,51.02,9.48,27.4,0.662,False,703.18,301.91,-8.97,1.32,-0.19,0.001
29.0,3042.13,0.4188,699.44,303.2,139.68,20.91,50.72,9.57,28.74,0.733,False,703.39,302.03,-3.95,1.17,-0.52,0.07
29.5,3054.6,0.4188,702.23,303.71,140.46,20.53,49.94,9.63,28.27,0.697,False,704.01,302.41,-1.78,1.3,-1.38,0.031
30.0,3060.81,0.4188,702.35,304.11,138.37,20.85,51.0,9.62,29.5,0.652,False,704.32,302.59,-1.97,1.52,-0.36,-0.016
0.5,3079.13,0.45,729.16,315.25,145.2,21.55,51.93,9.96,28.26,0.694,False,723.96,314.37,5.2,0.88,1.02,0.02
1.0,3123.86,0.45,723.66,321.07,146.91,21.09,53.75,9.86,28.49,0.698,False,726.19,315.72,-2.53,5.35,2.54,0.011
1.5,3127.98,0.45,728.45,318.36,147.92,21.38,53.6,10.1,28.69,0.683,False,726.4,315.84,2.05,2.52,2.37,-0.005
2.0,3145.25,0.45,728.4,313.95,143.61,21.07,52.93,10.2,28.8,0.706,False,727.26,316.36,1.14,-2.41,1.59,0.012
2.5,3098.23,0.45,724.23,318.13,141.11,21.47,48.67,9.9,29.0,0.679,False,724.91,314.95,-0.68,3.18,-2.37,-0.0
3.0,3101.46,0.45,724.96,318.06,144.99,21.19,52.74,9.71,28.06,0.609,False,725.07,315.04,-0.11,3.02,1.68,-0.071
3.5,3154.57,0.45,731.83,317.26,144.26,21.19,50.35,9.98,29.4,0.671,False,727.73,316.64,4.1,0.62,-1.05,-0.025
4.0,3122.67,0.45,731.16,315.88,142.46,21.22,49.71,10.09,27.92,0.653,False,726.13,315.68,5.03,0.2,-1.49,-0.034
4.5,3152.68,0.45,726.01,314.06,144.87,21.41,52.13,9.86,28.19,0.669,False,727.63,316.58,-1.62,-2.52,0.74,-0.027
5.0,3144.71,0.45,733.75,320.71,149.14,21.38,50.43,9.9,28.83,0.682,False,727.24,316.34,6.51,4.37,-0.91,-0.011
5.5,3118.3,0.45,724.53,312.47,144.23,21.64,50.99,10.07,29.64,0.759,False,725.91,315.55,-1.38,-3.08,-0.18,0.074
6.0,3144.65,0.45,726.35,315.11,145.81,21.05,51.14,9.62,29.27,0.66,False,727.23,316.34,-0.88,-1.23,-0.2,-0.033
6.5,3114.34,0.45,727.92,317.25,144.28,21.32,49.88,10.13,27.56,0.624,False,725.72,315.43,2.2,1.82,-1.26,-0.06
7.0,3094.78,0.45,723.75,318.46,146.43,21.51,52.02,9.97,28.21,0.687,False,724.74,314.84,-0.99,3.62,1.0,0.009
7.5,3151.6,0.45,720.41,319.64,143.69,21.34,50.55,9.87,28.25,0.701,False,727.58,316.55,-7.17,3.09,-0.84,0.006
8.0,3110.19,0.45,733.36,317.44,145.43,21.46,50.0,9.91,27.51,0.689,False,725.51,315.31,7.85,2.13,-1.12,0.006
8.5,3145.91,0.45,723.57,314.68,149.46,21.66,50.49,10.23,29.14,0.703,False,727.3,316.38,-3.73,-1.7,-0.86,0.009
9.0,3122.74,0.45,725.6,312.33,147.71,21.47,50.47,10.1,27.62,0.669,False,726.14,315.68,-0.54,-3.35,-0.73,-0.018
9.5,3141.82,0.45,730.42,313.35,143.48,21.45,52.36,9.91,29.44,0.623,False,727.09,316.25,3.33,-2.9,1.04,-0.07
10.0,3115.42,0.45,717.73,314.02,145.99,21.59,52.12,9.77,28.89,0.649,False,725.77,315.46,-8.04,-1.44,0.97,-0.036
10.5,3077.94,0.45,722.78,317.31,144.33,21.59,51.41,10.17,28.25,0.624,False,723.9,314.34,-1.12,2.97,0.5,-0.049
11.0,3080.71,0.45,721.29,316.25,143.41,21.21,49.91,10.06,29.77,0.731,False,724.04,314.42,-2.75,1.83,-1.01,0.057
11.5,3096.42,0.45,726.97,316.98,147.86,21.47,51.26,9.89,28.67,0.778,False,724.82,314.89,2.15,2.09,0.23,0.099
12.0,3166.6,0.45,727.88,320.37,148.77,21.26,53.09,10.13,28.63,0.668,False,728.33,317.0,-0.45,3.37,1.61,-0.032
12.5,3110.52,0.45,718.23,318.04,144.02,21.12,50.62,9.83,29.38,0.695,False,725.53,315.32,-7.3,2.72,-0.5,0.012
13.0,3114.67,0.45,725.58,321.59,146.13,21.56,50.66,10.01,28.86,0.683,False,725.73,315.44,-0.15,6.15,-0.49,-0.001
13.5,3139.29,0.45,721.08,313.58,143.85,21.69,50.68,9.97,27.54,0.646,False,726.96,316.18,-5.88,-2.6,-0.63,-0.046
14.0,3113.85,0.45,729.33,319.12,143.58,21.36,52.76,9.72,28.1,0.669,False,725.69,315.42,3.64,3.7,1.62,-0.015
14.5,3133.52,0.45,715.04,317.36,143.57,21.09,50.67,10.23,29.06,0.683,False,726.68,316.01,-11.64,1.35,-0.6,-0.007
15.0,3134.58,0.45,722.61,321.19,146.01,21.3,51.89,10.12,30.1,0.678,False,726.73,316.04,-4.12,5.15,0.62,-0.012
15.5,3115.54,0.45,723.63,315.34,144.71,21.53,49.23,9.84,27.06,0.702,False,725.78,315.47,-2.15,-0.13,-1.92,0.017
16.0,3129.52,0.45,726.64,309.45,144.91,21.29,51.58,10.2,28.9,0.714,False,726.48,315.89,0.16,-6.44,0.34,0.025
16.5,3090.21,0.45,726.92,318.24,148.07,21.28,52.08,10.01,28.45,0.669,False,724.51,314.71,2.41,3.53,1.09,-0.008
17.0,3124.4,0.45,723.26,314.46,140.25,21.6,52.73,10.03,28.1,0.628,False,726.22,315.73,-2.96,-1.27,1.52,-0.059
17.5,3100.65,0.45,730.03,312.38,147.57,21.36,52.8,9.86,26.94,0.689,False,725.03,315.02,5.0,-2.64,1.75,0.009
18.0,3124.54,0.45,727.92,317.15,143.9,21.4,51.34,10.22,27.93,0.706,False,726.23,315.74,1.69,1.41,0.13,0.019
18.5,3085.56,0.45,730.21,317.9,144.73,21.29,53.79,9.94,28.57,0.677,False,724.28,314.57,5.93,3.33,2.83,0.001
19.0,3110.35,0.45,725.77,318.54,147.64,21.25,51.2,10.04,28.2,0.718,False,725.52,315.31,0.25,3.23,0.08,0.035
19.5,3150.89,0.45,718.56,311.96,146.32,21.25,48.83,10.05,29.64,0.644,False,727.54,316.53,-8.98,-4.57,-2.55,-0.051
20.0,3146.85,0.45,719.52,312.77,144.82,21.21,51.13,9.72,28.99,0.655,False,727.34,316.41,-7.82,-3.64,-0.22,-0.039
20.5,3154.35,0.45,724.1,314.45,144.5,21.43,49.59,10.45,28.46,0.735,False,727.72,316.63,-3.62,-2.18,-1.81,0.039
21.0,3146.28,0.45,723.57,318.29,147.83,21.65,49.84,9.84,27.68,0.679,False,727.31,316.39,-3.74,1.9,-1.51,-0.015
21.5,3145.07,0.45,726.05,318.83,151.18,21.3,52.21,9.97,29.83,0.674,False,727.25,316.35,-1.2,2.48,0.87,-0.02
22.0,3165.54,0.45,723.27,318.39,144.7,21.23,50.91,9.83,28.23,0.75,False,728.28,316.97,-5.01,1.42,-0.57,0.05
22.5,3099.34,0.45,725.47,317.75,145.21,21.57,51.87,9.9,29.0,0.642,False,724.97,314.98,0.5,2.77,0.82,-0.038
23.0,3135.47,0.45,722.89,317.98,146.49,21.33,51.18,9.77,27.36,0.664,False,726.77,316.06,-3.88,1.92,-0.1,-0.027
23.5,3117.54,0.45,725.38,319.05,145.56,21.29,51.67,10.11,28.78,0.708,False,725.88,315.53,-0.5,3.52,0.51,0.023
24.0,3152.47,0.45,727.42,316.87,147.2,21.17,50.18,9.92,27.84,0.713,False,727.62,316.57,-0.2,0.3,-1.21,0.017
24.5,3125.37,0.45,728.1,316.09,145.04,21.83,50.73,9.97,28.91,0.642,False,726.27,315.76,1.83,0.33,-0.48,-0.046
25.0,3098.82,0.45,718.5,317.52,144.07,21.54,51.86,9.84,29.52,0.731,False,724.94,314.96,-6.44,2.56,0.82,0.051
25.5,3120.81,0.45,725.45,313.41,142.15,21.47,50.39,10.08,28.75,0.738,False,726.04,315.62,-0.59,-2.21,-0.8,0.052
26.0,3115.55,0.45,721.97,313.21,145.29,21.4,52.84,10.01,27.75,0.704,False,725.78,315.47,-3.81,-2.26,1.69,0.019
26.5,3121.29,0.45,727.53,318.22,141.26,21.36,52.87,9.89,28.83,0.729,False,726.06,315.64,1.47,2.58,1.68,0.043
27.0,3141.36,0.45,727.85,307.5,143.48,21.7,51.25,9.86,29.21,0.75,False,727.07,316.24,0.78,-8.74,-0.07,0.058
27.5,3120.47,0.45,728.07,317.37,143.11,21.41,51.73,9.98,28.4,0.706,False,726.02,315.61,2.05,1.76,0.55,0.02
28.0,3108.65,0.45,724.73,315.49,145.34,21.48,52.34,9.81,28.82,0.643,False,725.43,315.26,-0.7,0.23,1.23,-0.04
28.5,3174.47,0.45,724.23,317.34,146.18,21.19,53.48,9.69,29.42,0.632,False,728.72,317.23,-4.49,0.11,1.95,-0.07
29.0,3135.94,0.45,721.48,315.44,146.71,21.44,52.96,9.95,29.34,0.693,False,726.8,316.08,-5.32,-0.64,1.68,0.002
29.5,3095.75,0.45,729.95,318.24,147.77,21.1,52.26,10.21,28.86,0.737,False,724.79,314.87,5.16,3.37,1.24,0.058
30.0,3110.28,0.45,726.36,309.57,145.65,21.16,51.11,9.91,29.15,0.732,False,725.51,315.31,0.85,-5.74,-0.01,0.049
0.5,3256.4,0.4813,753.83,328.62,150.46,21.73,52.11,10.29,29.17,0.681,False,751.6,330.96,2.23,-2.34,0.61,-0.046
1.0,3192.49,0.4813,747.24,329.8,147.14,21.79,52.25,10.32,31.29,0.772,False,748.4,329.04,-1.16,0.76,1.16,0.064
1.5,3194.15,0.4813,744.38,328.92,150.4,21.72,51.3,10.1,27.77,0.686,False,748.49,329.09,-4.11,-0.17,0.2,-0.022
2.0,3188.8,0.4813,743.91,331.89,147.69,21.7,50.89,10.57,28.8,0.681,False,748.22,328.93,-4.31,2.96,-0.17,-0.026
2.5,3191.2,0.4813,758.85,329.17,149.28,21.78,51.04,10.46,30.74,0.715,False,748.34,329.0,10.51,0.17,-0.04,0.008
3.0,3216.21,0.4813,744.73,331.22,145.78,21.99,51.15,10.36,28.05,0.698,False,749.59,329.75,-4.86,1.47,-0.09,-0.017
3.5,3190.67,0.4813,751.84,328.72,149.17,21.8,49.65,10.27,27.87,0.703,False,748.31,328.99,3.53,-0.27,-1.43,-0.004
4.0,3204.04,0.4813,752.29,329.89,148.31,21.7,51.27,10.3,28.53,0.687,False,748.98,329.39,3.31,0.5,0.11,-0.024
4.5,3198.86,0.4813,747.28,328.61,150.59,21.83,51.98,10.33,27.97,0.739,False,748.72,329.23,-1.44,-0.62,0.85,0.029
5.0,3214.4,0.4813,747.4,325.69,152.17,21.93,51.82,10.5,26.54,0.693,False,749.5,329.7,-2.1,-4.01,0.59,-0.021
5.5,3202.75,0.4813,748.05,330.03,147.26,21.63,50.21,10.24,27.86,0.695,False,748.92,329.35,-0.87,0.68,-0.94,-0.016
6.0,3187.95,0.4813,749.39,328.49,150.78,21.56,50.54,10.48,27.69,0.661,False,748.18,328.91,1.21,-0.42,-0.52,-0.045
6.5,3184.7,0.4813,744.83,334.02,149.6,21.63,49.9,10.3,28.37,0.678,False,748.01,328.81,-3.18,5.21,-1.14,-0.027
7.0,3207.35,0.4813,746.9,328.64,148.02,21.89,49.82,10.4,30.26,0.729,False,749.15,329.49,-2.25,-0.85,-1.36,0.017
7.5,3189.3,0.4813,746.62,330.81,150.5,21.89,50.39,10.35,30.33,0.669,False,748.25,328.95,-1.62,1.86,-0.68,-0.038
8.0,3211.23,0.4813,746.96,330.56,152.0,21.63,51.85,10.23,28.64,0.772,False,749.34,329.6,-2.38,0.96,0.64,0.059
8.5,3183.15,0.4813,750.85,326.69,151.74,21.98,50.92,10.33,29.34,0.708,False,747.94,328.76,2.91,-2.07,-0.11,0.003
9.0,3222.48,0.4813,755.74,328.98,151.45,21.84,52.42,10.61,28.14,0.715,False,749.9,329.94,5.84,-0.96,1.14,-0.002
9.5,3213.51,0.4813,756.47,324.71,148.92,21.86,51.59,10.41,29.42,0.82,False,749.46,329.67,7.01,-4.96,0.37,0.106
10.0,3239.32,0.4813,748.04,331.24,153.18,21.89,51.5,10.32,29.5,0.728,False,750.75,330.45,-2.71,0.79,0.11,0.006
10.5,3178.98,0.4813,745.51,327.83,147.41,21.34,50.91,10.25,28.65,0.701,False,747.73,328.64,-2.22,-0.81,-0.09,-0.003
11.0,3231.64,0.4813,739.24,327.3,153.52,21.85,50.24,10.42,29.17,0.711,False,750.36,330.22,-11.12,-2.92,-1.1,-0.008
11.5,3206.29,0.4813,745.47,324.85,147.88,21.3,51.2,10.44,28.83,0.671,False,749.09,329.46,-3.62,-4.61,0.02,-0.041
12.0,3216.35,0.4813,748.8,331.51,150.51,21.65,53.01,10.62,30.0,0.808,False,749.6,329.76,-0.8,1.75,1.77,0.093
12.5,3222.65,0.4813,757.91,328.85,151.13,21.78,49.34,10.22,27.38,0.78,False,749.91,329.95,8.0,-1.1,-1.94,0.063
13.0,3196.45,0.4813,742.57,329.05,153.15,21.75,51.6,10.42,27.67,0.752,False,748.6,329.16,-6.03,-0.11,0.49,0.043
13.5,3206.83,0.4813,755.96,327.81,151.07,22.04,51.12,10.66,27.56,0.726,False,749.12,329.47,6.84,-1.66,-0.06,0.014
14.0,3213.22,0.4813,752.98,325.05,148.46,21.91,50.58,10.51,28.36,0.767,False,749.44,329.66,3.54,-4.61,-0.64,0.053
14.5,3206.17,0.4813,747.85,322.68,152.27,21.69,49.24,10.23,29.29,0.703,False,749.09,329.45,-1.24,-6.77,-1.94,-0.009
15.0,3206.73,0.4813,740.39,332.4,148.63,21.4,48.38,10.32,29.56,0.732,False,749.12,329.47,-8.73,2.93,-2.8,0.02
15.5,3206.09,0.4813,745.4,326.7,149.54,21.64,53.42,10.43,28.78,0.724,False,749.08,329.45,-3.68,-2.75,2.24,0.012
16.0,3207.16,0.4813,744.12,325.31,150.67,21.59,50.56,10.34,29.45,0.681,False,749.14,329.48,-5.02,-4.17,-0.62,-0.031
16.5,3167.3,0.4813,741.83,328.61,153.22,21.37,52.36,10.54,28.37,0.654,False,747.14,328.29,-5.31,0.32,1.44,-0.046
17.0,3231.11,0.4813,749.45,330.58,150.34,22.07,51.56,10.42,28.73,0.707,False,750.34,330.2,-0.89,0.38,0.22,-0.012
17.5,3207.84,0.4813,753.84,334.45,147.77,21.76,50.85,10.5,29.59,0.746,False,749.17,329.5,4.67,4.95,-0.34,0.034
18.0,3185.72,0.4813,754.58,328.77,148.75,21.93,51.72,10.33,28.78,0.733,False,748.07,328.84,6.51,-0.07,0.68,0.027
18.5,3208.69,0.4813,750.05,335.51,151.14,21.87,49.35,10.58,28.13,0.693,False,749.21,329.53,0.84,5.98,-1.84,-0.02
19.0,3224.82,0.4813,751.02,332.73,150.35,21.65,49.91,10.27,28.67,0.713,False,750.02,330.01,1.0,2.72,-1.39,-0.004
19.5,3208.36,0.4813,744.53,335.31,149.12,21.62,50.88,10.65,27.79,0.663,False,749.2,329.52,-4.67,5.79,-0.31,-0.05
20.0,3206.23,0.4813,750.33,330.04,147.22,21.61,53.48,10.34,29.67,0.656,False,749.09,329.45,1.24,0.59,2.3,-0.056
20.5,3225.2,0.4813,751.29,332.68,152.46,21.94,50.36,10.39,28.74,0.744,False,750.04,330.02,1.25,2.66,-0.94,0.026
21.0,3213.04,0.4813,744.07,332.32,148.42,21.91,52.77,10.21,29.16,0.662,False,749.43,329.66,-5.36,2.66,1.55,-0.052
21.5,3214.43,0.4813,747.49,328.38,147.21,21.59,49.8,10.33,28.91,0.696,False,749.5,329.7,-2.01,-1.32,-1.43,-0.018
22.0,3185.85,0.4813,753.28,334.66,149.45,21.48,50.79,10.46,29.04,0.741,False,748.07,328.84,5.21,5.82,-0.25,0.035
22.5,3253.14,0.4813,743.0,327.67,150.22,22.2,49.25,10.51,29.58,0.717,False,751.44,330.86,-8.44,-3.19,-2.23,-0.009
23.0,3179.66,0.4813,752.11,333.31,151.66,22.01,51.77,10.18,29.01,0.674,False,747.76,328.66,4.35,4.65,0.77,-0.03
23.5,3213.14,0.4813,755.24,327.72,150.63,22.09,51.35,10.42,29.74,0.681,False,749.44,329.66,5.8,-1.94,0.13,-0.033
24.0,3206.28,0.4813,753.14,329.26,152.9,21.69,50.01,10.06,28.57,0.735,False,749.09,329.46,4.05,-0.2,-1.17,0.023
24.5,3218.02,0.4813,749.71,331.9,148.58,21.63,50.81,10.54,28.43,0.813,False,749.68,329.81,0.03,2.09,-0.44,0.098
25.0,3175.08,0.4813,761.78,332.96,149.44,22.09,50.52,10.41,27.58,0.73,False,747.53,328.52,14.25,4.44,-0.45,0.027
25.5,3184.9,0.4813,745.2,328.05,147.68,21.53,52.03,10.27,28.15,0.751,False,748.02,328.81,-2.82,-0.76,0.99,0.046
26.0,3190.84,0.4813,749.86,326.23,150.4,22.04,52.39,10.66,28.22,0.711,False,748.32,328.99,1.54,-2.76,1.31,0.004
26.5,3239.75,0.4813,744.47,331.26,147.76,21.81,50.94,10.34,29.09,0.67,False,750.77,330.46,-6.3,0.8,-0.45,-0.052
27.0,3188.4,0.4813,750.02,326.51,148.72,21.63,50.47,10.65,29.23,0.726,False,748.2,328.92,1.82,-2.41,-0.59,0.019
27.5,3172.05,0.4813,752.18,322.62,149.03,21.82,51.28,10.37,29.31,0.667,False,747.38,328.43,4.8,-5.81,0.33,-0.035
28.0,3184.85,0.4813,750.83,326.8,149.74,21.62,52.87,10.64,28.77,0.73,False,748.02,328.81,2.81,-2.01,1.83,0.025
28.5,3225.62,0.4813,753.24,325.89,149.89,22.12,51.48,10.25,29.29,0.765,False,750.06,330.04,3.18,-4.15,0.18,0.047
29.0,3181.43,0.4813,747.14,335.12,148.84,21.64,50.56,10.53,28.64,0.707,False,747.85,328.71,-0.71,6.41,-0.46,0.003
29.5,3201.06,0.4813,749.81,325.4,148.76,21.58,51.52,10.65,28.21,0.685,False,748.83,329.3,0.98,-3.9,0.38,-0.025
30.0,3198.06,0.4813,754.37,331.71,149.22,21.87,51.4,10.41,29.78,0.708,False,748.68,329.21,5.69,2.5,0.28,-0.001
0.5,3288.15,0.5125,767.31,342.29,158.7,21.9,51.17,10.92,27.66,0.708,False,771.91,343.14,-4.6,-0.85,0.02,-0.028
1.0,3270.81,0.5125,768.18,341.79,151.57,21.99,50.99,10.83,29.87,0.744,False,771.04,342.62,-2.86,-0.83,-0.05,0.013
1.5,3281.96,0.5125,776.94,340.57,151.39,21.98,51.82,10.64,28.25,0.654,False,771.6,342.96,5.34,-2.39,0.71,-0.081
2.0,3283.81,0.5125,774.14,338.28,154.31,22.23,50.16,10.89,29.45,0.751,False,771.69,343.01,2.45,-4.73,-0.96,0.016
2.5,3247.26,0.5125,763.33,345.64,151.06,22.2,50.3,10.9,28.08,0.73,False,769.86,341.92,-6.53,3.72,-0.58,0.006
3.0,3307.8,0.5125,765.6,338.14,151.84,22.79,52.28,11.12,29.11,0.719,False,772.89,343.73,-7.29,-5.59,1.0,-0.023
3.5,3277.71,0.5125,773.53,344.81,158.35,22.44,49.57,10.84,30.2,0.71,False,771.39,342.83,2.14,1.98,-1.51,-0.023
4.0,3266.14,0.5125,769.99,337.4,154.05,22.44,50.68,10.94,28.34,0.729,False,770.81,342.48,-0.82,-5.08,-0.32,-0.001
4.5,3277.68,0.5125,777.76,347.11,159.14,22.49,50.12,10.9,28.68,0.728,False,771.38,342.83,6.38,4.28,-0.96,-0.005
5.0,3266.27,0.5125,762.93,343.36,155.84,22.16,48.84,11.26,29.98,0.721,False,770.81,342.49,-7.88,0.87,-2.17,-0.009
5.5,3255.64,0.5125,771.5,347.69,156.34,22.09,51.04,11.02,29.19,0.725,False,770.28,342.17,1.22,5.52,0.1,-0.002
6.0,3267.64,0.5125,773.4,345.42,156.66,22.2,51.31,10.8,28.41,0.708,False,770.88,342.53,2.52,2.89,0.3,-0.022
6.5,3315.08,0.5125,770.93,342.66,154.54,22.08,53.01,10.98,29.42,0.726,False,773.25,343.95,-2.32,-1.29,1.69,-0.019
7.0,3282.31,0.5125,782.41,344.37,154.9,22.06,52.19,10.85,27.66,0.733,False,771.62,342.97,10.79,1.4,1.08,-0.002
7.5,3263.78,0.5125,770.04,341.4,155.74,22.0,50.02,10.82,30.2,0.732,False,770.69,342.41,-0.65,-1.01,-0.97,0.003
8.0,3288.47,0.5125,765.07,339.72,151.54,22.15,51.21,10.95,28.68,0.686,False,771.92,343.15,-6.85,-3.43,0.06,-0.051
8.5,3299.83,0.5125,776.12,340.99,155.58,21.98,49.95,11.0,29.83,0.727,False,772.49,343.49,3.63,-2.5,-1.27,-0.013
9.0,3274.64,0.5125,769.96,346.51,155.26,22.22,51.04,10.74,30.05,0.759,False,771.23,342.74,-1.27,3.77,-0.02,0.027
9.5,3290.55,0.5125,765.16,344.72,152.41,22.29,51.0,10.87,29.17,0.726,False,772.03,343.22,-6.87,1.5,-0.16,-0.011
10.0,3276.42,0.5125,764.54,343.36,154.3,22.1,52.41,10.87,28.59,0.673,False,771.32,342.79,-6.78,0.57,1.34,-0.06
10.5,3263.56,0.5125,772.53,347.57,156.32,21.93,52.02,10.86,30.36,0.75,False,770.68,342.41,1.85,5.16,1.03,0.021
11.0,3286.05,0.5125,778.31,344.65,154.55,21.85,53.25,11.03,28.95,0.743,False,771.8,343.08,6.51,1.57,2.12,0.007
11.5,3313.73,0.5125,761.91,345.26,156.1,22.01,50.93,10.79,28.52,0.684,False,773.19,343.91,-11.28,1.35,-0.38,-0.06
12.0,3268.57,0.5125,773.77,339.88,158.45,22.43,49.45,10.83,28.96,0.682,False,770.93,342.56,2.84,-2.68,-1.57,-0.049
12.5,3291.14,0.5125,772.66,343.09,155.72,22.48,50.56,11.28,28.9,0.768,False,772.06,343.23,0.6,-0.14,-0.61,0.031
13.0,3294.44,0.5125,777.46,340.66,152.57,22.32,53.66,10.79,28.91,0.711,False,772.22,343.33,5.24,-2.67,2.47,-0.027
13.5,3294.09,0.5125,774.37,343.49,157.17,21.82,50.32,10.8,29.49,0.72,False,772.2,343.32,2.17,0.17,-0.87,-0.018
14.0,3299.22,0.5125,764.6,341.65,154.29,22.04,50.31,10.86,29.11,0.69,False,772.46,343.48,-7.86,-1.83,-0.91,-0.05
14.5,3275.84,0.5125,770.01,342.8,154.18,22.17,48.39,11.09,31.32,0.761,False,771.29,342.78,-1.28,0.02,-2.68,0.028
15.0,3259.78,0.5125,773.13,345.21,153.35,22.21,51.86,11.0,27.88,0.688,False,770.49,342.29,2.64,2.92,0.9,-0.04
15.5,3274.97,0.5125,777.19,340.38,156.67,22.26,51.11,11.04,28.64,0.79,False,771.25,342.75,5.94,-2.37,0.05,0.058
16.0,3270.91,0.5125,768.02,343.73,154.13,22.39,51.91,10.85,29.15,0.69,False,771.05,342.63,-3.03,1.1,0.87,-0.041
16.5,3273.65,0.5125,775.77,341.7,155.94,22.37,52.03,10.66,28.61,0.698,False,771.18,342.71,4.59,-1.01,0.98,-0.034
17.0,3257.99,0.5125,765.78,347.04,153.87,22.52,51.77,10.9,29.75,0.723,False,770.4,342.24,-4.62,4.8,0.82,-0.004
17.5,3265.91,0.5125,769.43,344.38,151.06,22.35,50.99,10.7,30.26,0.75,False,770.8,342.48,-1.37,1.9,-0.01,0.02
18.0,3292.93,0.5125,766.51,344.77,156.21,22.68,51.17,10.55,28.45,0.719,False,772.15,343.29,-5.64,1.48,-0.01,-0.019
18.5,3250.66,0.5125,768.4,342.4,153.34,22.49,50.66,10.97,29.36,0.755,False,770.03,342.02,-1.63,0.38,-0.24,0.03
19.0,3271.48,0.5125,761.16,347.33,154.63,22.12,51.95,10.85,29.47,0.771,False,771.07,342.64,-9.91,4.69,0.91,0.04
19.5,3265.97,0.5125,775.41,342.52,154.14,21.86,51.23,10.75,29.37,0.715,False,770.8,342.48,4.61,0.04,0.23,-0.015
20.0,3236.1,0.5125,770.01,341.38,153.43,22.15,51.04,11.06,27.83,0.744,False,769.3,341.58,0.71,-0.2,0.23,0.023
20.5,3259.09,0.5125,775.71,342.86,153.91,22.11,51.04,10.71,29.53,0.745,False,770.45,342.27,5.26,0.59,0.08,0.017
21.0,3275.07,0.5125,768.22,338.84,156.59,22.6,50.58,11.0,28.63,0.785,False,771.25,342.75,-3.03,-3.91,-0.48,0.052
21.5,3230.28,0.5125,766.09,345.26,156.33,21.87,52.26,11.04,28.96,0.774,False,769.01,341.41,-2.92,3.85,1.49,0.055
22.0,3317.1,0.5125,772.98,340.87,154.63,22.17,51.38,10.79,29.78,0.742,False,773.36,344.01,-0.38,-3.14,0.04,-0.003
22.5,3286.13,0.5125,765.65,337.46,154.82,22.44,51.81,10.87,29.62,0.671,False,771.81,343.08,-6.16,-5.62,0.68,-0.065
23.0,3295.65,0.5125,776.15,342.48,154.05,22.22,49.95,10.84,29.37,0.673,False,772.28,343.37,3.87,-0.89,-1.25,-0.066
23.5,3294.42,0.5125,769.82,341.84,155.46,22.45,50.84,10.82,28.98,0.773,False,772.22,343.33,-2.4,-1.49,-0.35,0.035
24.0,3311.32,0.5125,773.27,342.5,153.47,22.18,51.23,10.83,30.29,0.788,False,773.07,343.84,0.2,-1.34,-0.07,0.045
24.5,3273.37,0.5125,765.51,341.37,152.89,22.05,51.61,11.03,29.35,0.698,False,771.17,342.7,-5.66,-1.33,0.56,-0.034
25.0,3280.03,0.5125,777.99,340.16,157.14,21.93,50.09,10.9,28.93,0.778,False,771.5,342.9,6.49,-2.74,-1.01,0.044
25.5,3270.46,0.5125,778.42,343.17,154.33,21.8,51.02,10.71,29.94,0.759,False,771.02,342.61,7.4,0.56,-0.01,0.028
26.0,3273.15,0.5125,767.77,338.34,156.12,22.34,51.04,10.77,27.2,0.705,False,771.16,342.69,-3.39,-4.35,-0.01,-0.027
26.5,3296.03,0.5125,773.22,342.09,155.6,22.46,50.09,10.83,28.23,0.734,False,772.3,343.38,0.92,-1.29,-1.11,-0.005
27.0,3275.18,0.5125,767.92,337.41,154.33,22.23,50.25,10.78,28.01,0.708,False,771.26,342.76,-3.34,-5.35,-0.81,-0.025
27.5,3253.84,0.5125,765.88,345.87,153.86,22.36,49.3,10.96,28.37,0.774,False,770.19,342.12,-4.31,3.75,-1.62,0.048
28.0,3271.25,0.5125,767.48,349.93,153.84,22.12,51.99,11.06,28.81,0.727,False,771.06,342.64,-3.58,7.29,0.95,-0.004
28.5,3271.07,0.5125,767.44,344.95,153.18,21.82,50.95,10.86,30.8,0.733,False,771.05,342.63,-3.61,2.32,-0.09,0.002
29.0,3317.64,0.5125,768.85,338.04,152.22,22.0,51.21,10.76,29.17,0.702,False,773.38,344.03,-4.53,-5.99,-0.13,-0.043
29.5,3246.07,0.5125,775.31,341.41,157.85,22.32,52.73,10.73,29.41,0.69,False,769.8,341.88,5.51,-0.47,1.86,-0.034
30.0,3319.28,0.5125,761.42,341.03,155.49,22.09,51.53,10.77,29.24,0.672,False,773.46,344.08,-12.04,-3.05,0.18,-0.074
0.5,3347.24,0.5437,792.36,354.76,160.22,22.3,51.28,11.21,28.88,0.704,False,793.58,356.15,-1.22,-1.39,0.31,-0.05
1.0,3347.15,0.5437,796.2,359.42,158.24,22.59,51.16,11.37,30.16,0.759,False,793.58,356.15,2.62,3.27,0.19,0.005
1.5,3339.12,0.5437,796.87,349.86,160.81,22.52,49.76,11.45,29.98,0.762,False,793.18,355.91,3.69,-6.05,-1.16,0.01
2.0,3365.54,0.5437,798.8,357.32,156.79,22.53,51.59,11.45,28.57,0.746,False,794.5,356.7,4.3,0.62,0.5,-0.014
2.5,3369.95,0.5437,795.69,355.37,162.23,22.69,50.07,11.54,29.72,0.704,False,794.72,356.83,0.97,-1.46,-1.05,-0.057
3.0,3392.39,0.5437,789.27,355.99,160.39,22.68,50.01,11.3,29.57,0.712,False,795.84,357.5,-6.57,-1.51,-1.25,-0.056
3.5,3355.83,0.5437,790.4,354.42,161.84,22.46,51.57,11.3,29.19,0.752,False,794.01,356.41,-3.61,-1.99,0.54,-0.005
4.0,3388.81,0.5437,801.18,359.73,156.87,22.68,50.07,11.36,30.75,0.784,False,795.66,357.4,5.52,2.33,-1.17,0.017
4.5,3340.81,0.5437,794.96,357.3,158.32,22.38,50.38,11.13,29.77,0.767,False,793.26,355.96,1.7,1.34,-0.55,0.015
5.0,3395.39,0.5437,787.68,354.39,156.93,22.65,49.02,11.37,28.89,0.756,False,795.99,357.59,-8.31,-3.2,-2.26,-0.013
5.5,3379.33,0.5437,797.19,354.06,161.31,22.83,50.49,11.48,29.36,0.807,False,795.19,357.11,2.0,-3.05,-0.69,0.043
6.0,3337.79,0.5437,799.62,358.52,162.55,22.55,49.27,11.21,29.41,0.763,False,793.11,355.87,6.51,2.65,-1.64,0.012
6.5,3364.26,0.5437,799.43,360.85,160.61,22.76,50.77,11.4,28.27,0.758,False,794.43,356.66,5.0,4.19,-0.31,-0.001
7.0,3362.9,0.5437,795.64,353.7,153.45,22.45,51.87,11.37,29.05,0.754,False,794.37,356.62,1.27,-2.92,0.8,-0.005
7.5,3325.65,0.5437,795.3,355.24,161.32,22.76,50.12,11.24,28.39,0.746,False,792.5,355.5,2.8,-0.26,-0.71,-0.002
8.0,3398.66,0.5437,789.11,360.53,157.13,22.5,49.42,11.4,28.8,0.745,False,796.15,357.69,-7.04,2.84,-1.88,-0.025
8.5,3334.37,0.5437,789.58,358.16,159.93,22.71,49.91,11.55,29.31,0.763,False,792.94,355.76,-3.36,2.4,-0.98,0.013
9.0,3355.84,0.5437,793.9,364.29,156.81,22.63,52.97,11.51,29.16,0.767,False,794.01,356.41,-0.11,7.88,1.94,0.01
9.5,3355.39,0.5437,793.8,362.23,156.44,22.49,51.39,11.28,28.96,0.672,False,793.99,356.39,-0.19,5.84,0.37,-0.085
10.0,3333.64,0.5437,799.76,359.39,158.54,22.48,51.22,11.23,29.54,0.693,False,792.9,355.74,6.86,3.65,0.34,-0.057
10.5,3349.03,0.5437,786.41,360.52,158.84,22.16,50.44,11.22,29.66,0.716,False,793.67,356.2,-7.26,4.32,-0.54,-0.039
11.0,3362.72,0.5437,799.39,359.71,157.35,23.01,51.91,11.38,30.96,0.825,False,794.36,356.61,5.03,3.1,0.84,0.066
11.5,3376.64,0.5437,796.92,357.21,156.56,22.68,53.29,11.15,29.3,0.799,False,795.05,357.03,1.87,0.18,2.13,0.036
12.0,3326.73,0.5437,799.47,364.86,155.67,22.42,50.79,11.25,29.65,0.822,False,792.56,355.53,6.91,9.33,-0.05,0.074
12.5,3385.96,0.5437,800.2,356.5,157.35,22.79,52.25,11.37,28.91,0.806,False,795.52,357.31,4.68,-0.81,1.03,0.04
13.0,3356.1,0.5437,793.71,361.29,156.63,22.85,51.55,11.41,29.41,0.766,False,794.02,356.41,-0.31,4.88,0.52,0.009
13.5,3358.08,0.5437,798.84,358.39,158.52,22.84,50.95,11.26,29.28,0.807,False,794.12,356.47,4.72,1.92,-0.09,0.05
14.0,3342.11,0.5437,797.27,358.95,160.84,22.6,51.74,11.4,29.99,0.71,False,793.33,356.0,3.94,2.95,0.8,-0.043
14.5,3369.28,0.5437,794.72,357.15,156.48,22.51,49.33,11.26,30.19,0.734,False,794.68,356.81,0.04,0.34,-1.78,-0.027
15.0,3356.3,0.5437,803.45,357.0,159.11,22.59,50.24,11.38,30.51,0.729,False,794.04,356.42,9.41,0.58,-0.79,-0.028
15.5,3369.78,0.5437,794.13,352.9,161.36,22.26,52.33,11.44,29.75,0.729,False,794.71,356.83,-0.58,-3.93,1.21,-0.032
16.0,3355.64,0.5437,796.71,362.1,161.45,22.65,51.65,11.26,30.56,0.737,False,794.0,356.4,2.71,5.7,0.62,-0.02
16.5,3354.87,0.5437,790.51,357.8,159.48,22.92,52.21,11.42,28.31,0.798,False,793.96,356.38,-3.45,1.42,1.19,0.042
17.0,3346.47,0.5437,794.06,355.03,157.65,22.72,51.17,11.33,29.56,0.655,False,793.54,356.13,0.52,-1.1,0.2,-0.099
17.5,3373.29,0.5437,799.78,358.69,157.59,22.46,50.86,11.32,30.44,0.737,False,794.88,356.93,4.9,1.76,-0.28,-0.025
18.0,3339.65,0.5437,784.02,352.22,155.97,22.74,52.0,11.48,30.69,0.785,False,793.2,355.92,-9.18,-3.7,1.08,0.033
18.5,3392.44,0.5437,801.99,356.96,157.75,22.78,50.61,11.19,29.14,0.821,False,795.84,357.51,6.15,-0.55,-0.65,0.053
19.0,3300.03,0.5437,801.53,353.45,155.53,22.76,49.96,11.36,28.5,0.757,False,791.22,354.73,10.31,-1.28,-0.7,0.017
19.5,3374.66,0.5437,791.87,361.18,159.38,22.37,49.45,11.29,30.34,0.715,False,794.95,356.97,-3.08,4.21,-1.7,-0.047
20.0,3347.19,0.5437,801.1,357.51,155.63,22.78,51.56,11.51,27.68,0.783,False,793.58,356.15,7.52,1.36,0.59,0.029
20.5,3341.87,0.5437,791.87,358.56,158.3,22.73,50.62,11.24,28.43,0.683,False,793.31,355.99,-1.44,2.57,-0.32,-0.07
21.0,3333.68,0.5437,789.73,356.61,157.81,23.2,50.99,11.3,28.5,0.728,False,792.9,355.74,-3.17,0.87,0.11,-0.022
21.5,3329.1,0.5437,793.51,359.71,157.28,22.49,50.99,11.24,29.5,0.807,False,792.68,355.61,0.83,4.1,0.14,0.058
22.0,3369.51,0.5437,789.18,358.99,154.16,22.89,51.53,11.49,29.78,0.806,False,794.7,356.82,-5.52,2.17,0.41,0.045
22.5,3358.11,0.5437,806.49,355.83,156.51,22.52,51.65,11.5,30.32,0.741,False,794.13,356.48,12.36,-0.65,0.61,-0.016
23.0,3337.02,0.5437,791.05,356.25,154.93,22.57,51.33,11.15,29.71,0.796,False,793.07,355.84,-2.02,0.41,0.43,0.045
23.5,3389.87,0.5437,796.74,353.61,158.77,22.65,51.68,11.25,29.72,0.763,False,795.71,357.43,1.03,-3.82,0.43,-0.004
24.0,3384.38,0.5437,801.61,358.16,159.15,22.49,50.18,11.33,28.87,0.832,False,795.44,357.26,6.17,0.9,-1.03,0.067
24.5,3373.1,0.5437,790.65,360.77,161.14,22.75,53.5,11.39,31.24,0.759,False,794.88,356.92,-4.23,3.85,2.36,-0.003
25.0,3371.39,0.5437,798.45,354.27,156.92,22.65,50.79,11.55,30.0,0.738,False,794.79,356.87,3.66,-2.6,-0.34,-0.023
25.5,3378.23,0.5437,802.41,360.39,159.73,22.23,50.9,11.36,28.89,0.664,False,795.13,357.08,7.28,3.31,-0.27,-0.099
26.0,3359.77,0.5437,791.45,352.38,159.37,22.81,52.64,11.16,29.96,0.744,False,794.21,356.53,-2.76,-4.15,1.59,-0.014
26.5,3366.37,0.5437,796.72,357.83,160.68,22.48,49.5,11.19,27.37,0.764,False,794.54,356.72,2.18,1.11,-1.59,0.004
27.0,3345.17,0.5437,802.16,354.02,157.08,22.47,51.29,11.36,30.36,0.728,False,793.48,356.09,8.68,-2.07,0.33,-0.026
27.5,3387.09,0.5437,799.01,362.4,157.12,22.65,53.2,11.6,27.56,0.828,False,795.57,357.34,3.44,5.06,1.97,0.062
28.0,3383.75,0.5437,801.22,365.18,163.67,22.42,51.32,11.18,30.92,0.757,False,795.41,357.24,5.81,7.94,0.11,-0.008
28.5,3352.17,0.5437,790.36,358.18,157.57,22.42,51.08,11.21,31.69,0.75,False,793.83,356.3,-3.47,1.88,0.08,-0.006
29.0,3401.04,0.5437,787.44,356.73,162.78,22.64,52.08,11.14,28.32,0.761,False,796.27,357.76,-8.83,-1.03,0.76,-0.009
29.5,3332.86,0.5437,792.46,356.91,157.51,22.93,51.73,11.21,29.99,0.771,False,792.86,355.72,-0.4,1.19,0.85,0.021
30.0,3322.62,0.5437,790.05,360.23,160.31,22.84,49.2,11.42,28.88,0.822,False,792.35,355.41,-2.3,4.82,-1.61,0.075
0.5,3431.09,0.575,818.44,369.07,163.69,22.96,50.92,11.69,29.68,0.748,False,816.55,369.93,1.89,-0.86,-0.03,-0.031
1.0,3442.99,0.575,819.94,372.14,164.05,23.0,49.27,11.88,28.85,0.778,False,817.15,370.29,2.79,1.85,-1.76,-0.005
1.5,3456.82,0.575,810.37,365.96,163.81,22.96,52.97,11.75,29.47,0.82,False,817.84,370.7,-7.47,-4.74,1.85,0.033
2.0,3463.7,0.575,815.27,372.04,167.81,22.95,51.03,11.74,29.02,0.795,False,818.18,370.91,-2.91,1.13,-0.13,0.006
2.5,3454.62,0.575,818.01,376.15,161.55,22.6,50.27,11.86,29.66,0.727,False,817.73,370.64,0.28,5.51,-0.84,-0.059
3.0,3433.59,0.575,819.93,368.73,167.03,23.11,46.97,11.64,27.89,0.823,False,816.68,370.01,3.25,-1.28,-4.0,0.043
3.5,3431.14,0.575,819.91,366.55,162.94,23.21,52.54,11.86,31.05,0.741,False,816.56,369.93,3.35,-3.38,1.59,-0.038
4.0,3413.19,0.575,817.01,369.63,163.87,23.14,50.14,11.88,28.8,0.77,False,815.66,369.4,1.35,0.23,-0.7,-0.004
4.5,3416.73,0.575,809.82,370.55,162.58,23.13,49.78,11.88,28.94,0.784,False,815.84,369.5,-6.02,1.05,-1.08,0.009
5.0,3412.8,0.575,816.31,367.95,166.02,23.11,50.81,11.7,29.12,0.825,False,815.64,369.38,0.67,-1.43,-0.02,0.051
5.5,3424.21,0.575,812.09,368.5,163.6,23.04,52.69,11.9,30.3,0.827,False,816.21,369.73,-4.12,-1.23,1.78,0.05
6.0,3424.06,0.575,825.24,367.38,163.25,22.79,50.18,11.92,30.11,0.735,False,816.2,369.72,9.04,-2.34,-0.73,-0.042
6.5,3438.11,0.575,827.99,374.13,165.95,23.14,53.12,11.82,30.58,0.819,False,816.91,370.14,11.08,3.99,2.12,0.038
7.0,3445.26,0.575,821.81,372.58,163.37,23.02,49.41,11.98,29.41,0.775,False,817.26,370.36,4.55,2.22,-1.63,-0.009
7.5,3433.31,0.575,819.95,372.81,167.12,22.86,51.67,11.91,28.28,0.754,False,816.67,370.0,3.28,2.81,0.7,-0.026
8.0,3469.57,0.575,818.9,373.82,166.61,22.7,50.34,11.8,29.85,0.744,False,818.48,371.09,0.42,2.73,-0.86,-0.047
8.5,3454.86,0.575,813.12,376.18,161.18,22.9,50.91,11.88,29.51,0.775,False,817.74,370.65,-4.62,5.53,-0.2,-0.011
9.0,3406.96,0.575,810.66,374.47,163.85,23.23,52.71,11.92,29.67,0.741,False,815.35,369.21,-4.69,5.26,1.91,-0.031
9.5,3451.52,0.575,811.57,372.6,164.32,22.97,50.58,11.75,30.74,0.756,False,817.58,370.55,-6.01,2.05,-0.5,-0.029
10.0,3426.18,0.575,815.13,372.05,162.11,22.67,51.52,11.93,30.56,0.772,False,816.31,369.79,-1.18,2.26,0.6,-0.006
10.5,3424.65,0.575,814.67,374.6,163.27,22.86,52.14,11.93,30.49,0.745,False,816.23,369.74,-1.56,4.86,1.23,-0.032
11.0,3466.89,0.575,822.68,368.29,165.51,22.78,52.74,11.66,29.24,0.796,False,818.34,371.01,4.34,-2.72,1.56,0.006
11.5,3400.92,0.575,819.63,370.45,160.22,23.58,50.9,11.7,29.63,0.828,False,815.05,369.03,4.58,1.42,0.14,0.058
12.0,3436.95,0.575,806.02,367.52,165.4,23.2,50.24,11.72,29.58,0.858,False,816.85,370.11,-10.83,-2.59,-0.75,0.077
12.5,3452.09,0.575,817.68,367.58,162.24,23.1,52.09,11.65,28.85,0.725,False,817.6,370.56,0.08,-2.98,1.0,-0.061
13.0,3411.66,0.575,810.55,368.68,162.69,23.07,52.31,11.87,29.48,0.789,False,815.58,369.35,-5.03,-0.67,1.48,0.016
13.5,3425.51,0.575,818.86,363.3,166.52,23.24,49.53,11.74,30.37,0.833,False,816.28,369.77,2.58,-6.47,-1.39,0.055
14.0,3458.37,0.575,818.78,370.0,164.92,22.89,50.41,11.68,28.92,0.802,False,817.92,370.75,0.86,-0.75,-0.72,0.014
14.5,3409.57,0.575,818.85,374.72,165.45,23.3,54.26,11.72,29.54,0.795,False,815.48,369.29,3.37,5.43,3.45,0.022
15.0,3434.4,0.575,821.37,373.74,164.82,23.22,49.05,11.94,29.31,0.755,False,816.72,370.03,4.65,3.71,-1.92,-0.025
15.5,3437.88,0.575,817.45,370.84,161.82,22.87,52.99,11.67,30.36,0.776,False,816.89,370.14,0.56,0.7,1.99,-0.005
16.0,3456.37,0.575,823.35,367.01,166.98,22.99,52.04,11.93,29.93,0.708,False,817.82,370.69,5.53,-3.68,0.92,-0.079
16.5,3426.32,0.575,815.64,372.27,165.0,22.69,50.11,11.8,30.72,0.751,False,816.32,369.79,-0.68,2.48,-0.81,-0.027
17.0,3436.07,0.575,820.32,367.71,163.06,23.17,50.35,11.63,28.17,0.758,False,816.8,370.08,3.52,-2.37,-0.63,-0.023
17.5,3413.16,0.575,822.09,366.35,167.1,23.07,50.58,11.74,30.24,0.786,False,815.66,369.39,6.43,-3.04,-0.26,0.012
18.0,3437.46,0.575,817.03,370.9,163.86,23.25,49.94,11.7,29.71,0.698,False,816.87,370.12,0.16,0.78,-1.05,-0.083
18.5,3454.49,0.575,809.84,369.77,163.95,23.12,52.43,11.97,28.89,0.744,False,817.72,370.63,-7.88,-0.86,1.33,-0.042
19.0,3439.0,0.575,816.24,372.32,162.92,23.14,50.76,11.59,30.83,0.749,False,816.95,370.17,-0.71,2.15,-0.24,-0.033
19.5,3449.33,0.575,821.38,372.41,161.11,22.94,50.42,12.06,28.57,0.804,False,817.47,370.48,3.91,1.93,-0.65,0.019
20.0,3422.08,0.575,820.95,372.97,163.65,23.11,50.27,11.66,28.05,0.701,False,816.1,369.66,4.85,3.31,-0.62,-0.076
20.5,3449.63,0.575,818.81,368.83,161.98,22.84,51.28,12.06,29.7,0.8,False,817.48,370.49,1.33,-1.66,0.21,0.015
21.0,3419.53,0.575,817.91,370.39,167.03,22.79,52.45,11.58,30.66,0.797,False,815.98,369.59,1.93,0.8,1.57,0.021
21.5,3439.94,0.575,828.35,366.42,163.8,23.15,50.81,11.54,28.67,0.732,False,817.0,370.2,11.35,-3.78,-0.2,-0.05
22.0,3479.93,0.575,817.43,371.23,161.26,23.26,51.32,11.84,28.82,0.702,False,819.0,371.4,-1.57,-0.17,0.05,-0.092
22.5,3445.61,0.575,815.47,369.18,159.72,23.0,51.18,11.82,29.36,0.763,False,817.28,370.37,-1.81,-1.19,0.13,-0.021
23.0,3468.33,0.575,820.34,371.05,165.46,23.17,51.59,11.7,30.7,0.805,False,818.42,371.05,1.92,0.0,0.4,0.015
23.5,3442.63,0.575,820.64,369.27,157.93,22.96,50.06,11.84,29.98,0.796,False,817.13,370.28,3.51,-1.01,-0.97,0.013
24.0,3454.53,0.575,825.5,371.64,164.12,23.01,51.8,11.72,27.92,0.696,False,817.73,370.64,7.77,1.0,0.7,-0.09
24.5,3465.36,0.575,819.85,370.6,160.81,23.21,53.36,11.96,29.43,0.815,False,818.27,370.96,1.58,-0.36,2.19,0.025
25.0,3443.56,0.575,812.97,369.63,161.97,23.23,50.64,11.79,29.58,0.76,False,817.18,370.31,-4.21,-0.68,-0.39,-0.023
25.5,3438.58,0.575,808.52,372.66,165.7,22.62,49.32,11.79,30.15,0.784,False,816.93,370.16,-8.41,2.5,-1.68,0.002
26.0,3435.11,0.575,816.06,372.14,160.77,23.02,50.99,11.98,29.65,0.791,False,816.76,370.05,-0.7,2.09,0.01,0.01
26.5,3420.77,0.575,821.54,372.08,165.09,23.09,50.17,11.97,30.43,0.786,False,816.04,369.62,5.5,2.46,-0.72,0.01
27.0,3450.95,0.575,809.99,371.78,161.95,22.88,50.12,11.94,30.46,0.864,False,817.55,370.53,-7.56,1.25,-0.96,0.079
27.5,3459.86,0.575,811.3,372.3,160.44,23.23,49.83,11.85,28.61,0.721,False,817.99,370.8,-6.69,1.5,-1.31,-0.067
28.0,3457.5,0.575,821.28,368.2,161.32,23.11,53.35,12.1,31.09,0.83,False,817.88,370.73,3.4,-2.53,2.23,0.043
28.5,3432.12,0.575,818.98,372.07,165.09,23.2,50.2,11.66,30.48,0.748,False,816.61,369.96,2.37,2.11,-0.76,-0.032
29.0,3435.93,0.575,810.61,369.83,163.0,22.86,52.29,11.87,28.93,0.718,False,816.8,370.08,-6.19,-0.25,1.31,-0.063
29.5,3426.03,0.575,810.36,369.78,163.74,23.29,52.81,11.84,29.04,0.795,False,816.3,369.78,-5.94,-0.0,1.89,0.017
30.0,3396.22,0.575,818.55,369.37,162.86,22.77,49.94,11.81,28.77,0.795,False,814.81,368.89,3.74,0.48,-0.79,0.026
0.5,3520.82,0.6062,847.64,384.79,169.85,23.63,51.83,12.08,30.82,0.829,False,839.76,383.86,7.88,0.93,0.86,0.023
1.0,3488.87,0.6062,836.07,382.57,171.66,23.79,50.82,12.2,29.02,0.766,False,838.16,382.9,-2.09,-0.33,0.05,-0.031
1.5,3501.78,0.6062,836.7,385.34,167.47,23.26,51.54,12.33,29.12,0.786,False,838.81,383.29,-2.11,2.05,0.69,-0.015
2.0,3536.54,0.6062,840.49,383.92,166.9,23.25,50.61,12.43,30.54,0.853,False,840.55,384.33,-0.06,-0.41,-0.47,0.042
2.5,3560.84,0.6062,842.93,386.15,167.38,23.56,51.65,12.21,30.45,0.787,False,841.76,385.06,1.17,1.09,0.42,-0.031
3.0,3517.83,0.6062,837.45,384.73,171.3,23.62,51.1,12.02,30.1,0.766,False,839.61,383.77,-2.16,0.96,0.15,-0.039
3.5,3550.9,0.6062,837.83,380.06,166.23,23.55,48.56,12.27,30.15,0.83,False,841.27,384.76,-3.44,-4.7,-2.61,0.015
4.0,3508.06,0.6062,834.38,386.61,168.89,23.36,51.14,12.26,30.4,0.766,False,839.12,383.47,-4.74,3.14,0.25,-0.036
4.5,3489.6,0.6062,841.14,385.28,166.94,23.46,49.02,12.1,29.86,0.793,False,838.2,382.92,2.94,2.36,-1.75,-0.004
5.0,3525.77,0.6062,837.55,385.65,165.34,23.51,50.74,12.19,30.12,0.809,False,840.01,384.01,-2.46,1.64,-0.27,0.001
5.5,3495.58,0.6062,844.5,390.04,166.4,23.43,50.92,12.4,30.43,0.82,False,838.5,383.1,6.0,6.94,0.11,0.021
6.0,3535.86,0.6062,837.32,382.7,168.9,23.46,50.16,12.26,29.82,0.719,False,840.51,384.31,-3.19,-1.61,-0.91,-0.092
6.5,3493.48,0.6062,840.24,386.14,168.61,23.64,50.68,12.01,29.93,0.792,False,838.39,383.04,1.85,3.1,-0.12,-0.006
7.0,3524.41,0.6062,841.81,381.98,169.63,23.69,50.58,12.42,29.49,0.83,False,839.94,383.96,1.87,-1.98,-0.42,0.023
7.5,3515.2,0.6062,830.7,385.16,167.7,23.28,51.32,12.31,30.61,0.814,False,839.48,383.69,-8.78,1.47,0.38,0.009
8.0,3501.1,0.6062,836.96,386.38,168.31,23.41,48.45,12.16,30.39,0.836,False,838.77,383.26,-1.81,3.12,-2.4,0.036
8.5,3547.63,0.6062,841.7,375.8,168.49,23.64,52.67,12.22,29.94,0.856,False,841.1,384.66,0.6,-8.86,1.52,0.042
9.0,3499.92,0.6062,839.79,384.67,165.95,23.22,50.68,12.2,29.99,0.871,False,838.72,383.23,1.07,1.44,-0.16,0.071
9.5,3512.43,0.6062,846.05,384.84,165.89,23.26,49.14,12.19,29.24,0.813,False,839.34,383.6,6.71,1.24,-1.78,0.009
10.0,3532.0,0.6062,832.07,378.56,166.84,23.4,51.27,12.44,29.23,0.732,False,840.32,384.19,-8.25,-5.63,0.22,-0.078
10.5,3492.78,0.6062,833.72,381.57,167.19,23.7,50.94,12.11,29.62,0.799,False,838.36,383.02,-4.64,-1.45,0.15,0.001
11.0,3477.82,0.6062,837.03,384.06,169.76,23.49,49.87,12.54,29.06,0.895,False,837.61,382.57,-0.58,1.49,-0.82,0.102
11.5,3517.47,0.6062,839.89,385.82,165.61,23.42,50.34,12.28,29.5,0.758,False,839.59,383.76,0.3,2.06,-0.61,-0.047
12.0,3497.29,0.6062,843.02,378.74,168.06,23.25,47.74,12.32,28.53,0.77,False,838.58,383.15,4.44,-4.41,-3.08,-0.029
12.5,3521.18,0.6062,837.86,384.19,168.3,23.65,51.26,12.15,30.85,0.85,False,839.78,383.87,-1.92,0.32,0.28,0.044
13.0,3520.44,0.6062,842.56,380.95,167.09,23.52,49.43,12.36,29.2,0.885,False,839.74,383.85,2.82,-2.9,-1.54,0.079
13.5,3530.11,0.6062,838.75,385.41,167.17,23.62,49.22,12.48,30.41,0.797,False,840.23,384.14,-1.48,1.27,-1.81,-0.012
14.0,3535.46,0.6062,840.24,386.03,171.75,23.51,48.67,12.29,29.91,0.833,False,840.49,384.3,-0.25,1.73,-2.4,0.022
14.5,3529.1,0.6062,840.16,383.05,163.11,23.76,52.18,12.25,30.39,0.762,False,840.18,384.11,-0.02,-1.06,1.15,-0.047
15.0,3503.76,0.6062,839.31,382.56,164.08,23.19,52.09,12.14,30.52,0.725,False,838.91,383.34,0.4,-0.78,1.23,-0.076
15.5,3500.37,0.6062,836.15,386.34,165.93,23.71,50.3,12.48,28.54,0.751,False,838.74,383.24,-2.59,3.1,-0.54,-0.049
16.0,3526.23,0.6062,834.45,387.38,166.8,23.41,51.48,12.41,29.32,0.832,False,840.03,384.02,-5.58,3.36,0.47,0.024
16.5,3522.72,0.6062,848.18,381.83,167.76,23.34,50.35,12.28,30.05,0.802,False,839.86,383.91,8.32,-2.08,-0.64,-0.005
17.0,3538.83,0.6062,839.26,384.28,166.47,23.33,50.06,12.03,29.07,0.769,False,840.66,384.4,-1.4,-0.12,-1.03,-0.043
17.5,3515.02,0.6062,836.96,384.23,165.92,23.36,51.58,12.15,30.9,0.792,False,839.47,383.68,-2.51,0.55,0.64,-0.013
18.0,3541.43,0.6062,841.83,380.72,166.82,23.62,52.03,12.26,30.02,0.843,False,840.79,384.47,1.04,-3.75,0.92,0.031
18.5,3518.77,0.6062,847.47,380.53,164.64,23.51,49.25,11.97,29.2,0.865,False,839.66,383.8,7.81,-3.27,-1.71,0.059
19.0,3517.14,0.6062,841.67,381.57,167.08,23.38,50.62,12.4,30.59,0.807,False,839.58,383.75,2.09,-2.18,-0.33,0.002
19.5,3508.13,0.6062,845.14,383.23,167.06,23.57,51.48,12.47,32.07,0.79,False,839.13,383.48,6.01,-0.25,0.59,-0.012
20.0,3536.57,0.6062,843.71,385.23,165.13,23.75,53.04,12.45,29.34,0.817,False,840.55,384.33,3.16,0.9,1.96,0.006
20.5,3539.12,0.6062,851.57,384.22,164.51,23.49,52.79,12.13,28.57,0.785,False,840.68,384.41,10.89,-0.19,1.7,-0.027
21.0,3543.33,0.6062,837.58,383.57,167.35,23.72,50.18,12.34,30.54,0.779,False,840.89,384.53,-3.31,-0.96,-0.94,-0.034
21.5,3490.07,0.6062,846.82,384.49,167.93,23.41,51.81,12.2,29.25,0.868,False,838.22,382.93,8.6,1.56,1.04,0.071
22.0,3528.61,0.6062,841.77,378.13,164.21,23.56,50.98,12.01,29.63,0.843,False,840.15,384.09,1.62,-5.96,-0.04,0.034
22.5,3545.22,0.6062,848.65,384.18,165.93,23.28,51.57,12.45,30.17,0.804,False,840.98,384.59,7.67,-0.41,0.44,-0.01
23.0,3507.35,0.6062,832.82,388.87,169.25,23.16,50.73,11.8,30.28,0.777,False,839.09,383.45,-6.27,5.42,-0.16,-0.025
23.5,3451.95,0.6062,851.33,381.79,169.6,23.27,49.14,12.32,29.58,0.816,False,836.32,381.79,15.01,-0.0,-1.39,0.03
24.0,3508.6,0.6062,832.31,385.55,168.13,23.59,49.64,12.15,29.85,0.78,False,839.15,383.49,-6.84,2.06,-1.25,-0.023
24.5,3491.66,0.6062,831.3,381.54,167.55,23.49,51.36,12.48,31.34,0.803,False,838.3,382.98,-7.0,-1.44,0.58,0.006
25.0,3486.68,0.6062,840.43,380.56,164.7,23.35,51.42,12.35,30.5,0.838,False,838.05,382.83,2.38,-2.27,0.67,0.042
25.5,3495.65,0.6062,839.04,379.24,166.64,23.39,50.1,12.35,30.96,0.743,False,838.5,383.1,0.54,-3.86,-0.71,-0.056
26.0,3537.97,0.6062,835.42,386.64,165.81,23.22,51.17,12.54,29.52,0.77,False,840.62,384.37,-5.2,2.27,0.08,-0.041
26.5,3534.3,0.6062,837.38,379.02,165.29,23.39,52.85,12.42,30.61,0.844,False,840.44,384.26,-3.06,-5.24,1.79,0.034
27.0,3522.97,0.6062,842.52,383.72,171.53,23.33,51.0,12.48,29.06,0.851,False,839.87,383.92,2.65,-0.2,0.01,0.044
27.5,3514.45,0.6062,833.25,383.72,166.89,23.36,49.26,12.24,30.78,0.815,False,839.44,383.67,-6.19,0.05,-1.67,0.011
28.0,3521.55,0.6062,844.85,383.24,166.35,23.35,50.73,12.31,29.3,0.779,False,839.8,383.88,5.05,-0.64,-0.25,-0.027
28.5,3522.42,0.6062,840.68,386.55,167.78,23.67,51.59,12.19,28.07,0.802,False,839.84,383.9,0.84,2.65,0.61,-0.005
29.0,3482.12,0.6062,834.02,382.41,170.05,23.66,49.73,12.2,29.25,0.806,False,837.83,382.7,-3.81,-0.29,-0.99,0.011
29.5,3505.5,0.6062,839.27,386.53,169.37,23.36,51.59,12.52,30.29,0.857,False,839.0,383.4,0.27,3.13,0.72,0.055
30.0,3546.29,0.6062,831.4,380.73,168.54,23.57,51.76,12.5,30.03,0.816,False,841.03,384.62,-9.63,-3.89,0.62,0.002
0.5,3589.32,0.6375,857.92,399.85,172.65,23.94,51.21,12.6,29.62,0.845,False,861.97,397.18,-4.05,2.67,0.35,0.018
1.0,3612.9,0.6375,863.03,393.62,174.56,24.17,49.82,12.76,29.81,0.874,False,863.14,397.89,-0.12,-4.27,-1.19,0.04
1.5,3594.88,0.6375,865.77,402.33,170.41,24.12,51.0,12.75,30.43,0.779,False,862.24,397.35,3.53,4.98,0.11,-0.049
2.0,3601.04,0.6375,874.3,400.93,176.51,23.89,49.92,12.62,31.31,0.848,False,862.55,397.53,11.75,3.4,-1.01,0.018
2.5,3627.59,0.6375,853.37,394.98,172.43,23.83,49.24,12.54,29.09,0.825,False,863.88,398.33,-10.51,-3.35,-1.86,-0.013
3.0,3572.27,0.6375,857.61,396.04,171.12,23.38,49.41,12.81,30.57,0.85,False,861.11,396.67,-3.5,-0.63,-1.33,0.028
3.5,3623.43,0.6375,850.77,398.68,171.33,23.86,50.51,12.79,31.57,0.753,False,863.67,398.2,-12.9,0.48,-0.57,-0.084
4.0,3600.09,0.6375,862.41,400.02,172.49,24.11,52.31,12.78,29.25,0.794,False,862.5,397.5,-0.09,2.52,1.38,-0.036
4.5,3601.42,0.6375,867.37,399.58,170.01,24.18,51.93,12.88,30.27,0.819,False,862.57,397.54,4.8,2.04,1.0,-0.011
5.0,3556.17,0.6375,867.96,398.75,168.75,24.08,50.68,12.69,29.31,0.734,False,860.31,396.19,7.65,2.56,0.04,-0.083
5.5,3597.42,0.6375,866.44,394.48,173.05,23.97,50.79,12.7,30.33,0.831,False,862.37,397.42,4.07,-2.94,-0.12,0.002
6.0,3599.01,0.6375,868.39,392.87,170.4,23.73,50.69,12.7,29.66,0.823,False,862.45,397.47,5.94,-4.6,-0.23,-0.007
6.5,3598.45,0.6375,860.39,397.46,175.16,23.82,50.46,12.96,30.63,0.856,False,862.42,397.45,-2.03,0.01,-0.45,0.026
7.0,3615.02,0.6375,865.51,396.51,171.69,23.91,53.71,12.74,29.88,0.787,False,863.25,397.95,2.26,-1.44,2.69,-0.048
7.5,3602.68,0.6375,851.96,397.63,172.7,23.89,51.01,13.06,29.56,0.805,False,862.63,397.58,-10.67,0.05,0.07,-0.026
8.0,3579.03,0.6375,861.56,398.41,170.66,24.15,50.23,13.02,29.04,0.785,False,861.45,396.87,0.11,1.54,-0.56,-0.039
8.5,3630.55,0.6375,857.59,393.64,171.0,23.96,50.08,12.84,31.47,0.842,False,864.03,398.42,-6.44,-4.78,-1.04,0.003
9.0,3550.06,0.6375,858.73,394.75,169.82,23.85,50.06,12.84,29.86,0.834,False,860.0,396.0,-1.27,-1.25,-0.54,0.019
9.5,3604.27,0.6375,858.44,398.47,171.75,23.63,51.3,12.84,29.7,0.726,False,862.71,397.63,-4.27,0.84,0.35,-0.105
10.0,3581.48,0.6375,860.46,391.56,172.53,24.08,51.0,12.77,30.26,0.809,False,861.57,396.94,-1.11,-5.38,0.2,-0.015
10.5,3596.17,0.6375,866.51,402.96,171.65,24.05,50.55,12.8,29.5,0.778,False,862.31,397.39,4.2,5.57,-0.35,-0.051
11.0,3593.21,0.6375,854.22,397.7,171.7,23.99,49.48,12.76,30.61,0.792,False,862.16,397.3,-7.94,0.4,-1.4,-0.036
11.5,3564.45,0.6375,863.71,399.13,175.68,24.06,51.07,12.66,29.34,0.892,False,860.72,396.43,2.99,2.7,0.38,0.073
12.0,3593.93,0.6375,852.42,394.45,170.09,24.14,51.59,12.74,29.92,0.807,False,862.2,397.32,-9.78,-2.87,0.7,-0.021
12.5,3602.92,0.6375,859.8,398.75,172.37,23.98,51.32,12.74,31.19,0.859,False,862.65,397.59,-2.85,1.16,0.38,0.028
13.0,3579.06,0.6375,861.31,397.54,174.86,23.8,51.58,12.69,28.8,0.785,False,861.45,396.87,-0.14,0.67,0.79,-0.039
13.5,3613.21,0.6375,858.67,396.25,167.36,23.48,50.02,12.78,29.46,0.774,False,863.16,397.9,-4.49,-1.65,-0.99,-0.06
14.0,3625.09,0.6375,858.95,396.51,172.13,24.26,52.91,12.47,31.12,0.776,False,863.75,398.25,-4.8,-1.74,1.82,-0.062
14.5,3639.85,0.6375,853.75,398.49,174.23,23.92,50.14,12.98,29.63,0.764,False,864.49,398.7,-10.74,-0.21,-1.04,-0.078
15.0,3588.77,0.6375,862.78,398.23,173.78,24.06,49.88,12.63,30.48,0.879,False,861.94,397.16,0.84,1.07,-0.97,0.052
15.5,3593.06,0.6375,861.71,399.52,170.7,24.13,52.54,12.79,29.29,0.84,False,862.15,397.29,-0.44,2.23,1.66,0.012
16.0,3583.33,0.6375,857.74,397.61,173.52,23.9,52.78,12.64,29.7,0.808,False,861.67,397.0,-3.93,0.61,1.96,-0.017
16.5,3625.98,0.6375,862.14,398.19,171.32,23.95,51.44,12.86,31.22,0.87,False,863.8,398.28,-1.66,-0.09,0.35,0.032
17.0,3593.47,0.6375,866.07,396.35,174.37,24.09,51.58,12.74,29.64,0.779,False,862.17,397.3,3.9,-0.95,0.7,-0.049
17.5,3612.14,0.6375,860.46,397.84,171.02,23.87,53.93,12.68,29.33,0.748,False,863.11,397.86,-2.65,-0.02,2.93,-0.086
18.0,3562.74,0.6375,868.49,392.78,172.02,23.75,49.39,12.59,30.5,0.898,False,860.64,396.38,7.85,-3.6,-1.29,0.079
18.5,3583.17,0.6375,874.49,394.79,172.88,23.8,50.02,12.69,30.17,0.803,False,861.66,397.0,12.83,-2.21,-0.8,-0.022
19.0,3574.27,0.6375,859.43,390.16,172.81,23.7,49.06,12.57,30.79,0.819,False,861.21,396.73,-1.78,-6.57,-1.7,-0.003
19.5,3564.01,0.6375,866.92,393.65,175.05,23.97,49.28,12.77,31.03,0.779,False,860.7,396.42,6.22,-2.77,-1.41,-0.04
20.0,3575.21,0.6375,863.12,396.5,171.54,24.05,52.0,12.84,29.24,0.784,False,861.26,396.76,1.86,-0.26,1.24,-0.039
20.5,3614.26,0.6375,862.35,403.39,172.56,23.92,49.63,12.7,30.34,0.809,False,863.21,397.93,-0.86,5.46,-1.39,-0.025
21.0,3610.03,0.6375,864.19,396.66,175.83,24.03,51.73,12.66,29.46,0.837,False,863.0,397.8,1.19,-1.14,0.74,0.004
21.5,3577.52,0.6375,865.16,398.03,173.27,23.82,50.07,12.88,29.11,0.805,False,861.38,396.83,3.78,1.2,-0.71,-0.018
22.0,3582.18,0.6375,870.19,393.43,174.06,23.7,49.7,12.88,30.02,0.781,False,861.61,396.97,8.58,-3.54,-1.11,-0.044
22.5,3591.81,0.6375,866.32,400.59,170.75,24.03,50.8,12.54,30.23,0.824,False,862.09,397.25,4.23,3.34,-0.07,-0.004
23.0,3580.02,0.6375,859.94,396.47,172.43,24.04,52.08,12.95,29.71,0.853,False,861.5,396.9,-1.56,-0.43,1.28,0.029
23.5,3630.89,0.6375,856.83,399.48,171.1,23.76,49.04,12.61,29.99,0.826,False,864.04,398.43,-7.21,1.05,-2.09,-0.013
24.0,3602.11,0.6375,863.42,395.75,171.55,23.89,49.83,12.83,30.53,0.874,False,862.61,397.56,0.81,-1.81,-1.11,0.043
24.5,3582.21,0.6375,869.94,396.65,172.61,23.75,50.05,12.66,29.51,0.849,False,861.61,396.97,8.33,-0.32,-0.76,0.024
25.0,3588.54,0.6375,854.67,398.56,172.3,23.94,51.14,12.81,30.24,0.815,False,861.93,397.16,-7.26,1.4,0.29,-0.012
25.5,3573.62,0.6375,851.98,395.17,170.81,24.03,53.11,12.99,29.99,0.874,False,861.18,396.71,-9.2,-1.54,2.36,0.052
26.0,3598.77,0.6375,868.38,397.02,171.26,24.14,51.9,12.79,31.08,0.804,False,862.44,397.46,5.94,-0.44,0.98,-0.026
26.5,3583.26,0.6375,856.83,396.12,173.06,24.0,50.97,12.44,30.95,0.815,False,861.66,397.0,-4.83,-0.88,0.15,-0.01
27.0,3568.8,0.6375,870.56,396.28,174.43,23.83,51.43,12.87,30.69,0.802,False,860.94,396.56,9.62,-0.28,0.71,-0.019
27.5,3568.69,0.6375,862.6,393.87,173.3,23.78,52.05,12.78,30.69,0.82,False,860.93,396.56,1.67,-2.69,1.33,-0.001
28.0,3587.06,0.6375,864.21,398.59,167.29,24.0,50.27,12.69,31.4,0.896,False,861.85,397.11,2.36,1.48,-0.57,0.07
28.5,3546.72,0.6375,864.14,398.74,175.19,24.16,49.25,12.5,29.49,0.823,False,859.84,395.9,4.3,2.84,-1.33,0.009
29.0,3562.82,0.6375,860.57,399.0,173.54,23.86,51.7,12.85,29.77,0.788,False,860.64,396.38,-0.07,2.62,1.02,-0.031
29.5,3572.55,0.6375,858.95,395.36,173.99,23.68,49.16,12.88,30.65,0.873,False,861.13,396.68,-2.18,-1.32,-1.59,0.051
30.0,3601.6,0.6375,862.68,397.56,170.67,23.66,51.51,12.67,29.81,0.826,False,862.58,397.55,0.1,0.01,0.57,-0.004
0.5,3678.75,0.6687,884.11,409.31,176.17,24.23,48.76,13.32,30.21,0.857,False,885.16,411.09,-1.05,-1.78,-2.12,0.003
1.0,3686.14,0.6687,885.8,408.27,177.54,24.53,50.71,13.14,28.66,0.79,False,885.53,411.32,0.27,-3.05,-0.21,-0.066
1.5,3688.91,0.6687,882.98,412.87,178.34,24.48,51.8,13.15,32.69,0.881,False,885.67,411.4,-2.69,1.47,0.86,0.024
2.0,3637.46,0.6687,876.29,411.93,173.47,24.36,49.27,13.08,31.63,0.864,False,883.09,409.86,-6.8,2.07,-1.34,0.023
2.5,3678.3,0.6687,880.03,414.06,176.84,24.66,51.0,13.29,30.22,0.784,False,885.13,411.08,-5.11,2.98,0.13,-0.069
3.0,3703.58,0.6687,883.37,416.99,177.88,24.35,48.53,13.29,29.77,0.935,False,886.4,411.84,-3.03,5.15,-2.51,0.074
3.5,3674.82,0.6687,894.62,413.03,178.48,24.78,49.73,13.1,30.88,0.855,False,884.96,410.98,9.66,2.05,-1.12,0.003
4.0,3695.42,0.6687,887.44,410.95,177.07,24.39,51.41,13.13,30.9,0.9,False,885.99,411.59,1.45,-0.64,0.43,0.041
4.5,3677.24,0.6687,879.41,408.08,174.98,24.22,50.09,13.19,28.15,0.875,False,885.08,411.05,-5.67,-2.97,-0.78,0.022
5.0,3707.75,0.6687,877.33,411.7,172.08,24.29,51.4,12.96,30.03,0.816,False,886.61,411.96,-9.28,-0.26,0.34,-0.046
5.5,3627.05,0.6687,881.35,407.26,179.86,24.36,51.68,13.27,30.73,0.894,False,882.57,409.54,-1.22,-2.28,1.14,0.056
6.0,3661.49,0.6687,882.62,414.76,179.54,24.29,48.45,13.2,30.6,0.9,False,884.29,410.58,-1.67,4.18,-2.31,0.052
6.5,3670.87,0.6687,884.38,407.33,178.03,24.48,53.28,13.25,30.26,0.85,False,884.76,410.86,-0.38,-3.53,2.46,-0.001
7.0,3638.97,0.6687,878.91,410.87,179.39,24.18,50.84,12.95,32.52,0.81,False,883.17,409.9,-4.26,0.97,0.22,-0.032
7.5,3657.87,0.6687,895.65,411.91,177.0,24.52,52.48,13.28,29.79,0.811,False,884.11,410.47,11.54,1.44,1.74,-0.036
8.0,3676.5,0.6687,887.82,407.57,177.01,24.64,49.52,13.12,32.45,0.821,False,885.05,411.03,2.77,-3.46,-1.34,-0.032
8.5,3682.92,0.6687,886.1,412.58,179.89,24.59,49.43,13.07,30.56,0.848,False,885.37,411.22,0.73,1.36,-1.47,-0.007
9.0,3692.31,0.6687,890.04,408.38,178.31,23.72,51.09,13.22,29.0,0.814,False,885.84,411.5,4.2,-3.12,0.13,-0.044
9.5,3658.18,0.6687,891.77,408.2,177.78,24.94,51.81,13.07,29.05,0.871,False,884.13,410.48,7.64,-2.28,1.07,0.024
10.0,3677.68,0.6687,883.67,405.94,174.49,24.46,51.56,13.44,29.06,0.805,False,885.1,411.06,-1.43,-5.12,0.69,-0.048
10.5,3674.28,0.6687,884.34,412.41,178.29,24.62,50.5,13.26,29.95,0.828,False,884.93,410.96,-0.59,1.45,-0.35,-0.024
11.0,3655.41,0.6687,883.26,412.02,175.49,24.37,51.07,13.46,30.09,0.858,False,883.99,410.39,-0.73,1.63,0.35,0.011
11.5,3678.31,0.6687,881.93,413.38,176.32,24.55,50.43,13.3,30.73,0.786,False,885.14,411.08,-3.21,2.3,-0.44,-0.067
12.0,3691.28,0.6687,889.4,410.82,176.46,24.15,51.65,13.08,29.67,0.902,False,885.78,411.47,3.62,-0.65,0.69,0.045
12.5,3638.79,0.6687,885.46,410.92,178.11,24.32,50.55,13.13,30.44,0.933,False,883.16,409.9,2.3,1.02,-0.07,0.091
13.0,3652.03,0.6687,888.64,416.62,180.59,24.43,51.26,13.43,29.47,0.836,False,883.82,410.29,4.82,6.33,0.56,-0.01
13.5,3681.96,0.6687,879.66,411.67,178.59,24.68,51.26,13.09,29.65,0.808,False,885.32,411.19,-5.66,0.48,0.36,-0.047
14.0,3654.34,0.6687,891.9,415.47,177.54,24.33,49.59,13.2,29.3,0.86,False,883.94,410.36,7.96,5.11,-1.13,0.014
14.5,3654.37,0.6687,888.73,408.42,176.11,24.33,50.24,13.04,30.82,0.884,False,883.94,410.36,4.79,-1.94,-0.48,0.038
15.0,3699.08,0.6687,889.22,413.56,178.64,24.35,50.06,13.33,30.51,0.852,False,886.17,411.7,3.05,1.86,-0.95,-0.008
15.5,3677.58,0.6687,883.2,412.03,178.65,24.57,49.77,13.3,30.21,0.845,False,885.1,411.06,-1.9,0.97,-1.1,-0.008
16.0,3655.92,0.6687,886.55,410.9,174.8,24.44,50.37,13.25,29.3,0.846,False,884.02,410.41,2.53,0.49,-0.36,-0.001
16.5,3686.88,0.6687,889.24,410.38,176.75,24.28,48.62,13.17,30.31,0.848,False,885.56,411.34,3.68,-0.96,-2.31,-0.008
17.0,3659.76,0.6687,878.94,415.6,178.9,24.18,50.8,13.36,30.9,0.862,False,884.21,410.52,-5.27,5.08,0.05,0.014
17.5,3674.81,0.6687,883.62,414.25,181.49,24.54,50.87,13.58,32.22,0.788,False,884.96,410.98,-1.34,3.27,0.02,-0.064
18.0,3673.58,0.6687,875.1,413.8,177.64,24.65,51.08,13.13,30.95,0.917,False,884.9,410.94,-9.8,2.86,0.24,0.065
18.5,3683.96,0.6687,878.93,413.38,179.1,24.24,51.3,13.17,29.99,0.897,False,885.42,411.25,-6.49,2.13,0.39,0.042
19.0,3683.74,0.6687,885.41,412.73,175.37,24.3,50.04,13.19,29.22,0.862,False,885.41,411.24,0.0,1.49,-0.87,0.007
19.5,3653.99,0.6687,886.5,412.19,181.06,24.62,51.41,13.28,30.7,0.853,False,883.92,410.35,2.58,1.84,0.7,0.007
20.0,3681.58,0.6687,878.52,417.26,179.95,24.68,50.88,13.4,30.26,0.842,False,885.3,411.18,-6.78,6.08,-0.01,-0.012
20.5,3700.05,0.6687,884.24,409.53,173.96,24.52,49.95,13.25,29.55,0.891,False,886.22,411.73,-1.98,-2.2,-1.06,0.031
21.0,3655.73,0.6687,885.57,411.45,176.93,24.37,50.75,12.84,30.48,0.854,False,884.01,410.4,1.56,1.05,0.02,0.007
21.5,3644.36,0.6687,892.22,414.01,178.48,24.36,51.28,13.56,29.05,0.814,False,883.44,410.06,8.78,3.95,0.63,-0.029
22.0,3691.51,0.6687,884.84,412.92,176.95,24.26,51.98,13.52,31.0,0.802,False,885.8,411.48,-0.96,1.44,1.02,-0.055
22.5,3690.89,0.6687,887.14,417.95,177.98,24.16,50.77,13.27,30.62,0.932,False,885.76,411.46,1.38,6.49,-0.18,0.075
23.0,3656.34,0.6687,884.42,418.17,174.18,24.43,51.74,13.33,30.34,0.854,False,884.04,410.42,0.38,7.75,1.01,0.007
23.5,3670.54,0.6687,883.47,407.86,174.2,24.09,50.98,13.06,29.87,0.9,False,884.75,410.85,-1.28,-2.99,0.16,0.049
24.0,3664.53,0.6687,875.84,407.75,176.63,24.51,49.82,13.45,30.28,0.827,False,884.45,410.67,-8.61,-2.92,-0.96,-0.022
24.5,3650.62,0.6687,891.1,411.09,175.31,24.75,53.63,13.2,28.74,0.792,False,883.75,410.25,7.35,0.84,2.94,-0.053
25.0,3666.22,0.6687,880.4,405.95,178.95,24.27,52.78,13.24,30.73,0.87,False,884.53,410.72,-4.13,-4.77,1.99,0.02
25.5,3709.33,0.6687,883.21,410.68,175.86,24.11,49.26,13.3,30.01,0.826,False,886.69,412.01,-3.48,-1.33,-1.81,-0.037
26.0,3682.26,0.6687,888.52,412.22,179.37,24.49,50.54,13.24,29.44,0.879,False,885.33,411.2,3.19,1.02,-0.36,0.024
26.5,3668.81,0.6687,889.2,408.22,174.35,24.48,49.63,13.25,31.27,0.862,False,884.66,410.8,4.54,-2.58,-1.18,0.011
27.0,3690.55,0.6687,886.78,411.22,176.72,24.23,50.79,13.37,31.01,0.855,False,885.75,411.45,1.03,-0.23,-0.16,-0.002
27.5,3659.86,0.6687,876.67,413.89,173.88,24.01,50.6,13.26,31.6,0.839,False,884.21,410.53,-7.54,3.36,-0.15,-0.009
28.0,3686.08,0.6687,879.26,416.15,174.55,24.73,51.8,13.05,30.75,0.865,False,885.52,411.31,-6.26,4.84,0.88,0.009
28.5,3686.05,0.6687,881.2,409.74,175.67,24.27,50.72,13.23,29.9,0.897,False,885.52,411.31,-4.32,-1.57,-0.2,0.041
29.0,3680.74,0.6687,874.37,408.95,177.66,24.39,50.48,13.27,29.9,0.891,False,885.26,411.15,-10.89,-2.2,-0.41,0.037
29.5,3641.62,0.6687,890.54,412.47,174.51,24.4,50.83,13.11,30.6,0.891,False,883.3,409.98,7.24,2.49,0.2,0.049
30.0,3664.09,0.6687,883.59,416.61,175.24,24.86,50.59,13.19,29.75,0.782,False,884.42,410.65,-0.83,5.96,-0.19,-0.067
0.5,3749.69,0.7,907.15,426.43,183.68,24.87,51.71,13.68,31.5,0.865,False,907.48,424.49,-0.33,1.94,0.94,-0.01
1.0,3732.02,0.7,911.82,422.24,179.72,24.69,51.79,13.82,29.95,0.772,False,906.6,423.96,5.22,-1.72,1.13,-0.098
1.5,3721.4,0.7,904.81,424.05,180.9,24.67,50.98,13.71,29.43,0.843,False,906.07,423.64,-1.26,0.41,0.39,-0.023
2.0,3755.34,0.7,911.33,425.35,180.64,24.93,49.15,13.76,31.12,0.861,False,907.77,424.66,3.56,0.69,-1.66,-0.016
2.5,3727.17,0.7,911.66,430.28,181.34,24.9,51.04,13.69,30.47,0.929,False,906.36,423.82,5.3,6.46,0.41,0.061
3.0,3772.37,0.7,918.94,419.74,182.57,24.96,50.38,13.91,29.18,0.906,False,908.62,425.17,10.32,-5.43,-0.54,0.024
3.5,3755.32,0.7,916.4,422.51,179.23,24.83,49.02,13.65,30.41,0.925,False,907.77,424.66,8.63,-2.15,-1.79,0.048
4.0,3767.07,0.7,892.24,422.25,181.87,24.76,53.52,13.79,31.78,0.877,False,908.35,425.01,-16.11,-2.76,2.63,-0.003
4.5,3782.72,0.7,905.54,426.37,180.39,24.74,51.71,13.42,30.26,0.819,False,909.14,425.48,-3.6,0.89,0.72,-0.066
5.0,3738.67,0.7,913.51,419.34,182.42,24.85,51.73,13.91,29.44,0.792,False,906.93,424.16,6.58,-4.82,1.03,-0.08
5.5,3716.39,0.7,907.36,418.82,182.67,24.67,51.17,13.67,30.79,0.902,False,905.82,423.49,1.54,-4.67,0.61,0.037
6.0,3729.59,0.7,912.6,424.18,178.7,24.76,49.32,13.53,30.27,0.931,False,906.48,423.89,6.12,0.29,-1.32,0.062
6.5,3738.47,0.7,900.66,426.75,183.63,24.56,51.05,13.65,29.98,0.824,False,906.92,424.15,-6.26,2.6,0.35,-0.048
7.0,3784.57,0.7,911.34,424.27,182.45,24.6,50.76,13.57,31.31,0.909,False,909.23,425.54,2.11,-1.27,-0.24,0.024
7.5,3732.84,0.7,913.16,422.21,181.19,24.87,52.5,13.67,27.93,0.969,False,906.64,423.99,6.52,-1.78,1.84,0.099
8.0,3798.74,0.7,901.54,424.92,183.4,24.72,51.71,13.7,30.5,0.9,False,909.94,425.96,-8.4,-1.04,0.62,0.01
8.5,3735.44,0.7,910.6,423.58,181.37,24.62,52.52,13.8,31.46,0.882,False,906.77,424.06,3.83,-0.48,1.84,0.011
9.0,3729.49,0.7,906.42,422.6,182.01,24.77,50.05,13.55,30.96,0.913,False,906.47,423.88,-0.05,-1.28,-0.59,0.044
9.5,3738.77,0.7,908.09,424.14,180.56,25.07,49.6,13.86,32.05,0.946,False,906.94,424.16,1.15,-0.02,-1.1,0.074
10.0,3748.76,0.7,904.15,416.86,181.43,25.02,49.83,13.72,28.73,0.862,False,907.44,424.46,-3.29,-7.6,-0.94,-0.013
10.5,3755.32,0.7,910.13,425.37,184.0,24.65,50.33,13.8,31.56,0.848,False,907.77,424.66,2.36,0.71,-0.48,-0.029
11.0,3720.04,0.7,908.9,427.41,181.89,24.59,48.69,13.45,30.46,0.883,False,906.0,423.6,2.9,3.81,-1.89,0.017
11.5,3744.2,0.7,901.81,429.41,179.33,24.32,51.86,13.62,31.87,0.849,False,907.21,424.33,-5.4,5.08,1.12,-0.024
12.0,3778.29,0.7,915.11,419.37,180.43,24.78,51.03,13.43,28.8,0.784,False,908.91,425.35,6.2,-5.98,0.07,-0.099
12.5,3731.09,0.7,906.0,426.75,179.1,24.72,50.89,13.6,30.3,0.889,False,906.55,423.93,-0.55,2.82,0.24,0.02
13.0,3747.47,0.7,909.29,426.72,182.14,24.67,50.56,13.87,30.74,0.931,False,907.37,424.42,1.92,2.3,-0.2,0.057
13.5,3751.39,0.7,910.44,427.63,179.35,24.92,51.33,13.87,30.22,0.895,False,907.57,424.54,2.87,3.09,0.55,0.02
14.0,3735.61,0.7,907.43,420.08,181.88,24.87,50.06,13.79,29.03,0.867,False,906.78,424.07,0.65,-3.99,-0.62,-0.004
14.5,3718.82,0.7,916.62,426.33,180.9,24.8,50.62,13.88,29.77,0.916,False,905.94,423.56,10.68,2.77,0.05,0.05
15.0,3713.98,0.7,905.21,428.32,183.76,24.99,51.26,13.69,30.78,0.904,False,905.7,423.42,-0.49,4.9,0.72,0.04
15.5,3747.63,0.7,908.1,425.5,185.35,24.47,52.88,13.74,30.79,0.895,False,907.38,424.43,0.72,1.07,2.12,0.021
16.0,3759.66,0.7,910.04,417.62,180.79,24.81,49.62,13.74,30.98,0.848,False,907.98,424.79,2.06,-7.17,-1.22,-0.03
16.5,3743.34,0.7,910.13,421.71,180.33,24.71,50.28,13.7,30.04,0.862,False,907.17,424.3,2.96,-2.59,-0.45,-0.011
17.0,3746.47,0.7,915.28,424.27,179.63,24.68,52.12,13.63,30.35,0.84,False,907.32,424.39,7.96,-0.12,1.37,-0.034
17.5,3743.21,0.7,902.79,424.26,178.55,25.46,52.68,13.82,30.76,0.861,False,907.16,424.3,-4.37,-0.04,1.95,-0.012
18.0,3751.12,0.7,903.38,425.43,183.31,24.69,50.97,13.74,29.56,0.771,False,907.56,424.53,-4.18,0.9,0.19,-0.104
18.5,3716.2,0.7,907.32,421.04,182.97,24.74,50.01,13.62,30.65,0.889,False,905.81,423.49,1.51,-2.45,-0.55,0.024
19.0,3737.44,0.7,904.94,422.48,180.99,24.8,51.12,13.7,31.04,0.882,False,906.87,424.12,-1.93,-1.64,0.43,0.011
19.5,3728.33,0.7,908.18,425.05,178.7,24.6,49.58,13.66,30.84,0.88,False,906.42,423.85,1.76,1.2,-1.05,0.012
20.0,3751.69,0.7,902.08,423.92,185.47,24.57,51.47,13.79,31.0,0.848,False,907.58,424.55,-5.5,-0.63,0.68,-0.028
20.5,3737.45,0.7,912.2,414.82,184.35,24.88,51.62,13.88,30.65,0.873,False,906.87,424.12,5.33,-9.3,0.93,0.002
21.0,3742.52,0.7,909.44,422.66,180.07,24.93,51.4,13.86,30.5,0.827,False,907.13,424.28,2.31,-1.62,0.67,-0.046
21.5,3747.8,0.7,910.87,422.47,178.98,24.98,50.13,13.89,28.78,0.87,False,907.39,424.43,3.48,-1.96,-0.63,-0.004
22.0,3780.38,0.7,905.36,424.41,182.83,25.03,50.68,13.47,31.35,0.964,False,909.02,425.41,-3.66,-1.0,-0.29,0.08
22.5,3714.08,0.7,908.71,426.0,184.91,24.78,50.0,13.49,31.4,0.787,False,905.7,423.42,3.01,2.58,-0.54,-0.077
23.0,3773.67,0.7,909.81,424.45,180.06,25.18,50.64,13.93,30.47,0.875,False,908.68,425.21,1.13,-0.76,-0.29,-0.007
23.5,3722.95,0.7,905.04,424.83,182.08,24.5,49.75,13.93,30.32,0.861,False,906.15,423.69,-1.11,1.14,-0.85,-0.006
24.0,3763.24,0.7,918.39,428.71,182.4,25.06,51.46,13.79,29.06,0.841,False,908.16,424.9,10.23,3.81,0.6,-0.038
24.5,3718.22,0.7,917.32,427.55,181.86,24.71,49.77,13.5,30.51,0.906,False,905.91,423.55,11.41,4.0,-0.8,0.041
25.0,3725.64,0.7,914.36,420.51,183.27,24.41,49.38,13.76,30.59,0.928,False,906.28,423.77,8.08,-3.26,-1.24,0.06
25.5,3758.51,0.7,902.14,429.22,180.37,24.8,50.53,13.67,31.25,0.875,False,907.93,424.76,-5.79,4.46,-0.3,-0.003
26.0,3705.1,0.7,902.91,425.82,181.5,24.65,51.53,13.43,31.26,0.903,False,905.25,423.15,-2.35,2.67,1.05,0.041
26.5,3737.76,0.7,903.01,420.4,182.22,24.79,51.92,13.73,30.24,0.904,False,906.89,424.13,-3.88,-3.73,1.22,0.033
27.0,3720.84,0.7,910.46,426.45,182.74,24.8,51.23,13.53,29.87,0.829,False,906.04,423.63,4.42,2.82,0.64,-0.037
27.5,3748.11,0.7,911.28,422.39,181.72,24.8,50.85,13.98,31.04,0.882,False,907.41,424.44,3.87,-2.05,0.09,0.008
28.0,3778.22,0.7,913.21,422.96,179.97,24.84,51.93,13.4,31.79,0.842,False,908.91,425.35,4.3,-2.39,0.97,-0.041
28.5,3723.86,0.7,908.35,424.11,183.57,24.55,52.18,13.83,29.74,0.871,False,906.19,423.72,2.16,0.39,1.57,0.004
29.0,3760.23,0.7,907.96,423.58,181.07,24.89,53.67,13.66,31.39,0.874,False,908.01,424.81,-0.05,-1.23,2.83,-0.004
29.5,3770.84,0.7,898.86,421.08,183.91,24.78,52.72,13.76,30.37,0.84,False,908.54,425.13,-9.68,-4.05,1.81,-0.041
30.0,3774.03,0.7,904.01,425.12,180.51,24.94,48.02,13.8,30.3,0.908,False,908.7,425.22,-4.69,-0.1,-2.91,0.026
0.5,3826.75,0.7312,936.61,433.97,183.27,25.11,51.56,14.23,29.94,0.945,False,930.06,438.03,6.55,-4.06,0.85,0.047
1.0,3845.7,0.7312,938.22,435.7,184.12,25.16,49.8,13.84,30.65,0.847,False,931.0,438.6,7.22,-2.9,-1.04,-0.057
1.5,3802.88,0.7312,933.84,440.76,189.75,25.16,52.24,13.71,30.98,0.907,False,928.86,437.32,4.98,3.44,1.68,0.016
2.0,3820.13,0.7312,934.14,433.64,190.57,25.43,50.13,14.07,31.09,0.915,False,929.73,437.84,4.41,-4.2,-0.54,0.019
2.5,3830.53,0.7312,931.18,436.15,186.9,24.96,51.35,14.18,31.43,0.965,False,930.25,438.15,0.93,-2.0,0.61,0.066
3.0,3831.3,0.7312,922.86,439.84,186.51,25.11,50.65,14.04,31.16,0.91,False,930.29,438.17,-7.43,1.67,-0.09,0.011
3.5,3822.14,0.7312,926.89,435.79,186.71,25.32,47.93,14.19,31.55,0.904,False,929.83,437.9,-2.94,-2.11,-2.75,0.007
4.0,3814.42,0.7312,928.33,436.09,187.6,25.14,51.29,14.16,29.58,0.875,False,929.44,437.66,-1.11,-1.57,0.66,-0.019
4.5,3843.54,0.7312,927.11,437.26,186.7,25.35,52.33,14.32,30.55,0.823,False,930.9,438.54,-3.79,-1.28,1.51,-0.08
5.0,3817.64,0.7312,923.83,434.79,185.71,25.48,49.49,14.36,30.99,0.951,False,929.6,437.76,-5.77,-2.97,-1.16,0.056
5.5,3850.89,0.7312,934.41,436.68,186.16,25.09,50.99,14.18,31.23,0.898,False,931.26,438.76,3.15,-2.08,0.12,-0.007
6.0,3820.3,0.7312,931.89,437.44,185.34,24.95,50.49,14.19,30.46,0.91,False,929.74,437.84,2.15,-0.4,-0.18,0.014
6.5,3835.46,0.7312,926.44,438.3,188.13,25.5,49.43,13.97,30.24,0.917,False,930.49,438.3,-4.05,0.0,-1.34,0.016
7.0,3818.97,0.7312,928.3,434.33,186.2,25.05,50.31,14.17,29.69,0.862,False,929.67,437.8,-1.37,-3.47,-0.35,-0.034
7.5,3805.64,0.7312,931.73,438.46,188.92,25.14,50.09,14.26,30.03,0.865,False,929.0,437.4,2.73,1.06,-0.49,-0.027
8.0,3810.07,0.7312,931.73,439.32,187.8,25.21,49.68,14.15,29.99,0.994,False,929.22,437.53,2.51,1.79,-0.92,0.101
8.5,3822.87,0.7312,925.4,437.87,183.35,25.17,51.48,14.13,31.31,0.971,False,929.86,437.92,-4.46,-0.05,0.79,0.074
9.0,3867.27,0.7312,925.47,442.65,190.57,25.53,49.87,14.0,29.24,0.888,False,932.08,439.25,-6.61,3.4,-1.11,-0.022
9.5,3823.99,0.7312,924.88,432.07,183.45,24.91,51.71,14.1,32.43,0.884,False,929.92,437.95,-5.04,-5.88,1.02,-0.013
10.0,3818.08,0.7312,933.64,433.33,186.98,25.05,51.23,14.28,32.27,0.905,False,929.62,437.77,4.02,-4.44,0.57,0.01
10.5,3844.49,0.7312,924.1,433.64,184.56,25.12,50.26,14.41,32.17,0.894,False,930.94,438.57,-6.84,-4.93,-0.57,-0.009
11.0,3812.47,0.7312,935.34,440.88,190.7,25.17,51.07,14.16,31.65,0.92,False,929.34,437.61,6.0,3.27,0.45,0.026
11.5,3871.02,0.7312,931.27,438.35,189.04,25.38,52.8,14.41,31.4,0.88,False,932.27,439.36,-1.0,-1.01,1.8,-0.031
12.0,3838.99,0.7312,932.25,431.24,186.04,25.05,51.46,14.29,31.33,0.933,False,930.67,438.4,1.58,-7.16,0.67,0.031
12.5,3842.05,0.7312,920.54,433.92,183.79,25.22,50.73,14.03,31.19,0.961,False,930.82,438.49,-10.28,-4.57,-0.08,0.058
13.0,3817.76,0.7312,923.8,436.12,187.29,24.96,52.2,14.02,30.72,0.857,False,929.61,437.76,-5.81,-1.64,1.55,-0.038
13.5,3805.35,0.7312,932.71,434.53,182.54,25.2,51.36,14.04,31.89,0.97,False,928.99,437.39,3.72,-2.86,0.79,0.078
14.0,3848.32,0.7312,929.35,443.17,184.1,25.18,49.55,14.25,30.19,0.846,False,931.14,438.68,-1.79,4.49,-1.3,-0.058
14.5,3845.03,0.7312,923.99,433.27,184.01,25.57,51.57,14.0,31.71,0.918,False,930.97,438.58,-6.98,-5.31,0.74,0.014
15.0,3818.77,0.7312,928.67,437.75,186.91,25.46,49.44,14.21,30.69,0.904,False,929.66,437.8,-0.99,-0.05,-1.22,0.008
15.5,3850.75,0.7312,935.39,436.29,187.52,25.35,51.06,14.14,31.08,0.875,False,931.26,438.75,4.13,-2.46,0.19,-0.03
16.0,3796.86,0.7312,934.73,436.53,183.54,24.99,49.47,14.48,31.58,0.864,False,928.56,437.14,6.17,-0.61,-1.05,-0.025
16.5,3863.16,0.7312,931.05,439.42,187.41,25.22,50.83,14.15,31.14,0.817,False,931.88,439.13,-0.83,0.29,-0.12,-0.092
17.0,3842.37,0.7312,928.78,434.7,186.74,25.14,49.98,14.19,30.18,0.848,False,930.84,438.5,-2.06,-3.8,-0.83,-0.055
17.5,3828.06,0.7312,932.48,443.6,188.17,25.1,50.7,14.45,31.05,0.961,False,930.12,438.07,2.36,5.53,-0.02,0.063
18.0,3854.03,0.7312,929.25,437.43,182.43,25.46,50.31,14.2,30.14,0.966,False,931.42,438.85,-2.17,-1.42,-0.58,0.06
18.5,3847.59,0.7312,930.52,435.66,187.02,25.05,49.64,14.43,29.71,0.873,False,931.1,438.66,-0.58,-3.0,-1.21,-0.031
19.0,3831.22,0.7312,939.89,445.34,188.51,25.43,49.51,14.31,30.63,0.894,False,930.28,438.17,9.61,7.17,-1.23,-0.005
19.5,3834.02,0.7312,930.87,437.32,183.04,25.32,51.85,14.04,29.84,0.875,False,930.42,438.25,0.45,-0.93,1.09,-0.025
20.0,3862.65,0.7312,923.04,438.49,188.75,24.87,53.79,14.18,30.31,0.863,False,931.85,439.11,-8.81,-0.62,2.84,-0.046
20.5,3818.76,0.7312,928.6,442.71,186.31,25.22,52.8,14.11,30.41,0.876,False,929.66,437.79,-1.06,4.92,2.14,-0.02
21.0,3821.43,0.7312,936.19,439.13,188.85,25.02,50.3,14.2,31.35,0.878,False,929.79,437.87,6.4,1.26,-0.38,-0.018
21.5,3833.24,0.7312,932.54,436.67,187.33,25.47,52.01,14.34,31.11,0.898,False,930.38,438.23,2.16,-1.56,1.26,-0.002
22.0,3832.85,0.7312,920.36,440.9,186.08,25.25,48.91,14.31,30.18,0.853,False,930.36,438.22,-10.0,2.68,-1.84,-0.047
22.5,3828.13,0.7312,931.23,441.22,185.97,25.0,50.67,14.34,30.17,0.92,False,930.13,438.08,1.1,3.14,-0.05,0.022
23.0,3849.08,0.7312,929.87,438.45,185.64,25.08,51.56,14.29,29.8,0.9,False,931.17,438.7,-1.3,-0.25,0.7,-0.005
23.5,3848.08,0.7312,937.96,437.14,183.72,25.26,49.6,13.91,29.98,0.865,False,931.12,438.67,6.84,-1.53,-1.25,-0.039
24.0,3817.77,0.7312,933.3,438.76,188.13,25.41,53.35,13.97,30.54,0.919,False,929.61,437.77,3.69,0.99,2.7,0.024
24.5,3830.95,0.7312,939.15,435.39,187.09,25.46,50.88,14.5,31.02,0.869,False,930.27,438.16,8.88,-2.77,0.14,-0.03
25.0,3805.0,0.7312,929.23,440.36,190.51,25.16,49.62,14.06,31.28,0.952,False,928.97,437.38,0.26,2.98,-0.95,0.06
25.5,3828.25,0.7312,934.11,437.32,183.91,25.06,51.44,13.95,30.24,0.999,False,930.13,438.08,3.98,-0.76,0.72,0.101
26.0,3829.45,0.7312,937.75,439.26,189.7,25.6,50.25,14.04,31.43,0.892,False,930.19,438.12,7.56,1.14,-0.48,-0.007
26.5,3811.77,0.7312,934.19,437.87,183.03,25.39,50.82,14.3,31.97,0.852,False,929.31,437.59,4.88,0.28,0.21,-0.042
27.0,3819.35,0.7312,935.16,440.43,183.29,25.0,49.3,13.98,31.45,0.83,False,929.69,437.81,5.47,2.62,-1.36,-0.066
27.5,3832.02,0.7312,927.91,440.19,185.34,25.52,49.95,13.75,31.06,0.936,False,930.32,438.19,-2.41,2.0,-0.8,0.036
28.0,3827.74,0.7312,923.94,438.67,186.72,25.37,51.68,14.04,30.39,0.857,False,930.11,438.06,-6.17,0.61,0.96,-0.041
28.5,3823.33,0.7312,933.25,439.6,185.07,24.98,50.36,14.04,29.03,0.91,False,929.89,437.93,3.36,1.67,-0.33,0.013
29.0,3852.78,0.7312,937.24,434.1,184.68,25.43,53.97,14.21,30.71,0.965,False,931.36,438.82,5.88,-4.72,3.09,0.059
29.5,3770.67,0.7312,936.68,436.71,185.1,25.07,51.41,14.19,32.49,0.928,False,927.25,436.35,9.43,0.36,1.06,0.047
30.0,3837.26,0.7312,925.16,439.51,185.06,25.42,49.76,14.15,31.41,0.946,False,930.58,438.35,-5.42,1.16,-1.02,0.045
0.5,3889.21,0.7625,950.98,445.71,188.14,25.57,51.04,14.89,29.53,0.893,False,951.96,451.18,-0.98,-5.47,0.49,-0.024
1.0,3894.8,0.7625,953.76,450.9,190.64,25.88,48.22,14.89,30.66,0.965,False,952.24,451.34,1.52,-0.44,-2.37,0.047
1.5,3907.01,0.7625,944.08,454.81,192.03,25.97,51.34,14.68,30.3,0.863,False,952.85,451.71,-8.77,3.1,0.67,-0.059
2.0,3922.53,0.7625,953.08,450.54,191.33,25.72,49.32,14.61,30.79,0.927,False,953.63,452.18,-0.55,-1.64,-1.45,0.0
2.5,3888.78,0.7625,944.62,457.03,191.32,25.91,49.22,14.67,29.9,0.916,False,951.94,451.16,-7.32,5.87,-1.33,-0.001
3.0,3864.81,0.7625,945.26,449.97,188.01,25.75,51.91,14.81,29.9,0.97,False,950.74,450.44,-5.48,-0.47,1.51,0.061
3.5,3936.1,0.7625,945.57,455.77,191.55,25.56,50.42,14.77,31.12,0.995,False,954.31,452.58,-8.74,3.19,-0.44,0.064
4.0,3935.64,0.7625,950.24,450.62,189.46,25.87,47.6,14.61,32.16,0.905,False,954.28,452.57,-4.04,-1.95,-3.26,-0.026
4.5,3928.29,0.7625,951.18,452.55,191.2,25.72,50.27,14.75,29.03,0.993,False,953.91,452.35,-2.73,0.2,-0.54,0.065
5.0,3892.85,0.7625,952.5,448.7,189.91,25.8,51.18,14.66,30.78,0.886,False,952.14,451.29,0.36,-2.59,0.6,-0.032
5.5,3906.83,0.7625,951.86,453.92,190.93,25.57,49.99,14.6,31.57,0.969,False,952.84,451.7,-0.98,2.22,-0.68,0.047
6.0,3883.22,0.7625,954.56,449.97,192.18,25.84,50.73,14.59,31.67,0.958,False,951.66,451.0,2.9,-1.03,0.21,0.043
6.5,3923.02,0.7625,960.29,446.97,189.39,25.93,48.75,14.54,31.97,0.91,False,953.65,452.19,6.64,-5.22,-2.02,-0.017
7.0,3877.34,0.7625,950.27,452.55,189.42,25.79,48.6,14.56,31.49,0.817,False,951.37,450.82,-1.1,1.73,-1.88,-0.096
7.5,3917.14,0.7625,946.66,448.22,188.8,25.79,49.77,14.45,30.74,0.912,False,953.36,452.01,-6.7,-3.79,-0.97,-0.013
8.0,3925.98,0.7625,954.57,445.36,185.86,25.84,51.69,14.51,30.67,0.949,False,953.8,452.28,0.77,-6.92,0.9,0.021
8.5,3922.89,0.7625,954.17,451.09,189.1,25.69,51.12,14.77,31.0,0.93,False,953.64,452.19,0.53,-1.1,0.35,0.003
9.0,3924.96,0.7625,949.06,450.05,187.51,25.57,50.92,14.73,31.98,0.888,False,953.75,452.25,-4.69,-2.2,0.13,-0.039
9.5,3935.36,0.7625,965.96,457.62,192.72,25.93,50.04,14.39,32.26,0.9,False,954.27,452.56,11.69,5.06,-0.81,-0.031
10.0,3907.72,0.7625,961.36,451.6,189.71,25.91,50.39,14.47,32.75,0.923,False,952.89,451.73,8.47,-0.13,-0.29,0.001
10.5,3874.75,0.7625,952.68,447.7,190.44,25.15,51.1,14.79,29.58,0.916,False,951.24,450.74,1.44,-3.04,0.64,0.004
11.0,3912.29,0.7625,950.12,450.2,188.44,25.33,52.47,14.57,32.5,0.881,False,953.11,451.87,-2.99,-1.67,1.77,-0.043
11.5,3891.62,0.7625,957.83,450.96,188.46,25.9,51.31,14.65,30.02,0.87,False,952.08,451.25,5.75,-0.29,0.74,-0.047
12.0,3930.28,0.7625,958.57,448.46,185.03,26.07,49.38,14.59,29.84,0.935,False,954.01,452.41,4.56,-3.95,-1.44,0.006
12.5,3889.5,0.7625,945.13,451.14,190.43,25.61,51.33,14.49,30.68,0.884,False,951.98,451.19,-6.85,-0.05,0.77,-0.033
13.0,3897.78,0.7625,952.77,454.52,191.47,25.77,53.66,14.65,30.5,0.899,False,952.39,451.43,0.38,3.09,3.05,-0.02
13.5,3894.67,0.7625,951.96,450.58,190.22,25.54,52.68,14.97,30.44,0.94,False,952.23,451.34,-0.27,-0.76,2.09,0.022
14.0,3900.89,0.7625,942.66,456.16,193.32,25.63,48.77,14.83,32.56,0.963,False,952.54,451.53,-9.88,4.63,-1.86,0.043
14.5,3897.69,0.7625,954.62,449.13,186.7,25.41,49.2,14.47,31.21,0.989,False,952.38,451.43,2.24,-2.3,-1.41,0.07
15.0,3913.48,0.7625,951.86,452.87,191.54,25.8,52.39,14.66,30.27,0.949,False,953.17,451.9,-1.31,0.97,1.68,0.025
15.5,3874.58,0.7625,957.64,450.36,190.47,25.48,51.36,14.29,31.48,0.971,False,951.23,450.74,6.41,-0.38,0.9,0.059
16.0,3911.57,0.7625,951.36,449.75,193.03,25.48,50.13,14.58,30.56,0.814,False,953.08,451.85,-1.72,-2.1,-0.57,-0.109
16.5,3917.86,0.7625,962.72,454.76,188.55,25.49,50.63,14.82,31.51,0.946,False,953.39,452.04,9.33,2.72,-0.11,0.021
17.0,3897.58,0.7625,956.29,451.09,191.48,25.6,52.34,14.48,32.03,0.95,False,952.38,451.43,3.91,-0.34,1.73,0.031
17.5,3900.67,0.7625,958.54,451.82,192.14,26.06,51.56,14.76,31.36,0.888,False,952.53,451.52,6.01,0.3,0.93,-0.032
18.0,3905.59,0.7625,947.58,453.17,192.22,25.88,52.61,14.81,31.85,0.915,False,952.78,451.67,-5.2,1.5,1.95,-0.007
18.5,3904.04,0.7625,953.92,453.25,189.95,25.78,52.75,14.88,32.3,0.918,False,952.7,451.62,1.22,1.63,2.1,-0.003
19.0,3879.96,0.7625,952.8,453.45,190.74,25.56,50.03,14.54,30.21,0.894,False,951.5,450.9,1.3,2.55,-0.46,-0.02
19.5,3918.81,0.7625,958.7,451.78,191.45,25.82,52.59,14.52,31.28,0.88,False,953.44,452.06,5.26,-0.28,1.84,-0.046
20.0,3892.11,0.7625,942.95,446.87,188.08,25.9,51.0,14.72,31.95,0.945,False,952.11,451.26,-9.16,-4.39,0.43,0.027
20.5,3907.87,0.7625,949.79,457.93,190.7,25.57,51.77,14.49,29.51,0.909,False,952.89,451.74,-3.1,6.19,1.09,-0.013
21.0,3910.26,0.7625,962.67,455.21,192.4,25.52,48.9,14.59,30.71,0.936,False,953.01,451.81,9.66,3.4,-1.79,0.013
21.5,3911.71,0.7625,950.37,454.56,193.76,25.49,51.58,14.51,32.81,0.889,False,953.09,451.85,-2.72,2.71,0.88,-0.035
22.0,3926.74,0.7625,945.86,449.3,189.98,25.62,49.04,14.97,31.95,0.917,False,953.84,452.3,-7.98,-3.0,-1.76,-0.011
22.5,3901.49,0.7625,950.33,452.89,188.96,25.31,49.9,14.79,30.88,0.906,False,952.57,451.54,-2.24,1.35,-0.73,-0.014
23.0,3894.23,0.7625,939.83,453.24,190.87,25.58,51.96,14.57,30.36,0.958,False,952.21,451.33,-12.38,1.91,1.37,0.04
23.5,3905.78,0.7625,945.23,451.56,188.37,25.74,50.21,14.93,30.25,1.026,False,952.79,451.67,-7.56,-0.11,-0.45,0.104
24.0,3910.15,0.7625,958.38,453.15,191.3,25.33,51.18,14.45,30.62,0.876,False,953.01,451.8,5.37,1.35,0.49,-0.047
24.5,3920.23,0.7625,949.55,451.43,192.41,25.35,50.86,14.53,31.07,1.006,False,953.51,452.11,-3.96,-0.68,0.1,0.08
25.0,3924.01,0.7625,950.56,450.15,191.5,25.56,50.35,14.7,31.29,0.958,False,953.7,452.22,-3.14,-2.07,-0.43,0.031
25.5,3923.7,0.7625,949.45,454.02,189.07,25.61,49.52,14.8,31.15,0.959,False,953.68,452.21,-4.23,1.81,-1.26,0.032
26.0,3896.06,0.7625,936.85,450.06,186.72,25.89,50.42,14.45,31.26,0.865,False,952.3,451.38,-15.45,-1.32,-0.18,-0.054
26.5,3928.35,0.7625,949.64,453.08,192.07,25.5,49.71,14.39,31.63,0.899,False,953.92,452.35,-4.28,0.73,-1.1,-0.03
27.0,3904.23,0.7625,956.44,450.96,189.13,25.58,52.94,14.78,30.45,0.883,False,952.71,451.63,3.73,-0.67,2.29,-0.038
27.5,3874.63,0.7625,948.66,450.96,186.24,25.93,50.31,14.73,31.54,0.939,False,951.23,450.74,-2.57,0.22,-0.15,0.027
28.0,3910.49,0.7625,943.81,450.07,193.95,25.61,51.48,14.48,31.9,1.006,False,953.02,451.81,-9.21,-1.74,0.79,0.083
28.5,3928.7,0.7625,946.18,452.56,187.15,25.49,51.54,14.55,31.17,0.901,False,953.93,452.36,-7.75,0.2,0.73,-0.028
29.0,3919.79,0.7625,948.46,452.78,186.51,25.52,50.76,14.76,31.56,0.882,False,953.49,452.09,-5.03,0.69,0.01,-0.044
29.5,3911.83,0.7625,951.88,457.03,188.92,25.68,49.92,14.72,30.61,0.981,False,953.09,451.85,-1.21,5.18,-0.78,0.057
30.0,3917.67,0.7625,942.99,452.69,190.05,25.93,52.38,14.81,30.66,0.909,False,953.38,452.03,-10.39,0.66,1.64,-0.016
0.5,3986.83,0.7937,979.06,464.85,198.55,26.32,52.36,14.96,30.74,0.984,False,975.56,465.34,3.5,-0.49,1.73,0.038
1.0,3999.75,0.7937,967.65,470.38,193.07,26.1,48.87,15.28,31.48,0.916,False,976.21,465.72,-8.56,4.66,-1.84,-0.034
1.5,3982.91,0.7937,976.9,460.45,195.96,26.33,50.21,15.16,30.59,1.014,False,975.37,465.22,1.53,-4.77,-0.39,0.069
2.0,3974.11,0.7937,986.52,464.25,193.48,26.2,50.77,15.27,31.39,0.981,False,974.93,464.96,11.59,-0.71,0.22,0.039
2.5,3997.97,0.7937,979.02,460.87,197.58,26.25,49.92,14.97,31.58,0.946,False,976.12,465.67,2.9,-4.8,-0.78,-0.003
3.0,3958.24,0.7937,975.47,463.0,194.97,26.16,53.53,15.07,31.08,0.901,False,974.13,464.48,1.34,-1.48,3.09,-0.036
3.5,3949.43,0.7937,975.74,473.25,197.47,25.73,49.9,15.15,30.4,0.933,False,973.69,464.21,2.05,9.04,-0.48,-0.002
4.0,3968.81,0.7937,977.0,465.85,198.59,26.03,51.27,15.15,31.02,0.952,False,974.66,464.8,2.34,1.05,0.76,0.011
4.5,3981.84,0.7937,974.72,466.06,193.39,26.42,49.92,15.14,31.1,0.976,False,975.31,465.19,-0.59,0.87,-0.68,0.031
5.0,3972.32,0.7937,975.06,465.39,196.45,26.33,51.53,15.21,31.26,0.954,False,974.84,464.9,0.22,0.49,1.0,0.012
5.5,3968.49,0.7937,981.15,463.73,194.27,26.18,51.26,15.14,30.85,1.007,False,974.64,464.79,6.51,-1.06,0.75,0.066
6.0,3963.84,0.7937,967.91,463.94,196.44,26.15,49.34,15.03,31.51,0.953,False,974.41,464.65,-6.5,-0.71,-1.14,0.014
6.5,3997.61,0.7937,969.1,463.31,193.98,25.96,50.96,15.15,30.71,1.016,False,976.1,465.66,-7.0,-2.35,0.26,0.067
7.0,3997.26,0.7937,973.04,460.6,194.84,26.0,49.07,15.09,30.29,0.927,False,976.08,465.65,-3.04,-5.05,-1.63,-0.022
7.5,4024.05,0.7937,968.26,460.17,194.59,26.31,51.27,14.96,31.27,0.969,False,977.42,466.45,-9.16,-6.28,0.4,0.012
8.0,3987.09,0.7937,973.83,463.37,195.46,26.19,50.67,15.14,31.48,0.905,False,975.57,465.34,-1.74,-1.97,0.04,-0.041
8.5,4014.02,0.7937,969.4,464.91,196.11,26.24,52.89,15.38,30.87,0.964,False,976.92,466.15,-7.52,-1.24,2.09,0.01
9.0,4001.59,0.7937,980.92,461.05,189.91,26.72,50.93,14.81,30.23,0.885,False,976.3,465.78,4.62,-4.73,0.21,-0.065
9.5,4003.89,0.7937,980.71,465.68,192.87,26.24,50.73,15.01,32.52,0.89,False,976.41,465.85,4.3,-0.17,-0.01,-0.061
10.0,3963.21,0.7937,978.3,472.11,193.61,26.32,50.93,15.1,30.76,0.955,False,974.38,464.63,3.92,7.48,0.46,0.016
10.5,3967.2,0.7937,975.36,465.43,192.97,26.27,51.08,15.07,30.63,0.944,False,974.58,464.75,0.78,0.68,0.58,0.004
11.0,3969.43,0.7937,973.17,463.65,192.3,26.12,52.93,15.16,31.25,0.995,False,974.69,464.81,-1.52,-1.16,2.42,0.054
11.5,3967.02,0.7937,977.6,466.75,195.48,26.21,48.44,14.81,30.59,0.923,False,974.57,464.74,3.03,2.01,-2.06,-0.017
12.0,3971.32,0.7937,982.06,469.58,193.13,26.16,49.13,15.02,31.41,0.955,False,974.79,464.87,7.27,4.71,-1.4,0.014
12.5,3960.13,0.7937,982.93,465.71,197.41,26.37,49.87,15.07,31.33,0.943,False,974.23,464.54,8.7,1.17,-0.58,0.005
13.0,3995.75,0.7937,978.09,469.86,195.33,26.23,50.54,15.18,32.32,0.956,False,976.01,465.6,2.08,4.26,-0.15,0.007
13.5,3993.68,0.7937,972.31,466.29,191.59,26.1,51.89,15.11,32.19,0.976,False,975.9,465.54,-3.59,0.75,1.22,0.028
14.0,3994.78,0.7937,975.05,464.31,192.83,25.75,51.03,15.31,32.63,0.952,False,975.96,465.58,-0.91,-1.27,0.35,0.004
14.5,4003.72,0.7937,975.39,462.27,192.22,25.77,50.25,14.88,30.77,0.888,False,976.41,465.84,-1.02,-3.57,-0.49,-0.063
15.0,3990.09,0.7937,968.64,466.46,194.7,26.08,49.63,15.16,31.15,0.928,False,975.72,465.43,-7.08,1.03,-1.02,-0.019
15.5,3991.22,0.7937,968.57,460.13,195.85,26.24,51.63,15.2,32.14,0.958,False,975.78,465.47,-7.21,-5.34,0.97,0.011
16.0,3981.72,0.7937,973.5,466.3,196.66,25.79,51.44,15.12,30.91,0.845,False,975.31,465.18,-1.81,1.12,0.85,-0.1
16.5,4001.73,0.7937,975.33,464.3,194.34,26.25,48.72,15.35,31.35,0.919,False,976.31,465.78,-0.98,-1.48,-2.0,-0.032
17.0,3991.45,0.7937,968.66,464.41,198.05,26.08,49.39,15.02,31.22,1.011,False,975.79,465.48,-7.13,-1.07,-1.27,0.064
17.5,3953.4,0.7937,973.81,463.97,195.17,25.83,49.72,15.03,32.82,0.966,False,973.89,464.33,-0.08,-0.36,-0.69,0.03
18.0,4002.41,0.7937,980.55,459.4,193.67,26.01,49.14,14.97,32.22,0.898,False,976.34,465.8,4.21,-6.4,-1.59,-0.053
18.5,3977.04,0.7937,973.17,468.15,193.3,25.96,47.19,15.14,30.25,0.994,False,975.07,465.04,-1.9,3.11,-3.37,0.051
19.0,4000.92,0.7937,970.39,463.36,195.2,26.38,50.59,15.31,31.16,1.047,False,976.27,465.76,-5.88,-2.4,-0.13,0.097
19.5,3947.03,0.7937,977.07,466.13,196.49,26.07,49.51,15.11,31.26,0.979,False,973.57,464.14,3.5,1.99,-0.86,0.045
20.0,3982.93,0.7937,972.74,469.05,195.03,26.24,51.97,15.32,30.62,0.933,False,975.37,465.22,-2.63,3.83,1.37,-0.012
20.5,3946.65,0.7937,975.9,465.54,194.83,25.97,50.73,15.25,32.09,0.956,False,973.55,464.13,2.35,1.41,0.36,0.022
21.0,3981.21,0.7937,984.86,468.16,192.17,26.23,50.45,14.98,31.9,0.945,False,975.28,465.17,9.58,2.99,-0.14,0.001
21.5,3972.27,0.7937,976.05,462.53,195.0,25.67,52.28,15.13,31.36,0.919,False,974.83,464.9,1.22,-2.37,1.75,-0.023
22.0,3997.68,0.7937,976.93,467.56,196.35,26.28,50.23,14.88,32.0,0.926,False,976.1,465.66,0.83,1.9,-0.47,-0.023
22.5,3982.33,0.7937,984.39,464.25,193.17,26.23,50.98,14.88,31.65,1.012,False,975.34,465.2,9.05,-0.95,0.38,0.067
23.0,3977.9,0.7937,966.66,464.9,196.38,25.73,53.12,15.05,30.67,0.959,False,975.12,465.07,-8.46,-0.17,2.55,0.016
23.5,3997.69,0.7937,968.3,467.89,197.48,26.0,51.39,15.08,30.19,0.966,False,976.1,465.66,-7.8,2.23,0.69,0.017
24.0,3948.03,0.7937,970.6,465.6,194.04,26.31,48.89,14.87,31.52,0.88,False,973.62,464.17,-3.02,1.43,-1.49,-0.054
24.5,3965.82,0.7937,976.81,468.65,194.97,25.86,50.18,15.01,30.25,0.83,False,974.51,464.71,2.3,3.94,-0.31,-0.11
25.0,4019.25,0.7937,966.74,459.32,197.81,26.11,51.03,15.32,31.17,0.972,False,977.18,466.31,-10.44,-6.99,0.19,0.016
25.5,4002.38,0.7937,965.79,464.56,192.9,26.18,48.71,14.84,30.88,0.907,False,976.34,465.8,-10.55,-1.24,-2.02,-0.044
26.0,3987.5,0.7937,975.74,458.81,195.15,25.74,50.56,15.31,30.62,0.943,False,975.6,465.36,0.14,-6.55,-0.07,-0.003
26.5,3976.43,0.7937,975.84,468.48,189.29,26.11,51.71,15.11,31.49,0.952,False,975.04,465.02,0.8,3.46,1.15,0.009
27.0,3958.93,0.7937,971.9,463.38,195.22,25.92,50.19,15.19,31.39,0.903,False,974.17,464.5,-2.27,-1.12,-0.26,-0.035
27.5,4010.69,0.7937,976.05,468.86,194.54,25.86,51.45,14.92,31.31,0.966,False,976.75,466.05,-0.7,2.81,0.67,0.013
28.0,3972.64,0.7937,975.83,464.23,188.22,26.5,51.21,15.15,31.66,0.904,False,974.85,464.91,0.98,-0.68,0.67,-0.038
28.5,3981.29,0.7937,980.06,468.88,194.62,26.35,51.49,15.23,31.02,0.96,False,975.28,465.17,4.78,3.71,0.9,0.016
29.0,3983.51,0.7937,983.39,465.89,197.86,26.43,49.64,15.15,32.27,0.902,False,975.4,465.24,7.99,0.65,-0.97,-0.043
29.5,3955.74,0.7937,975.93,465.69,194.51,26.3,51.06,14.83,30.86,1.018,False,974.01,464.4,1.92,1.29,0.63,0.081
30.0,4002.19,0.7937,977.73,465.3,196.8,26.1,50.06,15.01,32.02,0.927,False,976.33,465.8,1.4,-0.5,-0.67,-0.024
0.5,4053.31,0.825,1008.37,478.37,200.19,27.07,49.25,15.54,30.58,0.968,False,997.67,478.6,10.7,-0.23,-1.25,0.002
1.0,4082.7,0.825,990.4,477.0,201.95,26.56,49.85,15.81,32.27,0.92,False,999.13,479.48,-8.74,-2.48,-0.84,-0.055
1.5,4038.21,0.825,998.9,478.82,200.29,26.67,49.13,15.61,32.07,0.907,False,996.91,478.15,1.99,0.67,-1.27,-0.054
2.0,4095.95,0.825,992.5,482.55,199.14,26.78,51.36,15.54,31.72,0.975,False,999.8,479.88,-7.3,2.67,0.59,-0.004
2.5,4049.4,0.825,996.75,480.2,201.23,26.53,48.99,15.46,32.01,0.993,False,997.47,478.48,-0.72,1.72,-1.48,0.028
3.0,4050.1,0.825,994.04,480.08,200.79,26.57,51.29,15.69,31.35,0.958,False,997.5,478.5,-3.47,1.58,0.81,-0.007
3.5,4095.44,0.825,992.5,473.94,196.42,26.57,49.81,15.43,32.16,1.019,False,999.77,479.86,-7.27,-5.92,-0.96,0.04
4.0,4080.54,0.825,994.52,477.73,198.47,26.6,52.7,15.65,32.2,0.951,False,999.03,479.42,-4.51,-1.69,2.03,-0.023
4.5,4048.46,0.825,996.54,478.42,193.37,26.71,50.13,15.41,32.84,0.982,False,997.42,478.45,-0.88,-0.03,-0.33,0.017
5.0,4048.1,0.825,993.48,478.25,198.66,26.63,49.62,15.37,31.51,0.952,False,997.4,478.44,-3.92,-0.19,-0.84,-0.012
5.5,4049.66,0.825,1002.14,476.58,199.94,26.79,52.19,15.63,32.44,0.94,False,997.48,478.49,4.66,-1.91,1.72,-0.025
6.0,4077.45,0.825,1001.64,476.88,200.08,26.46,50.08,15.58,31.15,0.944,False,998.87,479.32,2.77,-2.44,-0.57,-0.029
6.5,4060.11,0.825,1002.0,485.28,196.98,26.66,51.29,15.53,31.38,0.981,False,998.01,478.8,3.99,6.48,0.75,0.013
7.0,4116.63,0.825,991.12,476.24,201.43,26.43,48.88,15.7,31.19,0.971,False,1000.83,480.5,-9.71,-4.26,-2.05,-0.014
7.5,4106.43,0.825,1004.61,484.59,196.39,26.64,52.79,15.59,31.31,1.018,False,1000.32,480.19,4.29,4.4,1.94,0.036
8.0,4048.1,0.825,997.8,474.04,197.83,26.26,49.71,15.68,31.87,0.997,False,997.4,478.44,0.39,-4.4,-0.75,0.033
8.5,4044.71,0.825,994.18,474.95,198.13,26.33,49.5,15.51,32.49,0.944,False,997.24,478.34,-3.06,-3.39,-0.94,-0.019
9.0,4086.17,0.825,992.13,475.83,197.28,26.54,50.13,15.27,30.69,0.994,False,999.31,479.59,-7.18,-3.76,-0.58,0.018
9.5,4023.56,0.825,995.66,476.11,195.17,26.85,49.84,15.76,31.84,0.909,False,996.18,477.71,-0.52,-1.6,-0.46,-0.048
10.0,4070.62,0.825,999.08,479.91,198.83,26.65,51.14,15.68,30.68,0.976,False,998.53,479.12,0.55,0.79,0.53,0.005
10.5,4111.92,0.825,998.36,475.54,201.15,26.74,49.63,15.52,31.91,0.913,False,1000.6,480.36,-2.24,-4.82,-1.27,-0.071
11.0,4043.1,0.825,1000.32,480.03,198.01,26.92,51.66,15.5,30.0,0.933,False,997.15,478.29,3.17,1.74,1.23,-0.03
11.5,4091.51,0.825,989.67,479.9,199.99,26.57,47.56,15.41,31.34,0.985,False,999.58,479.75,-9.91,0.15,-3.18,0.008
12.0,4052.45,0.825,1004.39,477.59,199.69,26.78,51.5,15.29,30.86,0.938,False,997.62,478.57,6.77,-0.98,1.01,-0.028
12.5,4085.45,0.825,996.58,479.88,201.92,26.71,48.67,15.52,33.26,0.928,False,999.27,479.56,-2.69,0.32,-2.04,-0.048
13.0,4103.58,0.825,999.61,480.56,200.24,26.82,51.26,15.6,31.98,1.009,False,1000.18,480.11,-0.57,0.45,0.43,0.028
13.5,4058.84,0.825,999.65,477.27,199.24,26.35,49.65,15.44,32.08,0.882,False,997.94,478.77,1.71,-1.5,-0.88,-0.086
14.0,4072.88,0.825,1006.07,479.39,195.62,26.6,50.77,15.51,31.08,0.989,False,998.64,479.19,7.43,0.2,0.15,0.017
14.5,4041.76,0.825,1002.21,477.01,200.62,26.48,52.68,15.38,31.19,0.963,False,997.09,478.25,5.12,-1.24,2.26,0.0
15.0,4053.01,0.825,1000.89,478.12,200.94,26.53,52.7,15.56,33.19,0.964,False,997.65,478.59,3.24,-0.47,2.21,-0.002
15.5,4074.21,0.825,1000.97,478.81,200.59,26.7,50.22,15.63,32.24,0.937,False,998.71,479.23,2.26,-0.42,-0.41,-0.035
16.0,4057.49,0.825,1000.19,475.34,198.18,26.17,52.41,15.66,31.13,0.928,False,997.87,478.72,2.32,-3.38,1.89,-0.039
16.5,4070.21,0.825,995.27,480.96,200.11,26.59,50.59,15.61,32.49,0.968,False,998.51,479.11,-3.24,1.85,-0.02,-0.003
17.0,4056.1,0.825,998.26,478.59,197.59,26.88,50.41,15.33,32.0,0.992,False,997.81,478.68,0.45,-0.09,-0.1,0.025
17.5,4061.38,0.825,999.88,479.77,197.69,26.85,51.58,15.61,29.43,0.985,False,998.07,478.84,1.81,0.93,1.03,0.017
18.0,4087.59,0.825,998.91,476.2,199.97,26.32,49.55,15.28,32.76,1.004,False,999.38,479.63,-0.47,-3.43,-1.17,0.028
18.5,4043.9,0.825,992.3,477.94,200.69,26.79,50.52,15.27,31.62,0.919,False,997.2,478.32,-4.9,-0.38,0.08,-0.044
19.0,4078.18,0.825,988.65,473.0,200.32,26.56,49.39,15.59,31.9,0.997,False,998.91,479.35,-10.26,-6.35,-1.27,0.024
19.5,4071.94,0.825,993.38,475.7,198.34,26.34,50.24,15.19,32.57,0.971,False,998.6,479.16,-5.22,-3.46,-0.38,-0.001
20.0,4073.3,0.825,996.03,478.53,198.13,26.56,51.37,15.51,30.96,0.986,False,998.66,479.2,-2.63,-0.67,0.74,0.014
20.5,4072.57,0.825,995.72,480.35,203.42,26.65,50.46,15.43,31.42,0.994,False,998.63,479.18,-2.91,1.17,-0.16,0.022
21.0,4069.46,0.825,995.1,477.63,199.47,26.91,49.67,15.49,30.06,1.017,False,998.47,479.08,-3.37,-1.45,-0.93,0.046
21.5,4043.41,0.825,997.15,474.19,197.97,26.51,52.97,15.52,31.0,0.978,False,997.17,478.3,-0.02,-4.11,2.54,0.015
22.0,4033.03,0.825,992.37,480.26,199.99,26.28,51.08,15.75,33.14,0.977,False,996.65,477.99,-4.28,2.27,0.72,0.017
22.5,4080.41,0.825,998.14,478.08,202.22,26.25,48.87,15.39,31.35,0.983,False,999.02,479.41,-0.88,-1.33,-1.8,0.009
23.0,4055.94,0.825,1002.78,477.68,197.4,26.68,49.13,15.86,32.89,0.968,False,997.8,478.68,4.98,-1.0,-1.38,0.001
23.5,4022.8,0.825,993.99,480.42,198.97,27.03,50.15,15.84,32.5,1.047,False,996.14,477.68,-2.15,2.74,-0.15,0.09
24.0,4052.99,0.825,999.51,475.9,197.23,26.88,49.16,15.74,31.37,0.957,False,997.65,478.59,1.86,-2.69,-1.33,-0.009
24.5,4061.15,0.825,1002.41,479.29,201.88,26.93,52.38,15.23,32.19,1.012,False,998.06,478.83,4.35,0.46,1.83,0.044
25.0,4073.91,0.825,1004.74,479.15,201.34,26.39,50.08,15.46,32.27,0.976,False,998.7,479.22,6.04,-0.07,-0.55,0.004
25.5,4063.55,0.825,998.92,471.7,198.12,26.57,49.73,15.54,31.87,0.943,False,998.18,478.91,0.74,-7.21,-0.83,-0.026
26.0,4026.35,0.825,995.02,482.24,198.83,26.78,53.17,15.39,31.33,0.98,False,996.32,477.79,-1.3,4.45,2.85,0.022
26.5,4057.62,0.825,1008.7,473.96,198.19,26.2,50.09,15.51,32.01,0.916,False,997.88,478.73,10.82,-4.77,-0.43,-0.051
27.0,4070.74,0.825,1002.62,483.35,200.87,26.63,54.41,15.45,29.32,0.928,False,998.54,479.12,4.08,4.23,3.8,-0.043
27.5,4062.36,0.825,994.6,480.1,199.34,26.49,49.87,15.66,31.38,0.981,False,998.12,478.87,-3.52,1.23,-0.69,0.012
28.0,4055.33,0.825,1000.45,477.79,195.02,26.61,50.64,15.5,32.4,0.991,False,997.77,478.66,2.68,-0.87,0.13,0.024
28.5,4074.09,0.825,1000.34,483.13,198.71,26.74,50.82,15.76,31.56,1.037,False,998.7,479.22,1.64,3.91,0.19,0.065
29.0,4071.04,0.825,1002.03,479.97,201.0,26.49,49.27,15.75,31.54,1.002,False,998.55,479.13,3.48,0.84,-1.34,0.031
29.5,4048.37,0.825,992.07,476.01,202.18,26.57,51.87,15.66,32.33,0.953,False,997.42,478.45,-5.35,-2.44,1.41,-0.012
30.0,4065.93,0.825,1002.34,476.34,199.33,26.96,51.16,15.53,30.31,1.002,False,998.3,478.98,4.04,-2.64,0.58,0.032
0.5,4091.34,0.8562,1017.41,491.13,201.57,27.04,50.46,16.09,33.21,1.021,False,1018.29,490.97,-0.88,0.16,-0.27,0.044
1.0,4141.76,0.8562,1032.6,491.95,202.57,26.46,51.15,16.11,32.44,1.019,False,1020.81,492.48,11.79,-0.53,0.02,0.026
1.5,4129.08,0.8562,1020.36,492.85,208.42,27.03,51.35,16.05,32.12,0.985,False,1020.17,492.1,0.19,0.75,0.32,-0.004
2.0,4168.34,0.8562,1010.9,491.08,203.4,27.05,52.1,15.83,31.73,0.949,False,1022.14,493.28,-11.24,-2.2,0.75,-0.052
2.5,4174.83,0.8562,1024.06,491.58,205.0,27.11,49.05,15.99,30.62,0.974,False,1022.46,493.48,1.6,-1.9,-2.35,-0.028
3.0,4177.07,0.8562,1030.44,489.84,202.02,27.21,51.79,16.31,33.35,1.073,False,1022.57,493.54,7.87,-3.7,0.37,0.07
3.5,4143.84,0.8562,1014.93,489.05,204.02,26.98,47.49,16.2,32.54,0.988,False,1020.91,492.55,-5.98,-3.5,-3.66,-0.005
4.0,4130.29,0.8562,1025.58,495.94,207.06,27.11,49.8,15.9,32.02,0.953,False,1020.23,492.14,5.35,3.8,-1.24,-0.036
4.5,4136.11,0.8562,1021.01,495.44,202.86,27.02,49.65,16.22,31.0,0.985,False,1020.53,492.32,0.48,3.12,-1.44,-0.006
5.0,4128.35,0.8562,1013.47,488.48,205.1,27.01,49.6,16.16,31.3,1.067,False,1020.14,492.08,-6.67,-3.6,-1.43,0.078
5.5,4153.02,0.8562,1016.63,492.47,201.78,26.64,51.8,16.03,32.09,0.94,False,1021.37,492.82,-4.74,-0.35,0.58,-0.056
6.0,4113.65,0.8562,1015.47,488.7,203.27,26.96,49.45,15.86,30.71,0.943,False,1019.4,491.64,-3.93,-2.94,-1.46,-0.041
6.5,4138.22,0.8562,1020.33,492.76,204.6,26.96,51.86,15.99,31.94,1.009,False,1020.63,492.38,-0.3,0.38,0.75,0.018
7.0,4133.11,0.8562,1021.2,494.56,202.93,27.1,50.58,16.02,31.68,0.998,False,1020.38,492.23,0.82,2.33,-0.48,0.008
7.5,4163.17,0.8562,1018.59,495.69,206.83,27.1,50.72,16.08,32.7,0.987,False,1021.88,493.13,-3.29,2.56,-0.59,-0.012
8.0,4132.81,0.8562,1002.72,491.45,204.74,26.79,50.31,16.04,32.46,0.968,False,1020.36,492.22,-17.64,-0.77,-0.75,-0.022
8.5,4148.51,0.8562,1016.35,489.81,200.55,26.76,52.64,16.09,31.69,0.905,False,1021.15,492.69,-4.8,-2.88,1.45,-0.09
9.0,4154.83,0.8562,1020.75,492.95,203.76,26.97,51.68,15.86,33.05,0.976,False,1021.46,492.88,-0.71,0.07,0.44,-0.02
9.5,4123.1,0.8562,1017.37,491.77,203.03,26.83,52.34,16.25,31.68,1.019,False,1019.88,491.93,-2.5,-0.16,1.36,0.032
10.0,4133.23,0.8562,1017.18,492.46,204.9,26.99,49.62,16.29,32.35,0.98,False,1020.38,492.23,-3.2,0.23,-1.45,-0.01
10.5,4166.74,0.8562,1024.71,495.13,207.69,27.05,48.6,15.91,32.16,0.918,False,1022.06,493.23,2.65,1.9,-2.73,-0.082
11.0,4148.87,0.8562,1016.27,498.3,205.34,26.88,51.41,16.12,32.27,1.023,False,1021.16,492.7,-4.89,5.6,0.22,0.028
11.5,4154.91,0.8562,1030.29,495.42,202.59,26.88,49.81,15.95,31.34,0.948,False,1021.47,492.88,8.82,2.54,-1.43,-0.048
12.0,4121.42,0.8562,1025.56,497.18,204.41,26.91,49.66,15.77,31.61,0.979,False,1019.79,491.87,5.77,5.31,-1.31,-0.007
12.5,4142.71,0.8562,1016.86,493.08,203.0,27.11,52.65,15.79,32.42,1.0,False,1020.86,492.51,-4.0,0.57,1.51,0.007
13.0,4115.08,0.8562,1018.04,494.0,202.62,26.99,50.74,16.19,31.1,0.944,False,1019.47,491.68,-1.43,2.32,-0.18,-0.041
13.5,4141.82,0.8562,1009.68,497.11,204.18,26.88,50.54,16.04,30.97,0.981,False,1020.81,492.49,-11.13,4.62,-0.59,-0.012
14.0,4124.65,0.8562,1015.96,490.48,199.95,27.05,50.02,16.14,31.6,0.959,False,1019.95,491.97,-3.99,-1.49,-0.98,-0.028
14.5,4159.7,0.8562,1020.5,489.37,201.31,27.12,49.13,16.03,31.63,0.999,False,1021.71,493.02,-1.21,-3.65,-2.15,0.001
15.0,4113.39,0.8562,1015.25,495.14,202.47,26.77,49.6,16.05,33.53,1.006,False,1019.39,491.63,-4.14,3.51,-1.31,0.022
15.5,4146.35,0.8562,1015.14,489.64,202.4,27.14,50.93,16.06,31.4,1.035,False,1021.04,492.62,-5.9,-2.98,-0.24,0.041
16.0,4144.16,0.8562,1019.31,497.92,207.11,27.26,50.66,16.01,30.73,0.998,False,1020.93,492.56,-1.62,5.36,-0.49,0.005
16.5,4131.61,0.8562,1037.07,491.88,207.55,27.15,49.97,16.1,31.17,0.961,False,1020.3,492.18,16.77,-0.3,-1.08,-0.028
17.0,4125.57,0.8562,1008.98,492.51,205.42,26.7,50.15,16.23,31.13,0.94,False,1020.0,492.0,-11.02,0.51,-0.85,-0.048
17.5,4132.26,0.8562,1027.62,491.6,203.39,26.53,50.37,16.07,31.95,0.991,False,1020.33,492.2,7.29,-0.6,-0.69,0.001
18.0,4150.07,0.8562,1022.3,491.27,201.71,26.87,51.58,16.07,32.75,0.935,False,1021.22,492.73,1.08,-1.46,0.38,-0.06
18.5,4145.07,0.8562,1022.93,493.23,201.1,26.68,49.46,15.86,31.46,0.981,False,1020.97,492.58,1.96,0.65,-1.7,-0.013
19.0,4161.31,0.8562,1025.12,484.39,203.94,26.83,51.66,16.13,31.44,0.976,False,1021.79,493.07,3.33,-8.68,0.37,-0.022
19.5,4098.77,0.8562,1020.71,491.79,201.7,26.94,51.66,15.82,31.1,0.98,False,1018.66,491.2,2.05,0.59,0.87,0.0
20.0,4127.94,0.8562,1020.05,485.67,200.23,26.71,49.31,16.21,31.94,0.976,False,1020.12,492.07,-0.07,-6.4,-1.71,-0.012
20.5,4160.95,0.8562,1029.27,495.15,203.21,27.17,50.49,15.99,30.91,0.999,False,1021.77,493.06,7.5,2.09,-0.8,0.001
21.0,4170.44,0.8562,1022.48,499.58,205.76,26.87,51.98,15.94,33.28,0.96,False,1022.24,493.35,0.24,6.23,0.62,-0.041
21.5,4144.25,0.8562,1016.68,493.45,203.18,27.11,51.15,15.9,32.18,1.062,False,1020.93,492.56,-4.25,0.89,-0.0,0.069
22.0,4146.85,0.8562,1024.87,497.77,202.59,27.22,51.05,15.93,31.41,0.971,False,1021.06,492.64,3.81,5.13,-0.12,-0.023
22.5,4142.26,0.8562,1018.0,493.53,203.3,27.2,50.08,16.55,30.74,0.979,False,1020.83,492.5,-2.83,1.03,-1.06,-0.014
23.0,4136.01,0.8562,1013.23,490.37,203.9,27.13,51.4,16.02,31.73,0.95,False,1020.52,492.31,-7.29,-1.94,0.31,-0.041
23.5,4122.21,0.8562,1016.74,492.57,202.1,26.97,49.89,15.99,32.98,1.037,False,1019.83,491.9,-3.09,0.67,-1.09,0.05
24.0,4158.99,0.8562,1019.36,496.32,205.3,27.07,51.02,16.1,31.56,1.008,False,1021.67,493.0,-2.31,3.32,-0.25,0.01
24.5,4141.77,0.8562,1023.5,487.73,201.34,26.51,50.99,16.22,31.69,0.936,False,1020.81,492.49,2.69,-4.76,-0.14,-0.057
25.0,4124.84,0.8562,1024.42,491.87,204.81,27.28,50.45,16.16,32.05,0.948,False,1019.96,491.98,4.46,-0.11,-0.55,-0.039
25.5,4131.1,0.8562,1036.48,492.5,204.43,26.92,49.87,15.95,31.01,0.992,False,1020.28,492.17,16.2,0.33,-1.18,0.003
26.0,4165.18,0.8562,1010.23,493.26,202.14,26.97,51.36,16.36,33.26,1.004,False,1021.98,493.19,-11.75,0.07,0.04,0.004
26.5,4152.49,0.8562,1018.32,493.35,205.57,26.9,51.99,15.96,31.04,0.996,False,1021.34,492.81,-3.02,0.54,0.77,0.0
27.0,4118.42,0.8562,1016.6,490.53,202.71,27.16,51.01,15.91,33.88,0.923,False,1019.64,491.78,-3.04,-1.25,0.06,-0.063
27.5,4152.83,0.8562,1029.29,489.12,203.31,26.95,49.54,16.08,32.81,0.992,False,1021.36,492.82,7.93,-3.7,-1.68,-0.004
28.0,4151.8,0.8562,1020.21,488.13,209.34,27.24,51.03,15.99,31.79,1.026,False,1021.31,492.79,-1.1,-4.66,-0.18,0.03
28.5,4149.07,0.8562,1032.44,495.49,201.06,27.18,49.89,15.99,33.1,1.032,False,1021.17,492.7,11.27,2.79,-1.3,0.037
29.0,4141.95,0.8562,1024.98,492.9,203.42,27.36,51.48,15.93,32.78,0.997,False,1020.82,492.49,4.16,0.41,0.34,0.004
29.5,4140.51,0.8562,1020.2,492.89,204.66,27.24,49.39,15.84,31.35,0.913,False,1020.75,492.45,-0.55,0.44,-1.73,-0.079
30.0,4094.93,0.8562,1014.49,490.72,208.13,26.44,48.06,16.05,30.13,1.046,False,1018.47,491.08,-3.98,-0.36,-2.7,0.068
0.5,4202.65,0.8875,1044.09,512.73,208.36,27.4,52.15,16.07,31.3,1.053,False,1042.63,505.58,1.46,7.15,0.53,0.042
1.0,4214.99,0.8875,1043.91,509.71,207.84,27.6,49.84,16.37,33.1,1.07,False,1043.25,505.95,0.66,3.76,-1.88,0.056
1.5,4196.95,0.8875,1035.33,507.52,210.99,27.33,50.16,16.58,31.91,1.017,False,1042.35,505.41,-7.02,2.11,-1.42,0.008
2.0,4213.33,0.8875,1040.22,507.12,206.92,27.26,50.49,16.53,32.08,0.98,False,1043.17,505.9,-2.95,1.22,-1.22,-0.034
2.5,4237.46,0.8875,1044.31,506.93,208.04,27.49,49.88,16.72,33.64,1.166,False,1044.37,506.62,-0.06,0.31,-2.02,0.145
3.0,4220.1,0.8875,1043.08,506.16,206.63,27.34,48.91,16.45,32.23,1.028,False,1043.51,506.1,-0.43,0.06,-2.85,0.012
3.5,4216.14,0.8875,1050.06,501.95,208.46,27.11,47.98,16.2,32.78,1.009,False,1043.31,505.98,6.75,-4.03,-3.75,-0.006
4.0,4224.75,0.8875,1044.7,506.4,210.28,27.52,47.75,16.55,32.39,0.928,False,1043.74,506.24,0.96,0.16,-4.05,-0.089
4.5,4251.23,0.8875,1053.14,501.0,207.15,27.63,48.74,16.45,31.72,1.018,False,1045.06,507.04,8.08,-6.04,-3.27,-0.007
5.0,4259.23,0.8875,1051.82,509.43,207.41,27.33,50.92,16.25,31.71,1.004,False,1045.46,507.28,6.36,2.15,-1.15,-0.024
5.5,4238.21,0.8875,1044.17,508.76,208.85,27.48,50.85,16.48,31.65,1.07,False,1044.41,506.65,-0.24,2.11,-1.06,0.049
6.0,4223.87,0.8875,1047.45,502.28,209.98,27.56,49.79,16.52,31.95,1.028,False,1043.69,506.22,3.76,-3.94,-2.0,0.011
6.5,4218.02,0.8875,1045.7,504.76,211.32,27.38,48.19,16.51,33.89,0.946,False,1043.4,506.04,2.3,-1.28,-3.55,-0.069
7.0,4232.41,0.8875,1039.89,510.17,206.21,27.64,51.13,16.35,32.7,1.008,False,1044.12,506.47,-4.23,3.7,-0.73,-0.012
7.5,4195.34,0.8875,1038.55,504.59,205.32,27.22,50.43,16.89,32.11,0.963,False,1042.27,505.36,-3.72,-0.77,-1.13,-0.046
8.0,4213.67,0.8875,1044.2,502.36,207.33,27.41,50.82,16.75,32.31,1.01,False,1043.18,505.91,1.02,-3.55,-0.89,-0.004
8.5,4206.18,0.8875,1046.42,506.18,207.16,27.51,49.0,16.35,31.99,0.975,False,1042.81,505.69,3.61,0.49,-2.65,-0.037
9.0,4250.96,0.8875,1054.35,508.75,208.03,27.19,50.63,16.47,32.31,0.993,False,1045.05,507.03,9.3,1.72,-1.38,-0.032
9.5,4245.73,0.8875,1043.61,508.96,208.67,27.7,54.19,16.46,32.37,1.081,False,1044.79,506.87,-1.18,2.09,2.22,0.057
10.0,4215.68,0.8875,1038.6,507.84,208.48,27.49,48.15,16.51,30.23,1.108,False,1043.28,505.97,-4.68,1.87,-3.58,0.093
10.5,4237.15,0.8875,1039.54,502.43,212.72,27.57,50.61,16.6,31.75,0.937,False,1044.36,506.61,-4.82,-4.18,-1.29,-0.084
11.0,4192.05,0.8875,1048.33,506.02,207.43,27.29,50.31,16.31,33.26,1.009,False,1042.1,505.26,6.23,0.76,-1.23,0.001
11.5,4212.82,0.8875,1045.62,510.37,210.93,27.39,52.33,16.47,33.12,1.105,False,1043.14,505.88,2.48,4.49,0.63,0.091
12.0,4258.98,0.8875,1035.69,505.81,209.03,27.3,50.11,16.49,32.26,1.007,False,1045.45,507.27,-9.76,-1.46,-1.96,-0.021
12.5,4235.75,0.8875,1048.69,509.84,207.13,27.45,50.24,16.64,33.01,0.986,False,1044.29,506.57,4.4,3.27,-1.65,-0.035
13.0,4200.85,0.8875,1052.4,505.14,210.16,27.69,49.9,16.54,31.13,0.998,False,1042.54,505.53,9.86,-0.39,-1.71,-0.012
13.5,4224.59,0.8875,1044.78,504.36,211.28,27.35,50.07,16.41,32.75,1.026,False,1043.73,506.24,1.05,-1.88,-1.73,0.009
14.0,4222.59,0.8875,1050.84,503.98,209.21,27.66,48.53,16.28,31.56,1.054,False,1043.63,506.18,7.21,-2.2,-3.25,0.037
14.5,4228.55,0.8875,1042.57,507.54,208.39,27.59,50.82,16.26,31.15,1.073,False,1043.93,506.36,-1.36,1.18,-1.01,0.054
15.0,4212.04,0.8875,1032.13,508.3,208.23,27.33,52.09,16.55,31.92,1.048,False,1043.1,505.86,-10.97,2.44,0.39,0.034
15.5,4216.09,0.8875,1045.33,512.17,203.4,27.37,51.29,16.42,30.92,1.025,False,1043.3,505.98,2.03,6.19,-0.44,0.01
16.0,4235.57,0.8875,1037.61,508.17,209.79,27.61,50.32,16.34,31.54,1.038,False,1044.28,506.57,-6.67,1.6,-1.56,0.017
16.5,4243.0,0.8875,1040.42,505.58,206.53,27.38,53.24,16.4,33.36,1.084,False,1044.65,506.79,-4.23,-1.21,1.3,0.061
17.0,4222.7,0.8875,1041.99,505.93,209.85,27.66,49.56,16.38,31.65,1.032,False,1043.63,506.18,-1.64,-0.25,-2.22,0.015
17.5,4239.6,0.8875,1042.81,504.54,210.76,27.65,47.45,16.52,31.6,1.013,False,1044.48,506.69,-1.67,-2.15,-4.47,-0.009
18.0,4191.46,0.8875,1043.59,504.68,209.72,27.33,51.1,16.3,30.92,1.035,False,1042.07,505.24,1.52,-0.56,-0.43,0.028
18.5,4230.87,0.8875,1047.45,510.99,207.83,27.33,53.49,16.65,31.54,1.007,False,1044.04,506.43,3.41,4.56,1.64,-0.012
19.0,4232.12,0.8875,1040.82,504.79,208.65,27.66,50.95,16.4,31.28,0.971,False,1044.11,506.46,-3.29,-1.67,-0.91,-0.049
19.5,4213.05,0.8875,1040.02,509.68,207.41,27.61,52.79,16.28,32.02,0.946,False,1043.15,505.89,-3.13,3.79,1.09,-0.068
20.0,4218.06,0.8875,1039.19,503.63,202.53,27.58,50.83,16.49,31.07,0.949,False,1043.4,506.04,-4.21,-2.41,-0.91,-0.066
20.5,4184.25,0.8875,1048.16,506.39,211.14,27.39,50.94,16.47,32.43,0.96,False,1041.71,505.03,6.45,1.36,-0.53,-0.045
21.0,4196.26,0.8875,1043.96,510.07,209.93,27.62,49.78,16.61,31.86,0.982,False,1042.31,505.39,1.65,4.68,-1.79,-0.027
21.5,4195.59,0.8875,1047.35,505.81,211.4,27.28,48.94,16.59,31.66,0.964,False,1042.28,505.37,5.07,0.44,-2.62,-0.045
22.0,4178.83,0.8875,1043.86,506.35,210.45,27.34,50.3,16.75,31.44,0.952,False,1041.44,504.86,2.42,1.49,-1.13,-0.052
22.5,4219.15,0.8875,1044.09,504.45,210.7,27.57,51.19,16.5,31.21,1.072,False,1043.46,506.07,0.63,-1.62,-0.56,0.056
23.0,4235.79,0.8875,1039.83,504.59,209.51,27.05,51.04,16.44,33.78,0.991,False,1044.29,506.57,-4.46,-1.98,-0.85,-0.03
23.5,4224.49,0.8875,1040.83,505.89,212.35,27.18,52.31,16.7,31.94,0.962,False,1043.72,506.23,-2.89,-0.34,0.51,-0.055
24.0,4189.4,0.8875,1049.85,510.51,208.6,27.28,49.22,16.63,31.71,1.034,False,1041.97,505.18,7.88,5.33,-2.3,0.027
24.5,4225.0,0.8875,1045.2,506.69,208.14,27.17,50.26,16.59,32.44,0.985,False,1043.75,506.25,1.45,0.44,-1.54,-0.033
25.0,4208.66,0.8875,1040.87,510.36,210.3,27.84,51.49,16.58,31.49,1.06,False,1042.93,505.76,-2.06,4.6,-0.18,0.047
25.5,4210.48,0.8875,1051.02,510.29,208.91,27.15,50.42,16.45,31.67,1.041,False,1043.02,505.81,8.0,4.48,-1.26,0.028
26.0,4234.67,0.8875,1043.26,504.92,210.18,27.34,49.88,16.46,32.72,1.032,False,1044.23,506.54,-0.97,-1.62,-2.0,0.012
26.5,4173.47,0.8875,1043.38,503.74,205.97,27.45,50.5,16.56,30.54,0.999,False,1041.17,504.7,2.21,-0.96,-0.89,-0.003
27.0,4197.53,0.8875,1040.79,504.3,209.14,27.07,48.5,16.58,31.46,1.083,False,1042.38,505.43,-1.59,-1.13,-3.08,0.074
27.5,4220.94,0.8875,1046.61,503.13,207.19,27.25,49.94,16.66,33.09,1.05,False,1043.55,506.13,3.06,-3.0,-1.83,0.034
28.0,4205.32,0.8875,1047.29,512.44,208.65,27.69,49.77,16.58,33.12,1.055,False,1042.77,505.66,4.52,6.78,-1.87,0.043
28.5,4205.53,0.8875,1048.57,505.77,208.18,27.49,51.59,16.37,31.31,0.966,False,1042.78,505.67,5.79,0.1,-0.05,-0.046
29.0,4202.22,0.8875,1045.47,503.93,210.27,27.33,50.8,16.48,32.34,1.046,False,1042.61,505.57,2.86,-1.64,-0.82,0.035
29.5,4229.72,0.8875,1051.59,506.29,208.45,27.37,51.57,16.55,33.01,0.993,False,1043.99,506.39,7.6,-0.1,-0.27,-0.026
30.0,4205.9,0.8875,1035.04,505.19,207.54,27.36,49.17,16.62,32.11,0.956,False,1042.8,505.68,-7.76,-0.49,-2.48,-0.056
0.5,4253.39,0.9,1049.8,514.12,210.46,27.36,51.2,16.56,31.76,1.052,False,1052.67,511.6,-2.87,2.52,-0.83,0.026
1.0,4262.13,0.9,1062.31,511.19,206.19,27.55,51.07,16.64,32.18,1.028,False,1053.11,511.86,9.2,-0.67,-1.03,-0.001
1.5,4312.06,0.9,1054.18,513.45,212.87,27.44,51.47,16.55,31.83,1.077,False,1055.6,513.36,-1.42,0.09,-1.03,0.033
2.0,4237.73,0.9,1053.03,510.41,210.88,27.61,50.31,16.82,31.24,1.169,False,1051.89,511.13,1.14,-0.72,-1.59,0.148
2.5,4283.06,0.9,1054.02,515.26,211.42,27.47,49.23,16.72,33.36,1.072,False,1054.15,512.49,-0.13,2.77,-3.03,0.037
3.0,4214.47,0.9,1054.15,511.55,208.72,27.5,51.58,16.74,31.66,1.063,False,1050.72,510.43,3.43,1.12,-0.14,0.049
3.5,4238.65,0.9,1053.91,511.05,209.65,27.09,52.15,16.93,32.77,1.036,False,1051.93,511.16,1.98,-0.11,0.24,0.014
4.0,4261.43,0.9,1054.15,513.37,206.0,27.99,51.56,16.8,31.95,1.055,False,1053.07,511.84,1.08,1.53,-0.53,0.027
4.5,4269.58,0.9,1051.29,511.23,209.33,27.68,49.13,16.79,34.39,1.094,False,1053.48,512.09,-2.19,-0.86,-3.03,0.063
5.0,4255.08,0.9,1061.48,514.46,210.91,27.52,49.15,16.89,31.82,1.052,False,1052.75,511.65,8.73,2.81,-2.89,0.025
5.5,4232.83,0.9,1060.32,507.94,210.17,27.18,51.05,16.59,32.49,1.088,False,1051.64,510.98,8.68,-3.04,-0.81,0.068
6.0,4291.64,0.9,1048.57,513.41,214.46,27.95,49.22,16.73,31.31,1.081,False,1054.58,512.75,-6.01,0.66,-3.11,0.044
6.5,4243.88,0.9,1054.84,512.31,210.98,27.67,50.6,16.48,33.49,1.02,False,1052.19,511.32,2.65,0.99,-1.35,-0.003
7.0,4269.16,0.9,1048.94,512.37,208.5,27.53,50.92,16.84,33.69,1.077,False,1053.46,512.07,-4.52,0.3,-1.23,0.046
7.5,4216.31,0.9,1052.85,508.24,206.46,27.63,50.07,16.77,31.83,1.044,False,1050.82,510.49,2.03,-2.25,-1.66,0.029
8.0,4290.98,0.9,1053.85,512.59,211.71,27.71,49.11,16.53,32.37,0.998,False,1054.55,512.73,-0.7,-0.14,-3.22,-0.039
8.5,4210.11,0.9,1049.38,514.91,209.28,27.18,49.54,16.51,31.33,1.093,False,1050.51,510.3,-1.13,4.61,-2.14,0.08
9.0,4252.02,0.9,1053.0,512.91,210.66,27.81,50.92,16.84,30.74,1.05,False,1052.6,511.56,0.4,1.35,-1.1,0.024
9.5,4228.03,0.9,1050.74,515.3,208.91,27.9,51.88,16.78,32.1,0.995,False,1051.4,510.84,-0.66,4.46,0.06,-0.023
10.0,4280.84,0.9,1051.82,508.44,207.29,27.39,50.67,16.95,32.1,0.968,False,1054.04,512.43,-2.22,-3.99,-1.58,-0.066
10.5,4268.1,0.9,1051.75,510.34,211.28,27.64,49.9,16.51,32.51,1.015,False,1053.4,512.04,-1.65,-1.7,-2.24,-0.015
11.0,4274.87,0.9,1045.79,511.06,211.8,28.04,51.97,16.61,33.44,1.001,False,1053.74,512.25,-7.95,-1.19,-0.23,-0.031
11.5,4272.31,0.9,1041.6,507.66,208.64,27.78,49.97,16.85,31.03,1.034,False,1053.62,512.17,-12.02,-4.51,-2.21,0.002
12.0,4237.71,0.9,1049.12,515.8,207.43,27.42,49.6,16.81,32.34,0.999,False,1051.89,511.13,-2.77,4.67,-2.3,-0.022
12.5,4274.65,0.9,1055.82,516.5,209.2,27.82,51.38,16.69,33.08,1.032,False,1053.73,512.24,2.09,4.26,-0.82,-0.0
13.0,4250.0,0.9,1049.95,506.6,210.79,27.43,51.18,16.75,30.73,0.984,False,1052.5,511.5,-2.55,-4.9,-0.82,-0.041
13.5,4209.36,0.9,1044.11,508.28,210.4,27.38,50.25,16.62,33.45,0.967,False,1050.47,510.28,-6.36,-2.0,-1.42,-0.046
14.0,4238.03,0.9,1055.16,510.04,210.07,27.74,49.53,16.66,32.3,1.003,False,1051.9,511.14,3.26,-1.1,-2.37,-0.018
14.5,4255.05,0.9,1052.22,511.72,214.6,27.62,50.82,16.73,30.59,0.942,False,1052.75,511.65,-0.53,0.07,-1.22,-0.085
15.0,4295.84,0.9,1050.67,505.73,212.16,27.8,52.19,16.65,32.11,0.93,False,1054.79,512.88,-4.12,-7.15,-0.18,-0.109
15.5,4265.27,0.9,1046.13,511.45,211.98,27.87,51.72,16.72,32.56,1.041,False,1053.26,511.96,-7.13,-0.51,-0.4,0.011
16.0,4247.83,0.9,1056.65,512.13,209.67,27.54,49.66,16.78,31.7,1.039,False,1052.39,511.43,4.26,0.7,-2.32,0.015
16.5,4216.66,0.9,1050.65,507.86,208.34,27.26,51.09,16.86,31.67,1.015,False,1050.83,510.5,-0.18,-2.64,-0.64,0.0
17.0,4258.38,0.9,1047.95,505.63,209.07,27.63,52.11,16.57,31.53,1.035,False,1052.92,511.75,-4.97,-6.12,0.04,0.007
17.5,4213.5,0.9,1056.9,514.23,214.66,27.85,51.03,16.65,31.99,1.027,False,1050.67,510.4,6.23,3.83,-0.68,0.013
18.0,4196.55,0.9,1054.63,510.63,213.44,27.68,48.47,16.49,31.37,1.036,False,1049.83,509.9,4.8,0.73,-3.1,0.027
18.5,4242.5,0.9,1047.71,512.98,210.9,27.73,51.13,16.62,33.87,1.038,False,1052.12,511.27,-4.41,1.71,-0.81,0.015
19.0,4226.57,0.9,1056.48,511.07,209.55,27.53,51.23,16.51,34.25,0.933,False,1051.33,510.8,5.15,0.27,-0.58,-0.085
19.5,4235.69,0.9,1050.78,517.82,208.18,27.61,49.96,16.85,33.74,0.989,False,1051.78,511.07,-1.0,6.75,-1.93,-0.032
20.0,4262.64,0.9,1051.99,514.58,210.17,27.75,51.9,16.73,31.48,1.03,False,1053.13,511.88,-1.14,2.7,-0.2,0.001
20.5,4254.72,0.9,1053.56,510.77,207.35,27.13,48.78,16.65,32.25,1.004,False,1052.74,511.64,0.82,-0.87,-3.26,-0.022
21.0,4230.79,0.9,1053.55,512.74,213.35,27.78,50.77,16.64,33.03,0.992,False,1051.54,510.92,2.01,1.82,-1.08,-0.027
21.5,4281.98,0.9,1047.16,505.07,209.94,27.91,52.27,16.73,31.89,1.016,False,1054.1,512.46,-6.94,-7.39,0.01,-0.019
22.0,4273.74,0.9,1044.38,509.94,210.48,27.74,50.63,16.82,32.89,0.982,False,1053.69,512.21,-9.31,-2.27,-1.56,-0.05
22.5,4254.49,0.9,1048.29,509.42,207.92,27.46,50.57,16.77,31.31,1.054,False,1052.72,511.63,-4.43,-2.21,-1.47,0.028
23.0,4246.15,0.9,1054.97,507.43,211.47,27.87,49.59,16.8,31.83,1.03,False,1052.31,511.38,2.66,-3.95,-2.38,0.006
23.5,4223.66,0.9,1043.06,513.18,207.96,27.48,49.57,16.71,31.05,1.063,False,1051.18,510.71,-8.12,2.47,-2.22,0.046
24.0,4257.44,0.9,1061.25,507.06,212.11,27.58,49.0,16.57,32.81,1.046,False,1052.87,511.72,8.38,-4.66,-3.06,0.019
24.5,4266.94,0.9,1048.62,518.17,209.53,27.7,50.22,16.66,33.92,1.004,False,1053.35,512.01,-4.73,6.16,-1.92,-0.026
25.0,4280.05,0.9,1048.37,516.35,209.7,27.08,51.04,16.8,31.29,0.994,False,1054.0,512.4,-5.63,3.95,-1.2,-0.04
25.5,4232.95,0.9,1045.58,508.75,208.97,27.57,50.2,16.77,32.44,1.024,False,1051.65,510.99,-6.07,-2.24,-1.66,0.004
26.0,4261.29,0.9,1060.13,507.27,213.06,27.65,50.85,16.77,33.46,0.948,False,1053.06,511.84,7.07,-4.57,-1.24,-0.08
26.5,4248.07,0.9,1047.51,512.47,211.39,27.5,48.25,16.7,31.01,1.09,False,1052.4,511.44,-4.89,1.03,-3.73,0.066
27.0,4216.43,0.9,1043.73,512.9,210.84,27.46,50.5,16.72,31.05,1.024,False,1050.82,510.49,-7.09,2.41,-1.23,0.009
27.5,4243.28,0.9,1063.52,511.84,207.92,27.95,51.5,16.61,33.01,1.015,False,1052.16,511.3,11.36,0.54,-0.45,-0.008
28.0,4269.31,0.9,1052.88,514.49,212.12,27.39,49.96,16.63,33.48,1.021,False,1053.47,512.08,-0.59,2.41,-2.19,-0.01
28.5,4264.86,0.9,1050.95,512.08,212.16,27.39,51.54,16.66,31.6,0.977,False,1053.24,511.95,-2.29,0.13,-0.58,-0.052
29.0,4276.5,0.9,1049.01,512.02,210.14,27.61,49.07,16.5,32.42,1.017,False,1053.83,512.3,-4.82,-0.28,-3.14,-0.016
29.5,4245.79,0.9,1057.98,511.18,211.93,27.88,50.37,16.71,32.39,0.984,False,1052.29,511.37,5.69,-0.19,-1.6,-0.04
30.0,4263.82,0.9,1054.68,508.83,210.66,27.44,53.28,16.59,32.24,0.989,False,1053.19,511.91,1.49,-3.08,1.17,-0.04
0.5,4234.91,0.9,1041.91,509.63,206.96,27.8,49.04,16.72,33.71,1.043,False,1051.75,511.05,-9.84,-1.42,-2.84,0.023
1.0,4222.68,0.9,1046.82,508.12,207.74,27.81,51.56,16.6,32.65,1.004,False,1051.13,510.68,-4.31,-2.56,-0.22,-0.013
1.5,4271.56,0.9,1056.77,511.1,209.96,27.67,51.1,16.76,32.69,1.049,False,1053.58,512.15,3.19,-1.05,-1.07,0.018
2.0,4252.1,0.9,1049.15,507.69,211.8,27.72,50.44,16.76,32.76,1.073,False,1052.61,511.56,-3.45,-3.87,-1.58,0.047
2.5,4277.84,0.9,1063.59,513.18,212.14,27.89,51.18,16.75,32.65,0.978,False,1053.89,512.34,9.7,0.84,-1.04,-0.055
3.0,4259.38,0.9,1053.84,510.52,213.53,27.26,49.54,16.41,32.59,1.013,False,1052.97,511.78,0.87,-1.26,-2.54,-0.015
3.5,4282.75,0.9,1063.35,507.86,213.85,27.68,50.37,16.58,32.88,1.03,False,1054.14,512.48,9.21,-4.62,-1.89,-0.005
4.0,4269.49,0.9,1044.64,513.68,213.55,27.4,50.14,16.63,32.19,1.069,False,1053.47,512.08,-8.83,1.6,-2.02,0.038
4.5,4257.92,0.9,1055.41,511.94,211.16,28.04,49.46,16.76,33.56,1.016,False,1052.9,511.74,2.51,0.2,-2.6,-0.011
5.0,4234.11,0.9,1054.49,511.26,211.66,28.01,49.15,16.75,33.51,1.022,False,1051.71,511.02,2.78,0.24,-2.72,0.002
5.5,4239.5,0.9,1041.96,511.61,213.18,27.96,50.11,16.64,32.72,1.057,False,1051.97,511.18,-10.01,0.43,-1.81,0.035
6.0,4243.85,0.9,1049.32,513.74,209.93,27.47,49.42,16.9,31.67,1.005,False,1052.19,511.32,-2.87,2.42,-2.53,-0.018
6.5,4257.4,0.9,1047.74,507.55,208.15,27.76,53.03,16.86,32.6,0.985,False,1052.87,511.72,-5.13,-4.17,0.97,-0.042
7.0,4248.72,0.9,1052.52,510.2,207.87,27.38,50.48,16.68,31.63,1.061,False,1052.44,511.46,0.08,-1.26,-1.51,0.036
7.5,4249.31,0.9,1041.27,511.59,207.68,27.72,50.84,16.59,31.19,0.953,False,1052.47,511.48,-11.2,0.11,-1.15,-0.072
8.0,4242.51,0.9,1052.61,512.2,211.87,27.25,51.7,16.72,31.01,1.061,False,1052.13,511.28,0.48,0.92,-0.24,0.038
8.5,4276.96,0.9,1056.2,510.45,208.5,27.71,50.03,16.51,32.42,1.008,False,1053.85,512.31,2.35,-1.86,-2.19,-0.025
9.0,4267.51,0.9,1051.17,512.22,211.62,27.44,51.11,16.63,32.62,0.946,False,1053.38,512.03,-2.21,0.19,-1.03,-0.084
9.5,4250.72,0.9,1053.12,509.77,209.74,27.77,49.78,16.75,31.43,0.988,False,1052.54,511.52,0.58,-1.75,-2.23,-0.037
10.0,4260.39,0.9,1046.58,513.17,213.54,27.51,50.08,16.56,32.53,1.088,False,1053.02,511.81,-6.44,1.36,-2.0,0.06
10.5,4261.3,0.9,1049.71,507.97,209.96,27.34,50.21,16.69,31.91,0.943,False,1053.07,511.84,-3.36,-3.87,-1.88,-0.085
11.0,4213.94,0.9,1051.37,508.35,209.27,27.8,51.01,16.57,30.37,1.086,False,1050.7,510.42,0.67,-2.07,-0.7,0.072
11.5,4248.4,0.9,1062.03,510.02,209.98,27.6,48.58,16.85,33.45,1.014,False,1052.42,511.45,9.61,-1.43,-3.41,-0.011
12.0,4200.23,0.9,1048.23,510.69,208.71,27.38,51.48,16.73,32.32,1.01,False,1050.01,510.01,-1.78,0.68,-0.12,-0.0
12.5,4242.6,0.9,1053.82,515.43,208.31,27.65,51.4,16.75,32.33,1.019,False,1052.13,511.28,1.69,4.15,-0.54,-0.004
13.0,4243.9,0.9,1049.03,512.72,210.44,27.98,51.53,16.6,32.87,0.983,False,1052.19,511.32,-3.16,1.4,-0.42,-0.04
13.5,4261.14,0.9,1046.31,515.59,212.03,27.36,51.81,16.65,32.2,1.049,False,1053.06,511.83,-6.75,3.76,-0.28,0.021
14.0,4246.47,0.9,1048.46,518.94,214.09,27.44,49.14,16.8,31.03,0.987,False,1052.32,511.39,-3.86,7.55,-2.83,-0.037
14.5,4259.72,0.9,1053.71,505.09,211.0,27.56,50.56,16.62,32.86,0.965,False,1052.99,511.79,0.72,-6.7,-1.52,-0.063
15.0,4225.21,0.9,1054.11,513.31,211.55,27.35,50.49,17.01,31.39,1.01,False,1051.26,510.76,2.85,2.55,-1.31,-0.008
15.5,4256.4,0.9,1047.86,512.63,209.6,27.41,49.56,16.67,30.89,1.092,False,1052.82,511.69,-4.96,0.94,-2.49,0.065
16.0,4277.53,0.9,1057.51,512.03,210.7,27.94,50.59,16.85,32.44,1.062,False,1053.88,512.33,3.63,-0.3,-1.63,0.029
16.5,4243.52,0.9,1056.63,503.12,208.75,27.72,50.03,16.95,33.95,1.065,False,1052.18,511.31,4.45,-8.19,-1.92,0.042
17.0,4269.09,0.9,1051.97,517.19,211.51,27.35,51.37,16.77,33.12,1.053,False,1053.45,512.07,-1.48,5.12,-0.78,0.022
17.5,4232.64,0.9,1047.1,509.91,210.83,27.55,48.93,16.75,32.34,1.007,False,1051.63,510.98,-4.53,-1.07,-2.93,-0.013
18.0,4269.98,0.9,1058.12,506.97,214.37,27.63,52.12,16.76,32.22,1.066,False,1053.5,512.1,4.62,-5.13,-0.04,0.035
18.5,4221.53,0.9,1054.44,506.71,211.4,27.84,50.59,16.76,32.29,1.065,False,1051.08,510.65,3.36,-3.94,-1.18,0.049
19.0,4234.72,0.9,1049.96,512.06,214.36,27.48,53.0,16.85,32.88,1.076,False,1051.74,511.04,-1.78,1.02,1.12,0.056
19.5,4225.87,0.9,1052.72,511.47,212.64,27.54,51.84,16.81,31.99,0.981,False,1051.29,510.78,1.43,0.69,0.03,-0.037
20.0,4260.2,0.9,1051.64,511.86,208.65,27.79,51.9,16.55,32.42,1.055,False,1053.01,511.81,-1.37,0.05,-0.18,0.027
20.5,4239.56,0.9,1051.55,514.84,214.37,27.65,50.79,16.59,31.41,1.016,False,1051.98,511.19,-0.43,3.65,-1.13,-0.006
21.0,4277.16,0.9,1045.59,511.63,214.18,27.66,49.81,16.68,31.87,1.005,False,1053.86,512.31,-8.27,-0.68,-2.41,-0.028
21.5,4252.07,0.9,1048.76,514.6,210.23,27.59,49.41,16.46,32.13,0.998,False,1052.6,511.56,-3.84,3.04,-2.61,-0.028
22.0,4267.92,0.9,1053.04,511.71,211.56,27.6,50.95,16.52,32.24,1.02,False,1053.4,512.04,-0.36,-0.33,-1.19,-0.01
22.5,4225.02,0.9,1049.47,509.8,210.04,27.56,51.43,16.51,32.71,0.99,False,1051.25,510.75,-1.78,-0.95,-0.37,-0.028
23.0,4281.37,0.9,1041.52,505.27,213.34,27.72,51.44,16.6,31.42,0.996,False,1054.07,512.44,-12.55,-7.17,-0.81,-0.038
23.5,4233.13,0.9,1056.12,511.98,210.84,27.56,49.82,16.85,31.76,0.993,False,1051.66,510.99,4.46,0.99,-2.05,-0.027
24.0,4261.3,0.9,1052.66,507.4,206.16,28.05,49.93,16.76,31.04,1.053,False,1053.07,511.84,-0.4,-4.44,-2.16,0.025
24.5,4257.75,0.9,1056.18,511.72,210.12,27.8,50.65,16.91,32.6,0.979,False,1052.89,511.73,3.29,-0.01,-1.41,-0.048
25.0,4255.88,0.9,1046.67,510.96,212.88,27.5,49.73,16.99,32.34,0.998,False,1052.79,511.68,-6.12,-0.72,-2.32,-0.029
25.5,4237.62,0.9,1052.1,512.83,208.35,27.78,49.71,16.84,31.57,1.005,False,1051.88,511.13,0.22,1.7,-2.19,-0.016
26.0,4227.6,0.9,1050.61,502.16,211.88,27.63,47.52,16.73,31.95,1.005,False,1051.38,510.83,-0.77,-8.67,-4.3,-0.013
26.5,4281.03,0.9,1049.6,513.66,211.96,27.95,50.98,16.76,32.74,1.021,False,1054.05,512.43,-4.45,1.23,-1.27,-0.013
27.0,4198.87,0.9,1053.05,512.45,210.46,27.71,51.06,16.75,33.43,1.035,False,1049.94,509.97,3.11,2.48,-0.53,0.025
27.5,4236.83,0.9,1061.17,508.97,209.29,28.0,51.06,16.84,32.28,1.093,False,1051.84,511.1,9.33,-2.13,-0.83,0.072
28.0,4258.95,0.9,1054.98,506.02,211.52,27.77,48.86,16.68,33.33,1.089,False,1052.95,511.77,2.03,-5.75,-3.21,0.061
28.5,4257.83,0.9,1055.71,510.77,216.35,27.49,49.58,16.65,30.87,1.043,False,1052.89,511.73,2.82,-0.96,-2.48,0.016
29.0,4253.66,0.9,1042.06,509.53,209.02,27.71,49.87,16.54,32.23,1.005,False,1052.68,511.61,-10.62,-2.08,-2.16,-0.021
29.5,4242.83,0.9,1060.07,509.07,211.77,27.85,50.99,16.54,31.56,1.031,False,1052.14,511.28,7.93,-2.21,-0.95,0.008
30.0,4261.83,0.9,1053.74,512.33,208.79,27.62,50.77,16.62,33.2,1.059,False,1053.09,511.85,0.65,0.48,-1.32,0.03
